
build/main.elf:     file format elf32-littlearm

Sections:
Idx Name          Size      VMA       LMA       File off  Algn
  0 .text         0000780c  08000000  0c000000  00001000  2**6
                  CONTENTS, ALLOC, LOAD, READONLY, CODE
  1 .eh_frame     00000088  0800780c  0c00780c  0000880c  2**2
                  CONTENTS, ALLOC, LOAD, READONLY, DATA
  2 .ARM.exidx    00000008  08007894  0c007894  00008894  2**2
                  CONTENTS, ALLOC, LOAD, READONLY, DATA
  3 Stack         00000800  10000000  10000000  0000a000  2**0
                  ALLOC
  4 .ram_code     00000000  10000800  10000800  000096b4  2**0
                  CONTENTS
  5 PSRAM_DATA    00000000  10000800  10000800  000096b4  2**0
                  CONTENTS
  6 PSRAM_BSS     00000000  10000800  10000800  000096b4  2**0
                  CONTENTS
  7 .data         000006b4  20000000  0c00789c  00009000  2**3
                  CONTENTS, ALLOC, LOAD, DATA
  8 .bss          00000184  200006b4  0c007f50  000096b4  2**2
                  ALLOC
  9 .no_init      00000014  2000ffc0  2000ffc0  00009fc0  2**2
                  ALLOC
 10 DSRAM2_DATA   00000000  30000000  30000000  000096b4  2**0
                  CONTENTS
 11 DSRAM2_BSS    00000000  30000000  30000000  000096b4  2**0
                  CONTENTS
 12 .debug_aranges 00000898  00000000  00000000  000096b8  2**3
                  CONTENTS, READONLY, DEBUGGING, OCTETS
 13 .debug_info   0001cb26  00000000  00000000  00009f50  2**0
                  CONTENTS, READONLY, DEBUGGING, OCTETS
 14 .debug_abbrev 0000711a  00000000  00000000  00026a76  2**0
                  CONTENTS, READONLY, DEBUGGING, OCTETS
 15 .debug_line   0000d542  00000000  00000000  0002db90  2**0
                  CONTENTS, READONLY, DEBUGGING, OCTETS
 16 .debug_frame  00001540  00000000  00000000  0003b0d4  2**2
                  CONTENTS, READONLY, DEBUGGING, OCTETS
 17 .debug_str    00073bcc  00000000  00000000  0003c614  2**0
                  CONTENTS, READONLY, DEBUGGING, OCTETS
 18 .debug_loc    0000060c  00000000  00000000  000b01e0  2**0
                  CONTENTS, READONLY, DEBUGGING, OCTETS
 19 .debug_ranges 000000b8  00000000  00000000  000b07ec  2**0
                  CONTENTS, READONLY, DEBUGGING, OCTETS
 20 .build_attributes 00000b92  00000000  00000000  000b08a4  2**0
                  CONTENTS, READONLY
 21 .debug_macro  00018126  00000000  00000000  000b1436  2**0
                  CONTENTS, READONLY, DEBUGGING, OCTETS
 22 .debug_line_str 00000151  00000000  00000000  000c955c  2**0
                  CONTENTS, READONLY, DEBUGGING, OCTETS
 23 .debug_loclists 0000b5cd  00000000  00000000  000c96ad  2**0
                  CONTENTS, READONLY, DEBUGGING, OCTETS
 24 .debug_rnglists 000004c1  00000000  00000000  000d4c7a  2**0
                  CONTENTS, READONLY, DEBUGGING, OCTETS

Disassembly of section .text:

08000000 <__Vectors>:
 8000000:	00 08 00 10 01 02 00 08 b1 02 00 08 b1 02 00 08     ................
 8000010:	b1 02 00 08 b1 02 00 08 b1 02 00 08 00 00 00 00     ................
	...
 800002c:	b1 02 00 08 b1 02 00 08 00 00 00 00 b1 02 00 08     ................
 800003c:	b1 02 00 08 b1 02 00 08 b1 02 00 08 b1 02 00 08     ................
 800004c:	b1 02 00 08 b1 02 00 08 b1 02 00 08 b1 02 00 08     ................
 800005c:	b1 02 00 08 b1 02 00 08 00 00 00 00 00 00 00 00     ................
 800006c:	00 00 00 00 b1 02 00 08 00 00 00 00 b1 02 00 08     ................
 800007c:	b1 02 00 08 b1 02 00 08 b1 02 00 08 b1 02 00 08     ................
 800008c:	b1 02 00 08 b1 02 00 08 b1 02 00 08 b1 02 00 08     ................
 800009c:	b1 02 00 08 b1 02 00 08 b1 02 00 08 b1 02 00 08     ................
 80000ac:	b1 02 00 08 b1 02 00 08 b1 02 00 08 b1 02 00 08     ................
 80000bc:	b1 02 00 08 b1 02 00 08 b1 02 00 08 b1 02 00 08     ................
 80000cc:	b1 02 00 08 b1 02 00 08 b1 02 00 08 b1 02 00 08     ................
 80000dc:	b1 02 00 08 b1 02 00 08 b1 02 00 08 b1 02 00 08     ................
 80000ec:	b1 02 00 08 b1 02 00 08 b1 02 00 08 b1 02 00 08     ................
 80000fc:	b1 02 00 08 b1 02 00 08 b1 02 00 08 b1 02 00 08     ................
 800010c:	b1 02 00 08 b1 02 00 08 b1 02 00 08 b1 02 00 08     ................
 800011c:	b1 02 00 08 b1 02 00 08 b1 02 00 08 b1 02 00 08     ................
 800012c:	b1 02 00 08 b1 02 00 08 b1 02 00 08 b1 02 00 08     ................
 800013c:	b1 02 00 08 b1 02 00 08 b1 02 00 08 b1 02 00 08     ................
 800014c:	b1 02 00 08 b1 02 00 08 b1 02 00 08 b1 02 00 08     ................
 800015c:	b1 02 00 08 00 00 00 00 00 00 00 00 00 00 00 00     ................
 800016c:	00 00 00 00 b1 02 00 08 b1 02 00 08 b1 02 00 08     ................
 800017c:	b1 02 00 08 b1 02 00 08 b1 02 00 08 b1 02 00 08     ................
 800018c:	b1 02 00 08 b1 02 00 08 b1 02 00 08 b1 02 00 08     ................
 800019c:	b1 02 00 08 b1 02 00 08 b1 02 00 08 b1 02 00 08     ................
 80001ac:	b1 02 00 08 b1 02 00 08 b1 02 00 08 b1 02 00 08     ................
 80001bc:	b1 02 00 08 b1 02 00 08 b1 02 00 08 b1 02 00 08     ................
 80001cc:	b1 02 00 08 b1 02 00 08 b1 02 00 08 b1 02 00 08     ................
 80001dc:	00 00 00 00 b1 02 00 08 b1 02 00 08 b1 02 00 08     ................
 80001ec:	b1 02 00 08 b1 02 00 08 00 00 00 00 b1 02 00 08     ................
 80001fc:	00 00 00 00                                         ....

08000200 <Reset_Handler>:
 8000200:	f8df d08c 	ldr.w	sp, [pc, #140]	@ 8000290 <__zero_table_end__>
 8000204:	4823      	ldr	r0, [pc, #140]	@ (8000294 <__zero_table_end__+0x4>)
 8000206:	4780      	blx	r0
 8000208:	4c23      	ldr	r4, [pc, #140]	@ (8000298 <__zero_table_end__+0x8>)
 800020a:	4d24      	ldr	r5, [pc, #144]	@ (800029c <__zero_table_end__+0xc>)
 800020c:	42ac      	cmp	r4, r5
 800020e:	da09      	bge.n	8000224 <Reset_Handler+0x24>
 8000210:	6821      	ldr	r1, [r4, #0]
 8000212:	6862      	ldr	r2, [r4, #4]
 8000214:	68a3      	ldr	r3, [r4, #8]
 8000216:	3b04      	subs	r3, #4
 8000218:	bfa2      	ittt	ge
 800021a:	58c8      	ldrge	r0, [r1, r3]
 800021c:	50d0      	strge	r0, [r2, r3]
 800021e:	e7fa      	bge.n	8000216 <Reset_Handler+0x16>
 8000220:	340c      	adds	r4, #12
 8000222:	e7f3      	b.n	800020c <Reset_Handler+0xc>
 8000224:	4b1e      	ldr	r3, [pc, #120]	@ (80002a0 <__zero_table_end__+0x10>)
 8000226:	4c1f      	ldr	r4, [pc, #124]	@ (80002a4 <__zero_table_end__+0x14>)
 8000228:	42a3      	cmp	r3, r4
 800022a:	da08      	bge.n	800023e <Reset_Handler+0x3e>
 800022c:	6819      	ldr	r1, [r3, #0]
 800022e:	685a      	ldr	r2, [r3, #4]
 8000230:	2000      	movs	r0, #0
 8000232:	3a04      	subs	r2, #4
 8000234:	bfa4      	itt	ge
 8000236:	5088      	strge	r0, [r1, r2]
 8000238:	e7fb      	bge.n	8000232 <Reset_Handler+0x32>
 800023a:	3308      	adds	r3, #8
 800023c:	e7f4      	b.n	8000228 <Reset_Handler+0x28>
 800023e:	481a      	ldr	r0, [pc, #104]	@ (80002a8 <__zero_table_end__+0x18>)
 8000240:	4780      	blx	r0
 8000242:	481a      	ldr	r0, [pc, #104]	@ (80002ac <__zero_table_end__+0x1c>)
 8000244:	4780      	blx	r0
	...

08000248 <__copy_table_start__>:
 8000248:	0c00789c 	.word	0x0c00789c
 800024c:	20000000 	.word	0x20000000
 8000250:	000006b4 	.word	0x000006b4
 8000254:	0c007f50 	.word	0x0c007f50
 8000258:	30000000 	.word	0x30000000
 800025c:	00000000 	.word	0x00000000
 8000260:	0c00789c 	.word	0x0c00789c
 8000264:	10000800 	.word	0x10000800
 8000268:	00000000 	.word	0x00000000
 800026c:	0c00789c 	.word	0x0c00789c
 8000270:	10000800 	.word	0x10000800
 8000274:	00000000 	.word	0x00000000

08000278 <__copy_table_end__>:
 8000278:	200006b4 	.word	0x200006b4
 800027c:	00000180 	.word	0x00000180
 8000280:	30000000 	.word	0x30000000
 8000284:	00000000 	.word	0x00000000
 8000288:	10000800 	.word	0x10000800
 800028c:	00000000 	.word	0x00000000

08000290 <__zero_table_end__>:
 8000290:	10000800 	.word	0x10000800
 8000294:	080006bd 	.word	0x080006bd
 8000298:	08000248 	.word	0x08000248
 800029c:	08000278 	.word	0x08000278
 80002a0:	08000278 	.word	0x08000278
 80002a4:	08000290 	.word	0x08000290
 80002a8:	08000825 	.word	0x08000825
 80002ac:	080002b5 	.word	0x080002b5

080002b0 <BusFault_Handler>:
 80002b0:	e7fe      	b.n	80002b0 <BusFault_Handler>
	...

080002b4 <main>:

  XMC_GPIO_Init(XMC_GPIO_PORT1, 0, &LED_config);
*/

int main(void) 
{
 80002b4:	b580      	push	{r7, lr}
 80002b6:	af00      	add	r7, sp, #0
  // initCCU4();
  const char* word = "I CAN MORSE";
  printf("UART ready @115200\r\n");
 80002b8:	4803      	ldr	r0, [pc, #12]	@ (80002c8 <main+0x14>)
 80002ba:	f000 fc23 	bl	8000b04 <puts>
  ConvertWordToMorseWord(word);
 80002be:	4803      	ldr	r0, [pc, #12]	@ (80002cc <main+0x18>)
 80002c0:	f000 f866 	bl	8000390 <ConvertWordToMorseWord>

  while(1);
 80002c4:	e7fe      	b.n	80002c4 <main+0x10>
 80002c6:	bf00      	nop
 80002c8:	080071d4 	.word	0x080071d4
 80002cc:	080071e8 	.word	0x080071e8

080002d0 <connectLED>:
  /* Start slice 2 in CCU4 instance 0 by setting run bit*/
  CCU40_CC42->TCSET = CCU4_CC4_TCSET_TRBS_Msk;
}

void connectLED(void) 
{
 80002d0:	b480      	push	{r7}
 80002d2:	af00      	add	r7, sp, #0
  /* Bit mask for alternate function 3 with push-pull output */
  static const uint8_t PP_ALT3 = 0b10011;
  PORT1->IOCR0 = (PORT1->IOCR0 & ~PORT1_IOCR0_PC1_Msk) | (PP_ALT3 << PORT1_IOCR0_PC1_Pos);
 80002d4:	4a05      	ldr	r2, [pc, #20]	@ (80002ec <connectLED+0x1c>)
 80002d6:	6913      	ldr	r3, [r2, #16]
 80002d8:	f423 4378 	bic.w	r3, r3, #63488	@ 0xf800
 80002dc:	f443 4318 	orr.w	r3, r3, #38912	@ 0x9800
 80002e0:	6113      	str	r3, [r2, #16]
}
 80002e2:	46bd      	mov	sp, r7
 80002e4:	f85d 7b04 	ldr.w	r7, [sp], #4
 80002e8:	4770      	bx	lr
 80002ea:	bf00      	nop
 80002ec:	48028100 	.word	0x48028100

080002f0 <initCCU4>:
{
 80002f0:	b5f8      	push	{r3, r4, r5, r6, r7, lr}
 80002f2:	af00      	add	r7, sp, #0
  SCU_RESET->PRCLR0 = SCU_RESET_PRCLR0_CCU40RS_Msk;
 80002f4:	2604      	movs	r6, #4
 80002f6:	4b0c      	ldr	r3, [pc, #48]	@ (8000328 <initCCU4+0x38>)
 80002f8:	615e      	str	r6, [r3, #20]
  SCU_CLK->CLKSET = SCU_CLK_CLKSET_CCUCEN_Msk;
 80002fa:	f503 7300 	add.w	r3, r3, #512	@ 0x200
 80002fe:	2210      	movs	r2, #16
 8000300:	605a      	str	r2, [r3, #4]
  CCU40->GIDLC = CCU4_GIDLC_SPRB_Msk;
 8000302:	4d0a      	ldr	r5, [pc, #40]	@ (800032c <initCCU4+0x3c>)
 8000304:	f44f 7380 	mov.w	r3, #256	@ 0x100
 8000308:	60eb      	str	r3, [r5, #12]
  CCU40_CC42->PRS = 0xFFFF;
 800030a:	4c09      	ldr	r4, [pc, #36]	@ (8000330 <initCCU4+0x40>)
 800030c:	f64f 72ff 	movw	r2, #65535	@ 0xffff
 8000310:	6362      	str	r2, [r4, #52]	@ 0x34
  CCU40_CC42->CRS = (1 - 0.01) * 0xFFFF;
 8000312:	f64f 526f 	movw	r2, #64879	@ 0xfd6f
 8000316:	63e2      	str	r2, [r4, #60]	@ 0x3c
  CCU40->GCSS = CCU4_GCSS_S2SE_Msk;
 8000318:	612b      	str	r3, [r5, #16]
  connectLED();
 800031a:	f7ff ffd9 	bl	80002d0 <connectLED>
  CCU40->GIDLC = CCU4_GIDLC_CS2I_Msk;
 800031e:	60ee      	str	r6, [r5, #12]
  CCU40_CC42->TCSET = CCU4_CC4_TCSET_TRBS_Msk;
 8000320:	2301      	movs	r3, #1
 8000322:	60e3      	str	r3, [r4, #12]
}
 8000324:	bdf8      	pop	{r3, r4, r5, r6, r7, pc}
 8000326:	bf00      	nop
 8000328:	50004400 	.word	0x50004400
 800032c:	4000c000 	.word	0x4000c000
 8000330:	4000c300 	.word	0x4000c300

08000334 <SendLetterFromMorseWord>:

#include "MORSE_ENCODER.h"
#include "MORSE_ALPHABET.h"

void SendLetterFromMorseWord (const char* letter)
{
 8000334:	e92d 41f0 	stmdb	sp!, {r4, r5, r6, r7, r8, lr}
 8000338:	af00      	add	r7, sp, #0
 800033a:	4680      	mov	r8, r0
  uint32_t len = strlen(letter);
 800033c:	f000 fa00 	bl	8000740 <strlen>
 8000340:	4605      	mov	r5, r0
  for (uint32_t i = 0; i < len; i++)
 8000342:	2400      	movs	r4, #0
 8000344:	e008      	b.n	8000358 <SendLetterFromMorseWord+0x24>
    bool is_next_char_eof = (i == len - 1);
    
    if (letter[i] == '.')
    {
      // ON 100ms (DOT)
      printf("on 1u, ");
 8000346:	480e      	ldr	r0, [pc, #56]	@ (8000380 <SendLetterFromMorseWord+0x4c>)
 8000348:	f000 fd70 	bl	8000e2c <printf>
    {
      // ON 300ms (DASH)
      printf("on 3u, ");
    }

    if (is_next_char_eof == false)
 800034c:	42a6      	cmp	r6, r4
 800034e:	d010      	beq.n	8000372 <SendLetterFromMorseWord+0x3e>
    {
      // OFF 100ms (INTRA_SYMBOL_GAP)
      printf("off 1u, ");
 8000350:	480c      	ldr	r0, [pc, #48]	@ (8000384 <SendLetterFromMorseWord+0x50>)
 8000352:	f000 fd6b 	bl	8000e2c <printf>
  for (uint32_t i = 0; i < len; i++)
 8000356:	3401      	adds	r4, #1
 8000358:	42ac      	cmp	r4, r5
 800035a:	d20e      	bcs.n	800037a <SendLetterFromMorseWord+0x46>
    bool is_next_char_eof = (i == len - 1);
 800035c:	1e6e      	subs	r6, r5, #1
    if (letter[i] == '.')
 800035e:	f818 3004 	ldrb.w	r3, [r8, r4]
 8000362:	2b2e      	cmp	r3, #46	@ 0x2e
 8000364:	d0ef      	beq.n	8000346 <SendLetterFromMorseWord+0x12>
    else if (letter[i] == '-')
 8000366:	2b2d      	cmp	r3, #45	@ 0x2d
 8000368:	d1f0      	bne.n	800034c <SendLetterFromMorseWord+0x18>
      printf("on 3u, ");
 800036a:	4807      	ldr	r0, [pc, #28]	@ (8000388 <SendLetterFromMorseWord+0x54>)
 800036c:	f000 fd5e 	bl	8000e2c <printf>
 8000370:	e7ec      	b.n	800034c <SendLetterFromMorseWord+0x18>
    }
    else 
    {
      printf("return, ");
 8000372:	4806      	ldr	r0, [pc, #24]	@ (800038c <SendLetterFromMorseWord+0x58>)
 8000374:	f000 fd5a 	bl	8000e2c <printf>
 8000378:	e7ed      	b.n	8000356 <SendLetterFromMorseWord+0x22>
    }
  }
}
 800037a:	e8bd 81f0 	ldmia.w	sp!, {r4, r5, r6, r7, r8, pc}
 800037e:	bf00      	nop
 8000380:	080071f4 	.word	0x080071f4
 8000384:	08007204 	.word	0x08007204
 8000388:	080071fc 	.word	0x080071fc
 800038c:	08007210 	.word	0x08007210

08000390 <ConvertWordToMorseWord>:

// C (-.-.) => ON 3u, OFF 1u, ON 1u, OFF 1u, ON 3u, OFF 1u, ON 1u, then OFF 3u (letter gap)
// A (.-)   => ON 1u, OFF 1u, ON 3u, then OFF 3u (letter gap)
// N (-.)   => ON 3u, OFF 1u, ON 1u, then OFF 7u (word gap)
void ConvertWordToMorseWord(const char* word) 
{
 8000390:	e92d 43f8 	stmdb	sp!, {r3, r4, r5, r6, r7, r8, r9, lr}
 8000394:	af00      	add	r7, sp, #0
 8000396:	4606      	mov	r6, r0
  // Word = I CAN MORSE
  for (uint32_t i = 0; i <= strlen(word); i++)
 8000398:	2500      	movs	r5, #0
 800039a:	e00a      	b.n	80003b2 <ConvertWordToMorseWord+0x22>
                                      );

      if (is_letter_ascii_id_valid)
      {
        character_morse_equivalent = MORSE_ALPHABET[letter_ascii_id];
        SendLetterFromMorseWord(character_morse_equivalent);
 800039c:	4a18      	ldr	r2, [pc, #96]	@ (8000400 <ConvertWordToMorseWord+0x70>)
 800039e:	f852 0023 	ldr.w	r0, [r2, r3, lsl #2]
 80003a2:	f7ff ffc7 	bl	8000334 <SendLetterFromMorseWord>

        if (is_next_letter_space)
 80003a6:	f1b9 0f20 	cmp.w	r9, #32
 80003aa:	d01a      	beq.n	80003e2 <ConvertWordToMorseWord+0x52>
        {
          i++;
          // OFF LIGHT 700ms (WORD_GAP)
          printf("off 7u, ");
        }        
        else if (is_next_letter_eof == false)
 80003ac:	42ac      	cmp	r4, r5
 80003ae:	d11d      	bne.n	80003ec <ConvertWordToMorseWord+0x5c>
  for (uint32_t i = 0; i <= strlen(word); i++)
 80003b0:	3501      	adds	r5, #1
 80003b2:	4630      	mov	r0, r6
 80003b4:	f000 f9c4 	bl	8000740 <strlen>
 80003b8:	42a8      	cmp	r0, r5
 80003ba:	d31f      	bcc.n	80003fc <ConvertWordToMorseWord+0x6c>
    if (i != strlen(word))
 80003bc:	42a8      	cmp	r0, r5
 80003be:	d019      	beq.n	80003f4 <ConvertWordToMorseWord+0x64>
      uint32_t letter_ascii_id = (unsigned char)word[i];
 80003c0:	5d73      	ldrb	r3, [r6, r5]
      bool is_next_letter_space = (word[i+1] == ' ');
 80003c2:	f105 0801 	add.w	r8, r5, #1
 80003c6:	f816 9008 	ldrb.w	r9, [r6, r8]
      bool is_next_letter_eof = (i == strlen(word) - 1);
 80003ca:	1e44      	subs	r4, r0, #1
                                        (letter_ascii_id >= 65 && letter_ascii_id <= 90) || // A-Z
 80003cc:	f1a3 0241 	sub.w	r2, r3, #65	@ 0x41
                                        (letter_ascii_id >= 48 && letter_ascii_id <= 57) || // 0-9
 80003d0:	2a19      	cmp	r2, #25
 80003d2:	d9e3      	bls.n	800039c <ConvertWordToMorseWord+0xc>
 80003d4:	f1a3 0230 	sub.w	r2, r3, #48	@ 0x30
                                        (letter_ascii_id >= 65 && letter_ascii_id <= 90) || // A-Z
 80003d8:	2a09      	cmp	r2, #9
 80003da:	d9df      	bls.n	800039c <ConvertWordToMorseWord+0xc>
                                        (letter_ascii_id >= 48 && letter_ascii_id <= 57) || // 0-9
 80003dc:	2b20      	cmp	r3, #32
 80003de:	d1e7      	bne.n	80003b0 <ConvertWordToMorseWord+0x20>
 80003e0:	e7dc      	b.n	800039c <ConvertWordToMorseWord+0xc>
          printf("off 7u, ");
 80003e2:	4808      	ldr	r0, [pc, #32]	@ (8000404 <ConvertWordToMorseWord+0x74>)
 80003e4:	f000 fd22 	bl	8000e2c <printf>
          i++;
 80003e8:	4645      	mov	r5, r8
 80003ea:	e7e1      	b.n	80003b0 <ConvertWordToMorseWord+0x20>
        {
          // OFF LIGHT 300ms (LETTER_GAP)
          printf("off 3u, ");
 80003ec:	4806      	ldr	r0, [pc, #24]	@ (8000408 <ConvertWordToMorseWord+0x78>)
 80003ee:	f000 fd1d 	bl	8000e2c <printf>
 80003f2:	e7dd      	b.n	80003b0 <ConvertWordToMorseWord+0x20>
      }
    }
    else 
    {
      // OFF LIGHT 5000ms (SENTENCE_GAP)
      printf("off 50u, ");
 80003f4:	4805      	ldr	r0, [pc, #20]	@ (800040c <ConvertWordToMorseWord+0x7c>)
 80003f6:	f000 fd19 	bl	8000e2c <printf>
 80003fa:	e7d9      	b.n	80003b0 <ConvertWordToMorseWord+0x20>
    }
  }
 80003fc:	e8bd 83f8 	ldmia.w	sp!, {r3, r4, r5, r6, r7, r8, r9, pc}
 8000400:	08007434 	.word	0x08007434
 8000404:	0800721c 	.word	0x0800721c
 8000408:	08007228 	.word	0x08007228
 800040c:	08007234 	.word	0x08007234

08000410 <delay>:

/*******************************************************************************
 * LOCAL FUNCTIONS
 *******************************************************************************/
static void delay(uint32_t cycles)
{
 8000410:	b480      	push	{r7}
 8000412:	b083      	sub	sp, #12
 8000414:	af00      	add	r7, sp, #0
  volatile uint32_t i;

  for(i = 0UL; i < cycles ;++i)
 8000416:	2300      	movs	r3, #0
 8000418:	607b      	str	r3, [r7, #4]
 800041a:	e003      	b.n	8000424 <delay+0x14>
  {
    __NOP();
 800041c:	bf00      	nop
  for(i = 0UL; i < cycles ;++i)
 800041e:	687b      	ldr	r3, [r7, #4]
 8000420:	3301      	adds	r3, #1
 8000422:	607b      	str	r3, [r7, #4]
 8000424:	687b      	ldr	r3, [r7, #4]
 8000426:	4283      	cmp	r3, r0
 8000428:	d3f8      	bcc.n	800041c <delay+0xc>
  }
}
 800042a:	370c      	adds	r7, #12
 800042c:	46bd      	mov	sp, r7
 800042e:	f85d 7b04 	ldr.w	r7, [sp], #4
 8000432:	4770      	bx	lr

08000434 <SystemCoreSetup>:
  SystemCoreSetup();
  SystemCoreClockSetup(); 
}

__WEAK void SystemCoreSetup(void)
{
 8000434:	b480      	push	{r7}
 8000436:	af00      	add	r7, sp, #0
  \details Disables IRQ interrupts by setting the I-bit in the CPSR.
           Can only be executed in Privileged modes.
 */
__attribute__((always_inline)) __STATIC_INLINE void __disable_irq(void)
{
  __ASM volatile ("cpsid i" : : : "memory");
 8000438:	b672      	cpsid	i
  uint32_t temp;
	
  /* relocate vector table */
  __disable_irq();
  SCB->VTOR = (uint32_t)(&__Vectors);
 800043a:	4b0d      	ldr	r3, [pc, #52]	@ (8000470 <SystemCoreSetup+0x3c>)
 800043c:	4a0d      	ldr	r2, [pc, #52]	@ (8000474 <SystemCoreSetup+0x40>)
 800043e:	609a      	str	r2, [r3, #8]
  \details Acts as a special kind of Data Memory Barrier.
           It completes when all explicit memory accesses before this instruction complete.
 */
__attribute__((always_inline)) __STATIC_INLINE void __DSB(void)
{
  __ASM volatile ("dsb 0xF":::"memory");
 8000440:	f3bf 8f4f 	dsb	sy
  __ASM volatile ("cpsie i" : : : "memory");
 8000444:	b662      	cpsie	i
  __DSB();
  __enable_irq();
    
#if ((__FPU_PRESENT == 1) && (__FPU_USED == 1))
  SCB->CPACR |= ((3UL << 10*2) |                 /* set CP10 Full Access */
 8000446:	f8d3 2088 	ldr.w	r2, [r3, #136]	@ 0x88
 800044a:	f442 0270 	orr.w	r2, r2, #15728640	@ 0xf00000
 800044e:	f8c3 2088 	str.w	r2, [r3, #136]	@ 0x88
                 (3UL << 11*2)  );               /* set CP11 Full Access */
#endif

  /* Enable unaligned memory access - SCB_CCR.UNALIGN_TRP = 0 */
  SCB->CCR &= ~(SCB_CCR_UNALIGN_TRP_Msk);
 8000452:	695a      	ldr	r2, [r3, #20]
 8000454:	f022 0208 	bic.w	r2, r2, #8
 8000458:	615a      	str	r2, [r3, #20]

  temp = FLASH0->FCON;
 800045a:	4a07      	ldr	r2, [pc, #28]	@ (8000478 <SystemCoreSetup+0x44>)
 800045c:	6953      	ldr	r3, [r2, #20]
  temp &= ~FLASH_FCON_WSPFLASH_Msk;
 800045e:	f023 030f 	bic.w	r3, r3, #15
  temp |= PMU_FLASH_WS;
 8000462:	f043 0303 	orr.w	r3, r3, #3
  FLASH0->FCON = temp;
 8000466:	6153      	str	r3, [r2, #20]
}
 8000468:	46bd      	mov	sp, r7
 800046a:	f85d 7b04 	ldr.w	r7, [sp], #4
 800046e:	4770      	bx	lr
 8000470:	e000ed00 	.word	0xe000ed00
 8000474:	08000000 	.word	0x08000000
 8000478:	58002000 	.word	0x58002000

0800047c <OSCHP_GetFrequency>:

  SystemCoreClock = temp;
}

__WEAK uint32_t OSCHP_GetFrequency(void)
{
 800047c:	b480      	push	{r7}
 800047e:	af00      	add	r7, sp, #0
  return OSCHP_FREQUENCY;
}
 8000480:	4802      	ldr	r0, [pc, #8]	@ (800048c <OSCHP_GetFrequency+0x10>)
 8000482:	46bd      	mov	sp, r7
 8000484:	f85d 7b04 	ldr.w	r7, [sp], #4
 8000488:	4770      	bx	lr
 800048a:	bf00      	nop
 800048c:	00b71b00 	.word	0x00b71b00

08000490 <SystemCoreClockUpdate>:
{
 8000490:	b580      	push	{r7, lr}
 8000492:	af00      	add	r7, sp, #0
  if (SCU_CLK->SYSCLKCR & SCU_CLK_SYSCLKCR_SYSSEL_Msk)
 8000494:	4b1e      	ldr	r3, [pc, #120]	@ (8000510 <SystemCoreClockUpdate+0x80>)
 8000496:	68db      	ldr	r3, [r3, #12]
 8000498:	f413 3f80 	tst.w	r3, #65536	@ 0x10000
 800049c:	d027      	beq.n	80004ee <SystemCoreClockUpdate+0x5e>
    if(SCU_PLL->PLLCON2 & SCU_PLL_PLLCON2_PINSEL_Msk)
 800049e:	4b1d      	ldr	r3, [pc, #116]	@ (8000514 <SystemCoreClockUpdate+0x84>)
 80004a0:	69db      	ldr	r3, [r3, #28]
 80004a2:	f013 0f01 	tst.w	r3, #1
 80004a6:	d017      	beq.n	80004d8 <SystemCoreClockUpdate+0x48>
      temp = OFI_FREQUENCY;
 80004a8:	481b      	ldr	r0, [pc, #108]	@ (8000518 <SystemCoreClockUpdate+0x88>)
    if (SCU_PLL->PLLSTAT & SCU_PLL_PLLSTAT_VCOLOCK_Msk)
 80004aa:	4b1a      	ldr	r3, [pc, #104]	@ (8000514 <SystemCoreClockUpdate+0x84>)
 80004ac:	691b      	ldr	r3, [r3, #16]
 80004ae:	f013 0f04 	tst.w	r3, #4
 80004b2:	d014      	beq.n	80004de <SystemCoreClockUpdate+0x4e>
      pdiv = ((SCU_PLL->PLLCON1 & SCU_PLL_PLLCON1_PDIV_Msk) >> SCU_PLL_PLLCON1_PDIV_Pos) + 1;
 80004b4:	4b17      	ldr	r3, [pc, #92]	@ (8000514 <SystemCoreClockUpdate+0x84>)
 80004b6:	6999      	ldr	r1, [r3, #24]
 80004b8:	f3c1 6103 	ubfx	r1, r1, #24, #4
      ndiv = ((SCU_PLL->PLLCON1 & SCU_PLL_PLLCON1_NDIV_Msk) >> SCU_PLL_PLLCON1_NDIV_Pos) + 1;
 80004bc:	699a      	ldr	r2, [r3, #24]
 80004be:	f3c2 2206 	ubfx	r2, r2, #8, #7
      kdiv = ((SCU_PLL->PLLCON1 & SCU_PLL_PLLCON1_K2DIV_Msk) >> SCU_PLL_PLLCON1_K2DIV_Pos) + 1;
 80004c2:	699b      	ldr	r3, [r3, #24]
 80004c4:	f3c3 4306 	ubfx	r3, r3, #16, #7
 80004c8:	3301      	adds	r3, #1
      temp = (temp / (pdiv * kdiv)) * ndiv;
 80004ca:	fb01 3303 	mla	r3, r1, r3, r3
 80004ce:	fbb0 f0f3 	udiv	r0, r0, r3
 80004d2:	fb02 0000 	mla	r0, r2, r0, r0
 80004d6:	e00b      	b.n	80004f0 <SystemCoreClockUpdate+0x60>
      temp = OSCHP_GetFrequency();
 80004d8:	f7ff ffd0 	bl	800047c <OSCHP_GetFrequency>
 80004dc:	e7e5      	b.n	80004aa <SystemCoreClockUpdate+0x1a>
      kdiv  = ((SCU_PLL->PLLCON1 & SCU_PLL_PLLCON1_K1DIV_Msk) >> SCU_PLL_PLLCON1_K1DIV_Pos) + 1;
 80004de:	4b0d      	ldr	r3, [pc, #52]	@ (8000514 <SystemCoreClockUpdate+0x84>)
 80004e0:	699b      	ldr	r3, [r3, #24]
 80004e2:	f003 037f 	and.w	r3, r3, #127	@ 0x7f
 80004e6:	3301      	adds	r3, #1
      temp = (temp / kdiv);
 80004e8:	fbb0 f0f3 	udiv	r0, r0, r3
 80004ec:	e000      	b.n	80004f0 <SystemCoreClockUpdate+0x60>
    temp = OFI_FREQUENCY;
 80004ee:	480a      	ldr	r0, [pc, #40]	@ (8000518 <SystemCoreClockUpdate+0x88>)
  temp = temp / ((SCU_CLK->SYSCLKCR & SCU_CLK_SYSCLKCR_SYSDIV_Msk) + 1);
 80004f0:	4a07      	ldr	r2, [pc, #28]	@ (8000510 <SystemCoreClockUpdate+0x80>)
 80004f2:	68d3      	ldr	r3, [r2, #12]
 80004f4:	b2db      	uxtb	r3, r3
 80004f6:	3301      	adds	r3, #1
 80004f8:	fbb0 f0f3 	udiv	r0, r0, r3
  temp = temp / ((SCU_CLK->CPUCLKCR & SCU_CLK_CPUCLKCR_CPUDIV_Msk) + 1);
 80004fc:	6913      	ldr	r3, [r2, #16]
 80004fe:	f003 0301 	and.w	r3, r3, #1
 8000502:	3301      	adds	r3, #1
 8000504:	fbb0 f0f3 	udiv	r0, r0, r3
  SystemCoreClock = temp;
 8000508:	4b04      	ldr	r3, [pc, #16]	@ (800051c <SystemCoreClockUpdate+0x8c>)
 800050a:	6018      	str	r0, [r3, #0]
}
 800050c:	bd80      	pop	{r7, pc}
 800050e:	bf00      	nop
 8000510:	50004600 	.word	0x50004600
 8000514:	50004700 	.word	0x50004700
 8000518:	016e3600 	.word	0x016e3600
 800051c:	2000ffc0 	.word	0x2000ffc0

08000520 <SystemCoreClockSetup>:
{
 8000520:	b598      	push	{r3, r4, r7, lr}
 8000522:	af00      	add	r7, sp, #0
  if((SCU_POWER->PWRSTAT & SCU_POWER_PWRSTAT_HIBEN_Msk) == 0)
 8000524:	4b5b      	ldr	r3, [pc, #364]	@ (8000694 <SystemCoreClockSetup+0x174>)
 8000526:	681b      	ldr	r3, [r3, #0]
 8000528:	f013 0f01 	tst.w	r3, #1
 800052c:	d109      	bne.n	8000542 <SystemCoreClockSetup+0x22>
    SCU_POWER->PWRSET |= SCU_POWER_PWRSET_HIB_Msk;
 800052e:	4a59      	ldr	r2, [pc, #356]	@ (8000694 <SystemCoreClockSetup+0x174>)
 8000530:	6853      	ldr	r3, [r2, #4]
 8000532:	f043 0301 	orr.w	r3, r3, #1
 8000536:	6053      	str	r3, [r2, #4]
    while((SCU_POWER->PWRSTAT & SCU_POWER_PWRSTAT_HIBEN_Msk) == 0)
 8000538:	4b56      	ldr	r3, [pc, #344]	@ (8000694 <SystemCoreClockSetup+0x174>)
 800053a:	681b      	ldr	r3, [r3, #0]
 800053c:	f013 0f01 	tst.w	r3, #1
 8000540:	d0fa      	beq.n	8000538 <SystemCoreClockSetup+0x18>
  if((SCU_RESET->RSTSTAT) & SCU_RESET_RSTSTAT_HIBRS_Msk)
 8000542:	4b55      	ldr	r3, [pc, #340]	@ (8000698 <SystemCoreClockSetup+0x178>)
 8000544:	681b      	ldr	r3, [r3, #0]
 8000546:	f413 7f00 	tst.w	r3, #512	@ 0x200
 800054a:	d178      	bne.n	800063e <SystemCoreClockSetup+0x11e>
  SCU_PLL->PLLCON0 |= SCU_PLL_PLLCON0_AOTREN_Msk;
 800054c:	4c53      	ldr	r4, [pc, #332]	@ (800069c <SystemCoreClockSetup+0x17c>)
 800054e:	6963      	ldr	r3, [r4, #20]
 8000550:	f443 2300 	orr.w	r3, r3, #524288	@ 0x80000
 8000554:	6163      	str	r3, [r4, #20]
  delay(DELAY_CNT_50US_50MHZ);
 8000556:	f640 10c4 	movw	r0, #2500	@ 0x9c4
 800055a:	f7ff ff59 	bl	8000410 <delay>
  SCU_PLL->PLLCON0 &= ~(SCU_PLL_PLLCON0_VCOPWD_Msk | SCU_PLL_PLLCON0_PLLPWD_Msk);
 800055e:	6963      	ldr	r3, [r4, #20]
 8000560:	f423 3380 	bic.w	r3, r3, #65536	@ 0x10000
 8000564:	f023 0302 	bic.w	r3, r3, #2
 8000568:	6163      	str	r3, [r4, #20]
  if ((SCU_OSC->OSCHPCTRL & SCU_OSC_OSCHPCTRL_MODE_Msk) != 0U)
 800056a:	6863      	ldr	r3, [r4, #4]
 800056c:	f013 0f30 	tst.w	r3, #48	@ 0x30
 8000570:	d16f      	bne.n	8000652 <SystemCoreClockSetup+0x132>
  SCU_PLL->PLLCON0 |= SCU_PLL_PLLCON0_VCOBYP_Msk;
 8000572:	4b4a      	ldr	r3, [pc, #296]	@ (800069c <SystemCoreClockSetup+0x17c>)
 8000574:	695a      	ldr	r2, [r3, #20]
 8000576:	f042 0201 	orr.w	r2, r2, #1
 800057a:	615a      	str	r2, [r3, #20]
  SCU_PLL->PLLCON0 |= SCU_PLL_PLLCON0_FINDIS_Msk;
 800057c:	695a      	ldr	r2, [r3, #20]
 800057e:	f042 0210 	orr.w	r2, r2, #16
 8000582:	615a      	str	r2, [r3, #20]
  SCU_PLL->PLLCON1 = ((PLL_NDIV << SCU_PLL_PLLCON1_NDIV_Pos) |
 8000584:	4a46      	ldr	r2, [pc, #280]	@ (80006a0 <SystemCoreClockSetup+0x180>)
 8000586:	619a      	str	r2, [r3, #24]
  SCU_PLL->PLLCON0 |= SCU_PLL_PLLCON0_OSCDISCDIS_Msk;
 8000588:	695a      	ldr	r2, [r3, #20]
 800058a:	f042 0240 	orr.w	r2, r2, #64	@ 0x40
 800058e:	615a      	str	r2, [r3, #20]
  SCU_PLL->PLLCON0 &= ~SCU_PLL_PLLCON0_FINDIS_Msk;
 8000590:	695a      	ldr	r2, [r3, #20]
 8000592:	f022 0210 	bic.w	r2, r2, #16
 8000596:	615a      	str	r2, [r3, #20]
  SCU_PLL->PLLCON0 |= SCU_PLL_PLLCON0_RESLD_Msk;
 8000598:	695a      	ldr	r2, [r3, #20]
 800059a:	f442 2280 	orr.w	r2, r2, #262144	@ 0x40000
 800059e:	615a      	str	r2, [r3, #20]
  while ((SCU_PLL->PLLSTAT & SCU_PLL_PLLSTAT_VCOLOCK_Msk) == 0U)
 80005a0:	4b3e      	ldr	r3, [pc, #248]	@ (800069c <SystemCoreClockSetup+0x17c>)
 80005a2:	691b      	ldr	r3, [r3, #16]
 80005a4:	f013 0f04 	tst.w	r3, #4
 80005a8:	d0fa      	beq.n	80005a0 <SystemCoreClockSetup+0x80>
  SCU_PLL->PLLCON0 &= ~SCU_PLL_PLLCON0_VCOBYP_Msk;
 80005aa:	4a3c      	ldr	r2, [pc, #240]	@ (800069c <SystemCoreClockSetup+0x17c>)
 80005ac:	6953      	ldr	r3, [r2, #20]
 80005ae:	f023 0301 	bic.w	r3, r3, #1
 80005b2:	6153      	str	r3, [r2, #20]
  while ((SCU_PLL->PLLSTAT & SCU_PLL_PLLSTAT_VCOBYST_Msk) != 0U)
 80005b4:	4b39      	ldr	r3, [pc, #228]	@ (800069c <SystemCoreClockSetup+0x17c>)
 80005b6:	691b      	ldr	r3, [r3, #16]
 80005b8:	f013 0f01 	tst.w	r3, #1
 80005bc:	d1fa      	bne.n	80005b4 <SystemCoreClockSetup+0x94>
  SCU_CLK->SYSCLKCR |= SCU_CLK_SYSCLKCR_SYSSEL_Msk;
 80005be:	4b39      	ldr	r3, [pc, #228]	@ (80006a4 <SystemCoreClockSetup+0x184>)
 80005c0:	68da      	ldr	r2, [r3, #12]
 80005c2:	f442 3280 	orr.w	r2, r2, #65536	@ 0x10000
 80005c6:	60da      	str	r2, [r3, #12]
  SCU_CLK->PBCLKCR = PBCLKDIV;
 80005c8:	2200      	movs	r2, #0
 80005ca:	615a      	str	r2, [r3, #20]
  SCU_CLK->CPUCLKCR = CPUCLKDIV;
 80005cc:	611a      	str	r2, [r3, #16]
  SCU_CLK->CCUCLKCR = CCUCLKDIV;
 80005ce:	621a      	str	r2, [r3, #32]
  SCU_CLK->WDTCLKCR = WDTCLKDIV;
 80005d0:	625a      	str	r2, [r3, #36]	@ 0x24
  SCU_CLK->EBUCLKCR = EBUCLKDIV;
 80005d2:	61da      	str	r2, [r3, #28]
  SCU_CLK->USBCLKCR = USBCLKDIV;
 80005d4:	2203      	movs	r2, #3
 80005d6:	619a      	str	r2, [r3, #24]
  SCU_PLL->PLLCON0 &= ~SCU_PLL_PLLCON0_OSCDISCDIS_Msk;
 80005d8:	f503 7380 	add.w	r3, r3, #256	@ 0x100
 80005dc:	695a      	ldr	r2, [r3, #20]
 80005de:	f022 0240 	bic.w	r2, r2, #64	@ 0x40
 80005e2:	615a      	str	r2, [r3, #20]
  SCU_PLL->PLLCON1 = ((PLL_NDIV << SCU_PLL_PLLCON1_NDIV_Pos) |
 80005e4:	4a30      	ldr	r2, [pc, #192]	@ (80006a8 <SystemCoreClockSetup+0x188>)
 80005e6:	619a      	str	r2, [r3, #24]
  delay(DELAY_CNT_50US_60MHZ);
 80005e8:	f640 30b8 	movw	r0, #3000	@ 0xbb8
 80005ec:	f7ff ff10 	bl	8000410 <delay>
  while ((SCU_PLL->PLLSTAT & SCU_PLL_PLLSTAT_VCOLOCK_Msk) == 0U)
 80005f0:	4b2a      	ldr	r3, [pc, #168]	@ (800069c <SystemCoreClockSetup+0x17c>)
 80005f2:	691b      	ldr	r3, [r3, #16]
 80005f4:	f013 0f04 	tst.w	r3, #4
 80005f8:	d0fa      	beq.n	80005f0 <SystemCoreClockSetup+0xd0>
  SCU_PLL->PLLCON1 = ((PLL_NDIV << SCU_PLL_PLLCON1_NDIV_Pos) |
 80005fa:	4b28      	ldr	r3, [pc, #160]	@ (800069c <SystemCoreClockSetup+0x17c>)
 80005fc:	4a2b      	ldr	r2, [pc, #172]	@ (80006ac <SystemCoreClockSetup+0x18c>)
 80005fe:	619a      	str	r2, [r3, #24]
  delay(DELAY_CNT_50US_90MHZ);
 8000600:	f241 1094 	movw	r0, #4500	@ 0x1194
 8000604:	f7ff ff04 	bl	8000410 <delay>
  while ((SCU_PLL->PLLSTAT & SCU_PLL_PLLSTAT_VCOLOCK_Msk) == 0U)
 8000608:	4b24      	ldr	r3, [pc, #144]	@ (800069c <SystemCoreClockSetup+0x17c>)
 800060a:	691b      	ldr	r3, [r3, #16]
 800060c:	f013 0f04 	tst.w	r3, #4
 8000610:	d0fa      	beq.n	8000608 <SystemCoreClockSetup+0xe8>
  SCU_PLL->PLLCON1 = ((PLL_NDIV << SCU_PLL_PLLCON1_NDIV_Pos) |
 8000612:	4b22      	ldr	r3, [pc, #136]	@ (800069c <SystemCoreClockSetup+0x17c>)
 8000614:	4a26      	ldr	r2, [pc, #152]	@ (80006b0 <SystemCoreClockSetup+0x190>)
 8000616:	619a      	str	r2, [r3, #24]
  delay(DELAY_CNT_50US_120MHZ);
 8000618:	f241 7070 	movw	r0, #6000	@ 0x1770
 800061c:	f7ff fef8 	bl	8000410 <delay>
  while ((SCU_PLL->PLLSTAT & SCU_PLL_PLLSTAT_VCOLOCK_Msk) == 0U)
 8000620:	4b1e      	ldr	r3, [pc, #120]	@ (800069c <SystemCoreClockSetup+0x17c>)
 8000622:	691b      	ldr	r3, [r3, #16]
 8000624:	f013 0f04 	tst.w	r3, #4
 8000628:	d0fa      	beq.n	8000620 <SystemCoreClockSetup+0x100>
  SCU_TRAP->TRAPCLR = SCU_TRAP_TRAPCLR_SOSCWDGT_Msk | SCU_TRAP_TRAPCLR_SVCOLCKT_Msk;
 800062a:	4b22      	ldr	r3, [pc, #136]	@ (80006b4 <SystemCoreClockSetup+0x194>)
 800062c:	2205      	movs	r2, #5
 800062e:	66da      	str	r2, [r3, #108]	@ 0x6c
  SCU_CLK->CLKSET = ENABLE_SCUCLK;
 8000630:	f503 63a0 	add.w	r3, r3, #1280	@ 0x500
 8000634:	2200      	movs	r2, #0
 8000636:	605a      	str	r2, [r3, #4]
  SystemCoreClockUpdate();
 8000638:	f7ff ff2a 	bl	8000490 <SystemCoreClockUpdate>
}
 800063c:	bd98      	pop	{r3, r4, r7, pc}
    SCU_RESET->RSTCLR |= SCU_RESET_RSTCLR_HIBRS_Msk;
 800063e:	4a16      	ldr	r2, [pc, #88]	@ (8000698 <SystemCoreClockSetup+0x178>)
 8000640:	6893      	ldr	r3, [r2, #8]
 8000642:	f443 7300 	orr.w	r3, r3, #512	@ 0x200
 8000646:	6093      	str	r3, [r2, #8]
    delay(DELAY_CNT_150US_50MHZ);
 8000648:	f641 504c 	movw	r0, #7500	@ 0x1d4c
 800064c:	f7ff fee0 	bl	8000410 <delay>
 8000650:	e77c      	b.n	800054c <SystemCoreClockSetup+0x2c>
    SCU_OSC->OSCHPCTRL &= ~(SCU_OSC_OSCHPCTRL_MODE_Msk | SCU_OSC_OSCHPCTRL_OSCVAL_Msk);
 8000652:	6863      	ldr	r3, [r4, #4]
 8000654:	f423 2370 	bic.w	r3, r3, #983040	@ 0xf0000
 8000658:	f023 0330 	bic.w	r3, r3, #48	@ 0x30
 800065c:	6063      	str	r3, [r4, #4]
    SCU_OSC->OSCHPCTRL |= ((OSCHP_GetFrequency() / FOSCREF) - 1UL) << SCU_OSC_OSCHPCTRL_OSCVAL_Pos;
 800065e:	f7ff ff0d 	bl	800047c <OSCHP_GetFrequency>
 8000662:	4b15      	ldr	r3, [pc, #84]	@ (80006b8 <SystemCoreClockSetup+0x198>)
 8000664:	fba3 2300 	umull	r2, r3, r3, r0
 8000668:	0d1b      	lsrs	r3, r3, #20
 800066a:	3b01      	subs	r3, #1
 800066c:	6862      	ldr	r2, [r4, #4]
 800066e:	ea42 4303 	orr.w	r3, r2, r3, lsl #16
 8000672:	6063      	str	r3, [r4, #4]
    SCU_PLL->PLLCON2 &= ~SCU_PLL_PLLCON2_PINSEL_Msk;
 8000674:	69e3      	ldr	r3, [r4, #28]
 8000676:	f023 0301 	bic.w	r3, r3, #1
 800067a:	61e3      	str	r3, [r4, #28]
    SCU_PLL->PLLCON0 &= ~SCU_PLL_PLLCON0_OSCRES_Msk;
 800067c:	6963      	ldr	r3, [r4, #20]
 800067e:	f423 3300 	bic.w	r3, r3, #131072	@ 0x20000
 8000682:	6163      	str	r3, [r4, #20]
    while ((SCU_PLL->PLLSTAT & SCU_PLL_PLLSTAT_OSC_USABLE) != SCU_PLL_PLLSTAT_OSC_USABLE)
 8000684:	4b05      	ldr	r3, [pc, #20]	@ (800069c <SystemCoreClockSetup+0x17c>)
 8000686:	691b      	ldr	r3, [r3, #16]
 8000688:	f403 7360 	and.w	r3, r3, #896	@ 0x380
 800068c:	f5b3 7f60 	cmp.w	r3, #896	@ 0x380
 8000690:	d1f8      	bne.n	8000684 <SystemCoreClockSetup+0x164>
 8000692:	e76e      	b.n	8000572 <SystemCoreClockSetup+0x52>
 8000694:	50004200 	.word	0x50004200
 8000698:	50004400 	.word	0x50004400
 800069c:	50004700 	.word	0x50004700
 80006a0:	01134f00 	.word	0x01134f00
 80006a4:	50004600 	.word	0x50004600
 80006a8:	01074f00 	.word	0x01074f00
 80006ac:	01044f00 	.word	0x01044f00
 80006b0:	01034f00 	.word	0x01034f00
 80006b4:	50004100 	.word	0x50004100
 80006b8:	6b5fca6b 	.word	0x6b5fca6b

080006bc <SystemInit>:
{
 80006bc:	b598      	push	{r3, r4, r7, lr}
 80006be:	af00      	add	r7, sp, #0
  memcpy(g_chipid, CHIPID_LOC, 16);
 80006c0:	f04f 5300 	mov.w	r3, #536870912	@ 0x20000000
 80006c4:	4c04      	ldr	r4, [pc, #16]	@ (80006d8 <SystemInit+0x1c>)
 80006c6:	cb0f      	ldmia	r3, {r0, r1, r2, r3}
 80006c8:	e884 000f 	stmia.w	r4, {r0, r1, r2, r3}
  SystemCoreSetup();
 80006cc:	f7ff feb2 	bl	8000434 <SystemCoreSetup>
  SystemCoreClockSetup(); 
 80006d0:	f7ff ff26 	bl	8000520 <SystemCoreClockSetup>
}
 80006d4:	bd98      	pop	{r3, r4, r7, pc}
 80006d6:	bf00      	nop
 80006d8:	2000ffc4 	.word	0x2000ffc4

080006dc <_sbrk>:

// defined in linker script
extern caddr_t Heap_Bank1_Start;
extern caddr_t Heap_Bank1_End;
caddr_t _sbrk(int nbytes)
{
 80006dc:	4603      	mov	r3, r0
  static caddr_t heap_ptr = NULL;
  caddr_t base;

  if (heap_ptr == NULL) {
 80006de:	4a0e      	ldr	r2, [pc, #56]	@ (8000718 <_sbrk+0x3c>)
 80006e0:	6812      	ldr	r2, [r2, #0]
 80006e2:	b15a      	cbz	r2, 80006fc <_sbrk+0x20>
    heap_ptr = (caddr_t)&Heap_Bank1_Start;
  }

  base = heap_ptr;
 80006e4:	4a0c      	ldr	r2, [pc, #48]	@ (8000718 <_sbrk+0x3c>)
 80006e6:	6810      	ldr	r0, [r2, #0]

  /* heap word alignment */
  nbytes = (nbytes + 3) & ~0x3U;
 80006e8:	3303      	adds	r3, #3
 80006ea:	f023 0303 	bic.w	r3, r3, #3
  if ((caddr_t)&Heap_Bank1_End > (heap_ptr + nbytes))
 80006ee:	4403      	add	r3, r0
 80006f0:	4a0a      	ldr	r2, [pc, #40]	@ (800071c <_sbrk+0x40>)
 80006f2:	4293      	cmp	r3, r2
 80006f4:	d206      	bcs.n	8000704 <_sbrk+0x28>
  {
    heap_ptr += nbytes;
 80006f6:	4a08      	ldr	r2, [pc, #32]	@ (8000718 <_sbrk+0x3c>)
 80006f8:	6013      	str	r3, [r2, #0]
  {
    /* Heap overflow */
    errno = ENOMEM;
    return ((caddr_t)-1);
  }
}
 80006fa:	4770      	bx	lr
    heap_ptr = (caddr_t)&Heap_Bank1_Start;
 80006fc:	4a06      	ldr	r2, [pc, #24]	@ (8000718 <_sbrk+0x3c>)
 80006fe:	4908      	ldr	r1, [pc, #32]	@ (8000720 <_sbrk+0x44>)
 8000700:	6011      	str	r1, [r2, #0]
 8000702:	e7ef      	b.n	80006e4 <_sbrk+0x8>
{
 8000704:	b580      	push	{r7, lr}
 8000706:	af00      	add	r7, sp, #0
    errno = ENOMEM;
 8000708:	f000 f886 	bl	8000818 <__errno>
 800070c:	230c      	movs	r3, #12
 800070e:	6003      	str	r3, [r0, #0]
    return ((caddr_t)-1);
 8000710:	f04f 30ff 	mov.w	r0, #4294967295	@ 0xffffffff
}
 8000714:	bd80      	pop	{r7, pc}
 8000716:	bf00      	nop
 8000718:	200006b4 	.word	0x200006b4
 800071c:	2000ffc0 	.word	0x2000ffc0
 8000720:	20000838 	.word	0x20000838

08000724 <_init>:

/* Init */
void _init(void)
{}
 8000724:	b480      	push	{r7}
 8000726:	af00      	add	r7, sp, #0
 8000728:	46bd      	mov	sp, r7
 800072a:	f85d 7b04 	ldr.w	r7, [sp], #4
 800072e:	4770      	bx	lr
	...

08000740 <strlen>:
 8000740:	b430      	push	{r4, r5}
 8000742:	f890 f000 	pld	[r0]
 8000746:	f020 0107 	bic.w	r1, r0, #7
 800074a:	f06f 0c00 	mvn.w	ip, #0
 800074e:	f010 0407 	ands.w	r4, r0, #7
 8000752:	f891 f020 	pld	[r1, #32]
 8000756:	f040 8048 	bne.w	80007ea <strlen+0xaa>
 800075a:	f04f 0400 	mov.w	r4, #0
 800075e:	f06f 0007 	mvn.w	r0, #7
 8000762:	e9d1 2300 	ldrd	r2, r3, [r1]
 8000766:	f891 f040 	pld	[r1, #64]	@ 0x40
 800076a:	f100 0008 	add.w	r0, r0, #8
 800076e:	fa82 f24c 	uadd8	r2, r2, ip
 8000772:	faa4 f28c 	sel	r2, r4, ip
 8000776:	fa83 f34c 	uadd8	r3, r3, ip
 800077a:	faa2 f38c 	sel	r3, r2, ip
 800077e:	bb4b      	cbnz	r3, 80007d4 <strlen+0x94>
 8000780:	e9d1 2302 	ldrd	r2, r3, [r1, #8]
 8000784:	fa82 f24c 	uadd8	r2, r2, ip
 8000788:	f100 0008 	add.w	r0, r0, #8
 800078c:	faa4 f28c 	sel	r2, r4, ip
 8000790:	fa83 f34c 	uadd8	r3, r3, ip
 8000794:	faa2 f38c 	sel	r3, r2, ip
 8000798:	b9e3      	cbnz	r3, 80007d4 <strlen+0x94>
 800079a:	e9d1 2304 	ldrd	r2, r3, [r1, #16]
 800079e:	fa82 f24c 	uadd8	r2, r2, ip
 80007a2:	f100 0008 	add.w	r0, r0, #8
 80007a6:	faa4 f28c 	sel	r2, r4, ip
 80007aa:	fa83 f34c 	uadd8	r3, r3, ip
 80007ae:	faa2 f38c 	sel	r3, r2, ip
 80007b2:	b97b      	cbnz	r3, 80007d4 <strlen+0x94>
 80007b4:	e9d1 2306 	ldrd	r2, r3, [r1, #24]
 80007b8:	f101 0120 	add.w	r1, r1, #32
 80007bc:	fa82 f24c 	uadd8	r2, r2, ip
 80007c0:	f100 0008 	add.w	r0, r0, #8
 80007c4:	faa4 f28c 	sel	r2, r4, ip
 80007c8:	fa83 f34c 	uadd8	r3, r3, ip
 80007cc:	faa2 f38c 	sel	r3, r2, ip
 80007d0:	2b00      	cmp	r3, #0
 80007d2:	d0c6      	beq.n	8000762 <strlen+0x22>
 80007d4:	2a00      	cmp	r2, #0
 80007d6:	bf04      	itt	eq
 80007d8:	3004      	addeq	r0, #4
 80007da:	461a      	moveq	r2, r3
 80007dc:	ba12      	rev	r2, r2
 80007de:	fab2 f282 	clz	r2, r2
 80007e2:	eb00 00d2 	add.w	r0, r0, r2, lsr #3
 80007e6:	bc30      	pop	{r4, r5}
 80007e8:	4770      	bx	lr
 80007ea:	e9d1 2300 	ldrd	r2, r3, [r1]
 80007ee:	f004 0503 	and.w	r5, r4, #3
 80007f2:	f1c4 0000 	rsb	r0, r4, #0
 80007f6:	ea4f 05c5 	mov.w	r5, r5, lsl #3
 80007fa:	f014 0f04 	tst.w	r4, #4
 80007fe:	f891 f040 	pld	[r1, #64]	@ 0x40
 8000802:	fa0c f505 	lsl.w	r5, ip, r5
 8000806:	ea62 0205 	orn	r2, r2, r5
 800080a:	bf1c      	itt	ne
 800080c:	ea63 0305 	ornne	r3, r3, r5
 8000810:	4662      	movne	r2, ip
 8000812:	f04f 0400 	mov.w	r4, #0
 8000816:	e7aa      	b.n	800076e <strlen+0x2e>

08000818 <__errno>:
 8000818:	4b01      	ldr	r3, [pc, #4]	@ (8000820 <__errno+0x8>)
 800081a:	6818      	ldr	r0, [r3, #0]
 800081c:	4770      	bx	lr
 800081e:	bf00      	nop
 8000820:	20000000 	.word	0x20000000

08000824 <__libc_init_array>:
 8000824:	b570      	push	{r4, r5, r6, lr}
 8000826:	4b0f      	ldr	r3, [pc, #60]	@ (8000864 <__libc_init_array+0x40>)
 8000828:	4d0f      	ldr	r5, [pc, #60]	@ (8000868 <__libc_init_array+0x44>)
 800082a:	42ab      	cmp	r3, r5
 800082c:	eba3 0605 	sub.w	r6, r3, r5
 8000830:	d007      	beq.n	8000842 <__libc_init_array+0x1e>
 8000832:	10b6      	asrs	r6, r6, #2
 8000834:	2400      	movs	r4, #0
 8000836:	f855 3b04 	ldr.w	r3, [r5], #4
 800083a:	3401      	adds	r4, #1
 800083c:	4798      	blx	r3
 800083e:	42a6      	cmp	r6, r4
 8000840:	d8f9      	bhi.n	8000836 <__libc_init_array+0x12>
 8000842:	f7ff ff6f 	bl	8000724 <_init>
 8000846:	4d09      	ldr	r5, [pc, #36]	@ (800086c <__libc_init_array+0x48>)
 8000848:	4b09      	ldr	r3, [pc, #36]	@ (8000870 <__libc_init_array+0x4c>)
 800084a:	1b5e      	subs	r6, r3, r5
 800084c:	42ab      	cmp	r3, r5
 800084e:	ea4f 06a6 	mov.w	r6, r6, asr #2
 8000852:	d006      	beq.n	8000862 <__libc_init_array+0x3e>
 8000854:	2400      	movs	r4, #0
 8000856:	f855 3b04 	ldr.w	r3, [r5], #4
 800085a:	3401      	adds	r4, #1
 800085c:	4798      	blx	r3
 800085e:	42a6      	cmp	r6, r4
 8000860:	d8f9      	bhi.n	8000856 <__libc_init_array+0x32>
 8000862:	bd70      	pop	{r4, r5, r6, pc}
 8000864:	200006b4 	.word	0x200006b4
 8000868:	200006b4 	.word	0x200006b4
 800086c:	200006b4 	.word	0x200006b4
 8000870:	200006b4 	.word	0x200006b4

08000874 <__fp_lock>:
 8000874:	2000      	movs	r0, #0
 8000876:	4770      	bx	lr

08000878 <stdio_exit_handler>:
 8000878:	4a02      	ldr	r2, [pc, #8]	@ (8000884 <stdio_exit_handler+0xc>)
 800087a:	4903      	ldr	r1, [pc, #12]	@ (8000888 <stdio_exit_handler+0x10>)
 800087c:	4803      	ldr	r0, [pc, #12]	@ (800088c <stdio_exit_handler+0x14>)
 800087e:	f000 bb3b 	b.w	8000ef8 <_fwalk_sglue>
 8000882:	bf00      	nop
 8000884:	20000128 	.word	0x20000128
 8000888:	08003fad 	.word	0x08003fad
 800088c:	20000008 	.word	0x20000008

08000890 <cleanup_stdio>:
 8000890:	4b0c      	ldr	r3, [pc, #48]	@ (80008c4 <cleanup_stdio+0x34>)
 8000892:	6841      	ldr	r1, [r0, #4]
 8000894:	4299      	cmp	r1, r3
 8000896:	b510      	push	{r4, lr}
 8000898:	4604      	mov	r4, r0
 800089a:	d001      	beq.n	80008a0 <cleanup_stdio+0x10>
 800089c:	f003 fb86 	bl	8003fac <_fclose_r>
 80008a0:	68a1      	ldr	r1, [r4, #8]
 80008a2:	4b09      	ldr	r3, [pc, #36]	@ (80008c8 <cleanup_stdio+0x38>)
 80008a4:	4299      	cmp	r1, r3
 80008a6:	d002      	beq.n	80008ae <cleanup_stdio+0x1e>
 80008a8:	4620      	mov	r0, r4
 80008aa:	f003 fb7f 	bl	8003fac <_fclose_r>
 80008ae:	68e1      	ldr	r1, [r4, #12]
 80008b0:	4b06      	ldr	r3, [pc, #24]	@ (80008cc <cleanup_stdio+0x3c>)
 80008b2:	4299      	cmp	r1, r3
 80008b4:	d004      	beq.n	80008c0 <cleanup_stdio+0x30>
 80008b6:	4620      	mov	r0, r4
 80008b8:	e8bd 4010 	ldmia.w	sp!, {r4, lr}
 80008bc:	f003 bb76 	b.w	8003fac <_fclose_r>
 80008c0:	bd10      	pop	{r4, pc}
 80008c2:	bf00      	nop
 80008c4:	200006bc 	.word	0x200006bc
 80008c8:	20000724 	.word	0x20000724
 80008cc:	2000078c 	.word	0x2000078c

080008d0 <__fp_unlock>:
 80008d0:	2000      	movs	r0, #0
 80008d2:	4770      	bx	lr

080008d4 <global_stdio_init.part.0>:
 80008d4:	e92d 43f8 	stmdb	sp!, {r3, r4, r5, r6, r7, r8, r9, lr}
 80008d8:	4c2a      	ldr	r4, [pc, #168]	@ (8000984 <global_stdio_init.part.0+0xb0>)
 80008da:	492b      	ldr	r1, [pc, #172]	@ (8000988 <global_stdio_init.part.0+0xb4>)
 80008dc:	f8df 90ac 	ldr.w	r9, [pc, #172]	@ 800098c <global_stdio_init.part.0+0xb8>
 80008e0:	f8df 80ac 	ldr.w	r8, [pc, #172]	@ 8000990 <global_stdio_init.part.0+0xbc>
 80008e4:	4f2b      	ldr	r7, [pc, #172]	@ (8000994 <global_stdio_init.part.0+0xc0>)
 80008e6:	f8c4 1138 	str.w	r1, [r4, #312]	@ 0x138
 80008ea:	2500      	movs	r5, #0
 80008ec:	2304      	movs	r3, #4
 80008ee:	2208      	movs	r2, #8
 80008f0:	4629      	mov	r1, r5
 80008f2:	f104 005c 	add.w	r0, r4, #92	@ 0x5c
 80008f6:	4e28      	ldr	r6, [pc, #160]	@ (8000998 <global_stdio_init.part.0+0xc4>)
 80008f8:	60e3      	str	r3, [r4, #12]
 80008fa:	e9c4 5500 	strd	r5, r5, [r4]
 80008fe:	e9c4 5504 	strd	r5, r5, [r4, #16]
 8000902:	60a5      	str	r5, [r4, #8]
 8000904:	6665      	str	r5, [r4, #100]	@ 0x64
 8000906:	61a5      	str	r5, [r4, #24]
 8000908:	f000 faa4 	bl	8000e54 <memset>
 800090c:	4b23      	ldr	r3, [pc, #140]	@ (800099c <global_stdio_init.part.0+0xc8>)
 800090e:	6763      	str	r3, [r4, #116]	@ 0x74
 8000910:	2208      	movs	r2, #8
 8000912:	4629      	mov	r1, r5
 8000914:	f104 00c4 	add.w	r0, r4, #196	@ 0xc4
 8000918:	e9c4 4907 	strd	r4, r9, [r4, #28]
 800091c:	e9c4 8709 	strd	r8, r7, [r4, #36]	@ 0x24
 8000920:	e9c4 551a 	strd	r5, r5, [r4, #104]	@ 0x68
 8000924:	e9c4 551e 	strd	r5, r5, [r4, #120]	@ 0x78
 8000928:	6725      	str	r5, [r4, #112]	@ 0x70
 800092a:	f8c4 50cc 	str.w	r5, [r4, #204]	@ 0xcc
 800092e:	f8c4 5080 	str.w	r5, [r4, #128]	@ 0x80
 8000932:	62e6      	str	r6, [r4, #44]	@ 0x2c
 8000934:	f000 fa8e 	bl	8000e54 <memset>
 8000938:	4b19      	ldr	r3, [pc, #100]	@ (80009a0 <global_stdio_init.part.0+0xcc>)
 800093a:	f8c4 30dc 	str.w	r3, [r4, #220]	@ 0xdc
 800093e:	4629      	mov	r1, r5
 8000940:	f104 0368 	add.w	r3, r4, #104	@ 0x68
 8000944:	2208      	movs	r2, #8
 8000946:	f504 7096 	add.w	r0, r4, #300	@ 0x12c
 800094a:	f8c4 3084 	str.w	r3, [r4, #132]	@ 0x84
 800094e:	e9c4 9822 	strd	r9, r8, [r4, #136]	@ 0x88
 8000952:	e9c4 7624 	strd	r7, r6, [r4, #144]	@ 0x90
 8000956:	e9c4 5534 	strd	r5, r5, [r4, #208]	@ 0xd0
 800095a:	e9c4 5538 	strd	r5, r5, [r4, #224]	@ 0xe0
 800095e:	f8c4 50d8 	str.w	r5, [r4, #216]	@ 0xd8
 8000962:	f8c4 5134 	str.w	r5, [r4, #308]	@ 0x134
 8000966:	f8c4 50e8 	str.w	r5, [r4, #232]	@ 0xe8
 800096a:	f000 fa73 	bl	8000e54 <memset>
 800096e:	f104 03d0 	add.w	r3, r4, #208	@ 0xd0
 8000972:	e9c4 983c 	strd	r9, r8, [r4, #240]	@ 0xf0
 8000976:	e9c4 763e 	strd	r7, r6, [r4, #248]	@ 0xf8
 800097a:	f8c4 30ec 	str.w	r3, [r4, #236]	@ 0xec
 800097e:	e8bd 83f8 	ldmia.w	sp!, {r3, r4, r5, r6, r7, r8, r9, pc}
 8000982:	bf00      	nop
 8000984:	200006bc 	.word	0x200006bc
 8000988:	08000879 	.word	0x08000879
 800098c:	0800418d 	.word	0x0800418d
 8000990:	080041b5 	.word	0x080041b5
 8000994:	080041f5 	.word	0x080041f5
 8000998:	08004219 	.word	0x08004219
 800099c:	00010009 	.word	0x00010009
 80009a0:	00020012 	.word	0x00020012

080009a4 <__sfp>:
 80009a4:	b5f8      	push	{r3, r4, r5, r6, r7, lr}
 80009a6:	4b25      	ldr	r3, [pc, #148]	@ (8000a3c <__sfp+0x98>)
 80009a8:	f8d3 3138 	ldr.w	r3, [r3, #312]	@ 0x138
 80009ac:	4606      	mov	r6, r0
 80009ae:	2b00      	cmp	r3, #0
 80009b0:	d03c      	beq.n	8000a2c <__sfp+0x88>
 80009b2:	4f23      	ldr	r7, [pc, #140]	@ (8000a40 <__sfp+0x9c>)
 80009b4:	e9d7 3401 	ldrd	r3, r4, [r7, #4]
 80009b8:	3b01      	subs	r3, #1
 80009ba:	d504      	bpl.n	80009c6 <__sfp+0x22>
 80009bc:	e01d      	b.n	80009fa <__sfp+0x56>
 80009be:	1c5a      	adds	r2, r3, #1
 80009c0:	f104 0468 	add.w	r4, r4, #104	@ 0x68
 80009c4:	d019      	beq.n	80009fa <__sfp+0x56>
 80009c6:	f9b4 500c 	ldrsh.w	r5, [r4, #12]
 80009ca:	3b01      	subs	r3, #1
 80009cc:	2d00      	cmp	r5, #0
 80009ce:	d1f6      	bne.n	80009be <__sfp+0x1a>
 80009d0:	4b1c      	ldr	r3, [pc, #112]	@ (8000a44 <__sfp+0xa0>)
 80009d2:	60e3      	str	r3, [r4, #12]
 80009d4:	e9c4 5501 	strd	r5, r5, [r4, #4]
 80009d8:	e9c4 5504 	strd	r5, r5, [r4, #16]
 80009dc:	6665      	str	r5, [r4, #100]	@ 0x64
 80009de:	6025      	str	r5, [r4, #0]
 80009e0:	61a5      	str	r5, [r4, #24]
 80009e2:	2208      	movs	r2, #8
 80009e4:	4629      	mov	r1, r5
 80009e6:	f104 005c 	add.w	r0, r4, #92	@ 0x5c
 80009ea:	f000 fa33 	bl	8000e54 <memset>
 80009ee:	e9c4 550c 	strd	r5, r5, [r4, #48]	@ 0x30
 80009f2:	e9c4 5511 	strd	r5, r5, [r4, #68]	@ 0x44
 80009f6:	4620      	mov	r0, r4
 80009f8:	bdf8      	pop	{r3, r4, r5, r6, r7, pc}
 80009fa:	683d      	ldr	r5, [r7, #0]
 80009fc:	b10d      	cbz	r5, 8000a02 <__sfp+0x5e>
 80009fe:	462f      	mov	r7, r5
 8000a00:	e7d8      	b.n	80009b4 <__sfp+0x10>
 8000a02:	f44f 71d6 	mov.w	r1, #428	@ 0x1ac
 8000a06:	4630      	mov	r0, r6
 8000a08:	f001 fe90 	bl	800272c <_malloc_r>
 8000a0c:	4604      	mov	r4, r0
 8000a0e:	b180      	cbz	r0, 8000a32 <__sfp+0x8e>
 8000a10:	2304      	movs	r3, #4
 8000a12:	e9c0 5300 	strd	r5, r3, [r0]
 8000a16:	300c      	adds	r0, #12
 8000a18:	4629      	mov	r1, r5
 8000a1a:	60a0      	str	r0, [r4, #8]
 8000a1c:	f44f 72d0 	mov.w	r2, #416	@ 0x1a0
 8000a20:	4625      	mov	r5, r4
 8000a22:	f000 fa17 	bl	8000e54 <memset>
 8000a26:	603c      	str	r4, [r7, #0]
 8000a28:	462f      	mov	r7, r5
 8000a2a:	e7c3      	b.n	80009b4 <__sfp+0x10>
 8000a2c:	f7ff ff52 	bl	80008d4 <global_stdio_init.part.0>
 8000a30:	e7bf      	b.n	80009b2 <__sfp+0xe>
 8000a32:	230c      	movs	r3, #12
 8000a34:	6038      	str	r0, [r7, #0]
 8000a36:	6033      	str	r3, [r6, #0]
 8000a38:	e7dd      	b.n	80009f6 <__sfp+0x52>
 8000a3a:	bf00      	nop
 8000a3c:	200006bc 	.word	0x200006bc
 8000a40:	20000128 	.word	0x20000128
 8000a44:	ffff0001 	.word	0xffff0001

08000a48 <__sinit>:
 8000a48:	6b43      	ldr	r3, [r0, #52]	@ 0x34
 8000a4a:	b103      	cbz	r3, 8000a4e <__sinit+0x6>
 8000a4c:	4770      	bx	lr
 8000a4e:	4b04      	ldr	r3, [pc, #16]	@ (8000a60 <__sinit+0x18>)
 8000a50:	4a04      	ldr	r2, [pc, #16]	@ (8000a64 <__sinit+0x1c>)
 8000a52:	f8d3 3138 	ldr.w	r3, [r3, #312]	@ 0x138
 8000a56:	6342      	str	r2, [r0, #52]	@ 0x34
 8000a58:	2b00      	cmp	r3, #0
 8000a5a:	d1f7      	bne.n	8000a4c <__sinit+0x4>
 8000a5c:	e73a      	b.n	80008d4 <global_stdio_init.part.0>
 8000a5e:	bf00      	nop
 8000a60:	200006bc 	.word	0x200006bc
 8000a64:	08000891 	.word	0x08000891

08000a68 <__sfp_lock_acquire>:
 8000a68:	4770      	bx	lr
 8000a6a:	bf00      	nop

08000a6c <__sfp_lock_release>:
 8000a6c:	4770      	bx	lr
 8000a6e:	bf00      	nop

08000a70 <__fp_lock_all>:
 8000a70:	4a02      	ldr	r2, [pc, #8]	@ (8000a7c <__fp_lock_all+0xc>)
 8000a72:	4903      	ldr	r1, [pc, #12]	@ (8000a80 <__fp_lock_all+0x10>)
 8000a74:	2000      	movs	r0, #0
 8000a76:	f000 ba3f 	b.w	8000ef8 <_fwalk_sglue>
 8000a7a:	bf00      	nop
 8000a7c:	20000128 	.word	0x20000128
 8000a80:	08000875 	.word	0x08000875

08000a84 <__fp_unlock_all>:
 8000a84:	4a02      	ldr	r2, [pc, #8]	@ (8000a90 <__fp_unlock_all+0xc>)
 8000a86:	4903      	ldr	r1, [pc, #12]	@ (8000a94 <__fp_unlock_all+0x10>)
 8000a88:	2000      	movs	r0, #0
 8000a8a:	f000 ba35 	b.w	8000ef8 <_fwalk_sglue>
 8000a8e:	bf00      	nop
 8000a90:	20000128 	.word	0x20000128
 8000a94:	080008d1 	.word	0x080008d1

08000a98 <_puts_r>:
 8000a98:	b570      	push	{r4, r5, r6, lr}
 8000a9a:	4604      	mov	r4, r0
 8000a9c:	b08a      	sub	sp, #40	@ 0x28
 8000a9e:	4608      	mov	r0, r1
 8000aa0:	460d      	mov	r5, r1
 8000aa2:	f7ff fe4d 	bl	8000740 <strlen>
 8000aa6:	4e16      	ldr	r6, [pc, #88]	@ (8000b00 <_puts_r+0x68>)
 8000aa8:	6b62      	ldr	r2, [r4, #52]	@ 0x34
 8000aaa:	9007      	str	r0, [sp, #28]
 8000aac:	2101      	movs	r1, #1
 8000aae:	1843      	adds	r3, r0, r1
 8000ab0:	e9cd 6108 	strd	r6, r1, [sp, #32]
 8000ab4:	2002      	movs	r0, #2
 8000ab6:	a906      	add	r1, sp, #24
 8000ab8:	9103      	str	r1, [sp, #12]
 8000aba:	9506      	str	r5, [sp, #24]
 8000abc:	68a1      	ldr	r1, [r4, #8]
 8000abe:	9305      	str	r3, [sp, #20]
 8000ac0:	9004      	str	r0, [sp, #16]
 8000ac2:	b1a2      	cbz	r2, 8000aee <_puts_r+0x56>
 8000ac4:	f9b1 200c 	ldrsh.w	r2, [r1, #12]
 8000ac8:	6e4b      	ldr	r3, [r1, #100]	@ 0x64
 8000aca:	0490      	lsls	r0, r2, #18
 8000acc:	d405      	bmi.n	8000ada <_puts_r+0x42>
 8000ace:	f442 5200 	orr.w	r2, r2, #8192	@ 0x2000
 8000ad2:	f423 5300 	bic.w	r3, r3, #8192	@ 0x2000
 8000ad6:	818a      	strh	r2, [r1, #12]
 8000ad8:	664b      	str	r3, [r1, #100]	@ 0x64
 8000ada:	049b      	lsls	r3, r3, #18
 8000adc:	d40d      	bmi.n	8000afa <_puts_r+0x62>
 8000ade:	aa03      	add	r2, sp, #12
 8000ae0:	4620      	mov	r0, r4
 8000ae2:	f000 f817 	bl	8000b14 <__sfvwrite_r>
 8000ae6:	b940      	cbnz	r0, 8000afa <_puts_r+0x62>
 8000ae8:	200a      	movs	r0, #10
 8000aea:	b00a      	add	sp, #40	@ 0x28
 8000aec:	bd70      	pop	{r4, r5, r6, pc}
 8000aee:	4620      	mov	r0, r4
 8000af0:	9101      	str	r1, [sp, #4]
 8000af2:	f7ff ffa9 	bl	8000a48 <__sinit>
 8000af6:	9901      	ldr	r1, [sp, #4]
 8000af8:	e7e4      	b.n	8000ac4 <_puts_r+0x2c>
 8000afa:	f04f 30ff 	mov.w	r0, #4294967295	@ 0xffffffff
 8000afe:	e7f4      	b.n	8000aea <_puts_r+0x52>
 8000b00:	08007320 	.word	0x08007320

08000b04 <puts>:
 8000b04:	4b02      	ldr	r3, [pc, #8]	@ (8000b10 <puts+0xc>)
 8000b06:	4601      	mov	r1, r0
 8000b08:	6818      	ldr	r0, [r3, #0]
 8000b0a:	f7ff bfc5 	b.w	8000a98 <_puts_r>
 8000b0e:	bf00      	nop
 8000b10:	20000000 	.word	0x20000000

08000b14 <__sfvwrite_r>:
 8000b14:	6893      	ldr	r3, [r2, #8]
 8000b16:	2b00      	cmp	r3, #0
 8000b18:	f000 80f6 	beq.w	8000d08 <__sfvwrite_r+0x1f4>
 8000b1c:	e92d 4ff0 	stmdb	sp!, {r4, r5, r6, r7, r8, r9, sl, fp, lr}
 8000b20:	f9b1 c00c 	ldrsh.w	ip, [r1, #12]
 8000b24:	f01c 0f08 	tst.w	ip, #8
 8000b28:	b083      	sub	sp, #12
 8000b2a:	4690      	mov	r8, r2
 8000b2c:	4681      	mov	r9, r0
 8000b2e:	460c      	mov	r4, r1
 8000b30:	d031      	beq.n	8000b96 <__sfvwrite_r+0x82>
 8000b32:	690b      	ldr	r3, [r1, #16]
 8000b34:	b37b      	cbz	r3, 8000b96 <__sfvwrite_r+0x82>
 8000b36:	f01c 0702 	ands.w	r7, ip, #2
 8000b3a:	f8d8 6000 	ldr.w	r6, [r8]
 8000b3e:	d038      	beq.n	8000bb2 <__sfvwrite_r+0x9e>
 8000b40:	2700      	movs	r7, #0
 8000b42:	f8d4 b024 	ldr.w	fp, [r4, #36]	@ 0x24
 8000b46:	69e1      	ldr	r1, [r4, #28]
 8000b48:	f8df a2bc 	ldr.w	sl, [pc, #700]	@ 8000e08 <__sfvwrite_r+0x2f4>
 8000b4c:	463d      	mov	r5, r7
 8000b4e:	4555      	cmp	r5, sl
 8000b50:	462b      	mov	r3, r5
 8000b52:	463a      	mov	r2, r7
 8000b54:	bf28      	it	cs
 8000b56:	4653      	movcs	r3, sl
 8000b58:	4648      	mov	r0, r9
 8000b5a:	b1c5      	cbz	r5, 8000b8e <__sfvwrite_r+0x7a>
 8000b5c:	47d8      	blx	fp
 8000b5e:	2800      	cmp	r0, #0
 8000b60:	f340 80c8 	ble.w	8000cf4 <__sfvwrite_r+0x1e0>
 8000b64:	f8d8 3008 	ldr.w	r3, [r8, #8]
 8000b68:	1a1b      	subs	r3, r3, r0
 8000b6a:	4407      	add	r7, r0
 8000b6c:	1a2d      	subs	r5, r5, r0
 8000b6e:	f8c8 3008 	str.w	r3, [r8, #8]
 8000b72:	2b00      	cmp	r3, #0
 8000b74:	f000 80b4 	beq.w	8000ce0 <__sfvwrite_r+0x1cc>
 8000b78:	4555      	cmp	r5, sl
 8000b7a:	462b      	mov	r3, r5
 8000b7c:	f8d4 b024 	ldr.w	fp, [r4, #36]	@ 0x24
 8000b80:	69e1      	ldr	r1, [r4, #28]
 8000b82:	bf28      	it	cs
 8000b84:	4653      	movcs	r3, sl
 8000b86:	463a      	mov	r2, r7
 8000b88:	4648      	mov	r0, r9
 8000b8a:	2d00      	cmp	r5, #0
 8000b8c:	d1e6      	bne.n	8000b5c <__sfvwrite_r+0x48>
 8000b8e:	e9d6 7500 	ldrd	r7, r5, [r6]
 8000b92:	3608      	adds	r6, #8
 8000b94:	e7db      	b.n	8000b4e <__sfvwrite_r+0x3a>
 8000b96:	4621      	mov	r1, r4
 8000b98:	4648      	mov	r0, r9
 8000b9a:	f003 f84d 	bl	8003c38 <__swsetup_r>
 8000b9e:	2800      	cmp	r0, #0
 8000ba0:	f040 80ad 	bne.w	8000cfe <__sfvwrite_r+0x1ea>
 8000ba4:	f9b4 c00c 	ldrsh.w	ip, [r4, #12]
 8000ba8:	f8d8 6000 	ldr.w	r6, [r8]
 8000bac:	f01c 0702 	ands.w	r7, ip, #2
 8000bb0:	d1c6      	bne.n	8000b40 <__sfvwrite_r+0x2c>
 8000bb2:	f01c 0a01 	ands.w	sl, ip, #1
 8000bb6:	d163      	bne.n	8000c80 <__sfvwrite_r+0x16c>
 8000bb8:	6823      	ldr	r3, [r4, #0]
 8000bba:	68a1      	ldr	r1, [r4, #8]
 8000bbc:	4657      	mov	r7, sl
 8000bbe:	4618      	mov	r0, r3
 8000bc0:	468b      	mov	fp, r1
 8000bc2:	2f00      	cmp	r7, #0
 8000bc4:	d058      	beq.n	8000c78 <__sfvwrite_r+0x164>
 8000bc6:	f41c 7f00 	tst.w	ip, #512	@ 0x200
 8000bca:	f000 80b1 	beq.w	8000d30 <__sfvwrite_r+0x21c>
 8000bce:	42b9      	cmp	r1, r7
 8000bd0:	460a      	mov	r2, r1
 8000bd2:	f200 80dd 	bhi.w	8000d90 <__sfvwrite_r+0x27c>
 8000bd6:	f41c 6f90 	tst.w	ip, #1152	@ 0x480
 8000bda:	d02f      	beq.n	8000c3c <__sfvwrite_r+0x128>
 8000bdc:	6921      	ldr	r1, [r4, #16]
 8000bde:	6962      	ldr	r2, [r4, #20]
 8000be0:	1a5d      	subs	r5, r3, r1
 8000be2:	eb02 0242 	add.w	r2, r2, r2, lsl #1
 8000be6:	eb02 72d2 	add.w	r2, r2, r2, lsr #31
 8000bea:	1c6b      	adds	r3, r5, #1
 8000bec:	1052      	asrs	r2, r2, #1
 8000bee:	443b      	add	r3, r7
 8000bf0:	4293      	cmp	r3, r2
 8000bf2:	bf92      	itee	ls
 8000bf4:	4693      	movls	fp, r2
 8000bf6:	469b      	movhi	fp, r3
 8000bf8:	461a      	movhi	r2, r3
 8000bfa:	f41c 6f80 	tst.w	ip, #1024	@ 0x400
 8000bfe:	f000 80e6 	beq.w	8000dce <__sfvwrite_r+0x2ba>
 8000c02:	4611      	mov	r1, r2
 8000c04:	4648      	mov	r0, r9
 8000c06:	f001 fd91 	bl	800272c <_malloc_r>
 8000c0a:	2800      	cmp	r0, #0
 8000c0c:	f000 80f5 	beq.w	8000dfa <__sfvwrite_r+0x2e6>
 8000c10:	462a      	mov	r2, r5
 8000c12:	6921      	ldr	r1, [r4, #16]
 8000c14:	9001      	str	r0, [sp, #4]
 8000c16:	f003 fa11 	bl	800403c <memcpy>
 8000c1a:	89a2      	ldrh	r2, [r4, #12]
 8000c1c:	9b01      	ldr	r3, [sp, #4]
 8000c1e:	f422 6290 	bic.w	r2, r2, #1152	@ 0x480
 8000c22:	f042 0280 	orr.w	r2, r2, #128	@ 0x80
 8000c26:	81a2      	strh	r2, [r4, #12]
 8000c28:	1958      	adds	r0, r3, r5
 8000c2a:	ebab 0505 	sub.w	r5, fp, r5
 8000c2e:	f8c4 b014 	str.w	fp, [r4, #20]
 8000c32:	6123      	str	r3, [r4, #16]
 8000c34:	60a5      	str	r5, [r4, #8]
 8000c36:	6020      	str	r0, [r4, #0]
 8000c38:	46bb      	mov	fp, r7
 8000c3a:	463a      	mov	r2, r7
 8000c3c:	4651      	mov	r1, sl
 8000c3e:	9201      	str	r2, [sp, #4]
 8000c40:	f001 fcf4 	bl	800262c <memmove>
 8000c44:	68a1      	ldr	r1, [r4, #8]
 8000c46:	6823      	ldr	r3, [r4, #0]
 8000c48:	9a01      	ldr	r2, [sp, #4]
 8000c4a:	eba1 010b 	sub.w	r1, r1, fp
 8000c4e:	441a      	add	r2, r3
 8000c50:	463d      	mov	r5, r7
 8000c52:	60a1      	str	r1, [r4, #8]
 8000c54:	6022      	str	r2, [r4, #0]
 8000c56:	2700      	movs	r7, #0
 8000c58:	f8d8 3008 	ldr.w	r3, [r8, #8]
 8000c5c:	1b5b      	subs	r3, r3, r5
 8000c5e:	44aa      	add	sl, r5
 8000c60:	f8c8 3008 	str.w	r3, [r8, #8]
 8000c64:	2b00      	cmp	r3, #0
 8000c66:	d03b      	beq.n	8000ce0 <__sfvwrite_r+0x1cc>
 8000c68:	6823      	ldr	r3, [r4, #0]
 8000c6a:	68a1      	ldr	r1, [r4, #8]
 8000c6c:	f9b4 c00c 	ldrsh.w	ip, [r4, #12]
 8000c70:	4618      	mov	r0, r3
 8000c72:	468b      	mov	fp, r1
 8000c74:	2f00      	cmp	r7, #0
 8000c76:	d1a6      	bne.n	8000bc6 <__sfvwrite_r+0xb2>
 8000c78:	e9d6 a700 	ldrd	sl, r7, [r6]
 8000c7c:	3608      	adds	r6, #8
 8000c7e:	e79e      	b.n	8000bbe <__sfvwrite_r+0xaa>
 8000c80:	4638      	mov	r0, r7
 8000c82:	46bb      	mov	fp, r7
 8000c84:	463d      	mov	r5, r7
 8000c86:	2d00      	cmp	r5, #0
 8000c88:	d040      	beq.n	8000d0c <__sfvwrite_r+0x1f8>
 8000c8a:	2800      	cmp	r0, #0
 8000c8c:	d045      	beq.n	8000d1a <__sfvwrite_r+0x206>
 8000c8e:	463a      	mov	r2, r7
 8000c90:	e9d4 c304 	ldrd	ip, r3, [r4, #16]
 8000c94:	6820      	ldr	r0, [r4, #0]
 8000c96:	68a1      	ldr	r1, [r4, #8]
 8000c98:	42aa      	cmp	r2, r5
 8000c9a:	bf28      	it	cs
 8000c9c:	462a      	movcs	r2, r5
 8000c9e:	4560      	cmp	r0, ip
 8000ca0:	d904      	bls.n	8000cac <__sfvwrite_r+0x198>
 8000ca2:	eb01 0a03 	add.w	sl, r1, r3
 8000ca6:	4552      	cmp	r2, sl
 8000ca8:	f300 8082 	bgt.w	8000db0 <__sfvwrite_r+0x29c>
 8000cac:	4293      	cmp	r3, r2
 8000cae:	dc72      	bgt.n	8000d96 <__sfvwrite_r+0x282>
 8000cb0:	69e1      	ldr	r1, [r4, #28]
 8000cb2:	f8d4 c024 	ldr.w	ip, [r4, #36]	@ 0x24
 8000cb6:	465a      	mov	r2, fp
 8000cb8:	4648      	mov	r0, r9
 8000cba:	47e0      	blx	ip
 8000cbc:	f1b0 0a00 	subs.w	sl, r0, #0
 8000cc0:	dd18      	ble.n	8000cf4 <__sfvwrite_r+0x1e0>
 8000cc2:	ebb7 070a 	subs.w	r7, r7, sl
 8000cc6:	d00f      	beq.n	8000ce8 <__sfvwrite_r+0x1d4>
 8000cc8:	2001      	movs	r0, #1
 8000cca:	f8d8 3008 	ldr.w	r3, [r8, #8]
 8000cce:	eba3 030a 	sub.w	r3, r3, sl
 8000cd2:	44d3      	add	fp, sl
 8000cd4:	eba5 050a 	sub.w	r5, r5, sl
 8000cd8:	f8c8 3008 	str.w	r3, [r8, #8]
 8000cdc:	2b00      	cmp	r3, #0
 8000cde:	d1d2      	bne.n	8000c86 <__sfvwrite_r+0x172>
 8000ce0:	2000      	movs	r0, #0
 8000ce2:	b003      	add	sp, #12
 8000ce4:	e8bd 8ff0 	ldmia.w	sp!, {r4, r5, r6, r7, r8, r9, sl, fp, pc}
 8000ce8:	4621      	mov	r1, r4
 8000cea:	4648      	mov	r0, r9
 8000cec:	f001 fc64 	bl	80025b8 <_fflush_r>
 8000cf0:	2800      	cmp	r0, #0
 8000cf2:	d0ea      	beq.n	8000cca <__sfvwrite_r+0x1b6>
 8000cf4:	f9b4 300c 	ldrsh.w	r3, [r4, #12]
 8000cf8:	f043 0340 	orr.w	r3, r3, #64	@ 0x40
 8000cfc:	81a3      	strh	r3, [r4, #12]
 8000cfe:	f04f 30ff 	mov.w	r0, #4294967295	@ 0xffffffff
 8000d02:	b003      	add	sp, #12
 8000d04:	e8bd 8ff0 	ldmia.w	sp!, {r4, r5, r6, r7, r8, r9, sl, fp, pc}
 8000d08:	2000      	movs	r0, #0
 8000d0a:	4770      	bx	lr
 8000d0c:	6875      	ldr	r5, [r6, #4]
 8000d0e:	4633      	mov	r3, r6
 8000d10:	3608      	adds	r6, #8
 8000d12:	2d00      	cmp	r5, #0
 8000d14:	d0fa      	beq.n	8000d0c <__sfvwrite_r+0x1f8>
 8000d16:	f8d3 b000 	ldr.w	fp, [r3]
 8000d1a:	462a      	mov	r2, r5
 8000d1c:	210a      	movs	r1, #10
 8000d1e:	4658      	mov	r0, fp
 8000d20:	f001 fb66 	bl	80023f0 <memchr>
 8000d24:	2800      	cmp	r0, #0
 8000d26:	d065      	beq.n	8000df4 <__sfvwrite_r+0x2e0>
 8000d28:	3001      	adds	r0, #1
 8000d2a:	eba0 070b 	sub.w	r7, r0, fp
 8000d2e:	e7ae      	b.n	8000c8e <__sfvwrite_r+0x17a>
 8000d30:	6922      	ldr	r2, [r4, #16]
 8000d32:	429a      	cmp	r2, r3
 8000d34:	d314      	bcc.n	8000d60 <__sfvwrite_r+0x24c>
 8000d36:	6962      	ldr	r2, [r4, #20]
 8000d38:	42ba      	cmp	r2, r7
 8000d3a:	d811      	bhi.n	8000d60 <__sfvwrite_r+0x24c>
 8000d3c:	f06f 4300 	mvn.w	r3, #2147483648	@ 0x80000000
 8000d40:	42bb      	cmp	r3, r7
 8000d42:	bf28      	it	cs
 8000d44:	463b      	movcs	r3, r7
 8000d46:	6a65      	ldr	r5, [r4, #36]	@ 0x24
 8000d48:	fb93 f3f2 	sdiv	r3, r3, r2
 8000d4c:	69e1      	ldr	r1, [r4, #28]
 8000d4e:	fb02 f303 	mul.w	r3, r2, r3
 8000d52:	4648      	mov	r0, r9
 8000d54:	4652      	mov	r2, sl
 8000d56:	47a8      	blx	r5
 8000d58:	1e05      	subs	r5, r0, #0
 8000d5a:	ddcb      	ble.n	8000cf4 <__sfvwrite_r+0x1e0>
 8000d5c:	1b7f      	subs	r7, r7, r5
 8000d5e:	e77b      	b.n	8000c58 <__sfvwrite_r+0x144>
 8000d60:	42b9      	cmp	r1, r7
 8000d62:	bf28      	it	cs
 8000d64:	4639      	movcs	r1, r7
 8000d66:	460d      	mov	r5, r1
 8000d68:	4618      	mov	r0, r3
 8000d6a:	460a      	mov	r2, r1
 8000d6c:	4651      	mov	r1, sl
 8000d6e:	f001 fc5d 	bl	800262c <memmove>
 8000d72:	68a1      	ldr	r1, [r4, #8]
 8000d74:	6823      	ldr	r3, [r4, #0]
 8000d76:	1b49      	subs	r1, r1, r5
 8000d78:	442b      	add	r3, r5
 8000d7a:	60a1      	str	r1, [r4, #8]
 8000d7c:	6023      	str	r3, [r4, #0]
 8000d7e:	2900      	cmp	r1, #0
 8000d80:	d1ec      	bne.n	8000d5c <__sfvwrite_r+0x248>
 8000d82:	4621      	mov	r1, r4
 8000d84:	4648      	mov	r0, r9
 8000d86:	f001 fc17 	bl	80025b8 <_fflush_r>
 8000d8a:	2800      	cmp	r0, #0
 8000d8c:	d0e6      	beq.n	8000d5c <__sfvwrite_r+0x248>
 8000d8e:	e7b1      	b.n	8000cf4 <__sfvwrite_r+0x1e0>
 8000d90:	46bb      	mov	fp, r7
 8000d92:	463a      	mov	r2, r7
 8000d94:	e752      	b.n	8000c3c <__sfvwrite_r+0x128>
 8000d96:	4659      	mov	r1, fp
 8000d98:	9201      	str	r2, [sp, #4]
 8000d9a:	f001 fc47 	bl	800262c <memmove>
 8000d9e:	9a01      	ldr	r2, [sp, #4]
 8000da0:	68a3      	ldr	r3, [r4, #8]
 8000da2:	1a9b      	subs	r3, r3, r2
 8000da4:	60a3      	str	r3, [r4, #8]
 8000da6:	6823      	ldr	r3, [r4, #0]
 8000da8:	4413      	add	r3, r2
 8000daa:	6023      	str	r3, [r4, #0]
 8000dac:	4692      	mov	sl, r2
 8000dae:	e788      	b.n	8000cc2 <__sfvwrite_r+0x1ae>
 8000db0:	4659      	mov	r1, fp
 8000db2:	4652      	mov	r2, sl
 8000db4:	f001 fc3a 	bl	800262c <memmove>
 8000db8:	6823      	ldr	r3, [r4, #0]
 8000dba:	4453      	add	r3, sl
 8000dbc:	6023      	str	r3, [r4, #0]
 8000dbe:	4621      	mov	r1, r4
 8000dc0:	4648      	mov	r0, r9
 8000dc2:	f001 fbf9 	bl	80025b8 <_fflush_r>
 8000dc6:	2800      	cmp	r0, #0
 8000dc8:	f43f af7b 	beq.w	8000cc2 <__sfvwrite_r+0x1ae>
 8000dcc:	e792      	b.n	8000cf4 <__sfvwrite_r+0x1e0>
 8000dce:	4648      	mov	r0, r9
 8000dd0:	f003 fa26 	bl	8004220 <_realloc_r>
 8000dd4:	4603      	mov	r3, r0
 8000dd6:	2800      	cmp	r0, #0
 8000dd8:	f47f af26 	bne.w	8000c28 <__sfvwrite_r+0x114>
 8000ddc:	6921      	ldr	r1, [r4, #16]
 8000dde:	4648      	mov	r0, r9
 8000de0:	f002 ffe8 	bl	8003db4 <_free_r>
 8000de4:	f9b4 300c 	ldrsh.w	r3, [r4, #12]
 8000de8:	220c      	movs	r2, #12
 8000dea:	f8c9 2000 	str.w	r2, [r9]
 8000dee:	f023 0380 	bic.w	r3, r3, #128	@ 0x80
 8000df2:	e781      	b.n	8000cf8 <__sfvwrite_r+0x1e4>
 8000df4:	1c6a      	adds	r2, r5, #1
 8000df6:	4617      	mov	r7, r2
 8000df8:	e74a      	b.n	8000c90 <__sfvwrite_r+0x17c>
 8000dfa:	220c      	movs	r2, #12
 8000dfc:	f9b4 300c 	ldrsh.w	r3, [r4, #12]
 8000e00:	f8c9 2000 	str.w	r2, [r9]
 8000e04:	e778      	b.n	8000cf8 <__sfvwrite_r+0x1e4>
 8000e06:	bf00      	nop
 8000e08:	7ffffc00 	.word	0x7ffffc00

08000e0c <_printf_r>:
 8000e0c:	b40e      	push	{r1, r2, r3}
 8000e0e:	b500      	push	{lr}
 8000e10:	b082      	sub	sp, #8
 8000e12:	ab03      	add	r3, sp, #12
 8000e14:	6881      	ldr	r1, [r0, #8]
 8000e16:	f853 2b04 	ldr.w	r2, [r3], #4
 8000e1a:	9301      	str	r3, [sp, #4]
 8000e1c:	f000 f88e 	bl	8000f3c <_vfprintf_r>
 8000e20:	b002      	add	sp, #8
 8000e22:	f85d eb04 	ldr.w	lr, [sp], #4
 8000e26:	b003      	add	sp, #12
 8000e28:	4770      	bx	lr
 8000e2a:	bf00      	nop

08000e2c <printf>:
 8000e2c:	b40f      	push	{r0, r1, r2, r3}
 8000e2e:	b500      	push	{lr}
 8000e30:	4907      	ldr	r1, [pc, #28]	@ (8000e50 <printf+0x24>)
 8000e32:	b083      	sub	sp, #12
 8000e34:	ab04      	add	r3, sp, #16
 8000e36:	6808      	ldr	r0, [r1, #0]
 8000e38:	f853 2b04 	ldr.w	r2, [r3], #4
 8000e3c:	6881      	ldr	r1, [r0, #8]
 8000e3e:	9301      	str	r3, [sp, #4]
 8000e40:	f000 f87c 	bl	8000f3c <_vfprintf_r>
 8000e44:	b003      	add	sp, #12
 8000e46:	f85d eb04 	ldr.w	lr, [sp], #4
 8000e4a:	b004      	add	sp, #16
 8000e4c:	4770      	bx	lr
 8000e4e:	bf00      	nop
 8000e50:	20000000 	.word	0x20000000

08000e54 <memset>:
 8000e54:	0783      	lsls	r3, r0, #30
 8000e56:	b530      	push	{r4, r5, lr}
 8000e58:	d047      	beq.n	8000eea <memset+0x96>
 8000e5a:	1e54      	subs	r4, r2, #1
 8000e5c:	2a00      	cmp	r2, #0
 8000e5e:	d03e      	beq.n	8000ede <memset+0x8a>
 8000e60:	b2ca      	uxtb	r2, r1
 8000e62:	4603      	mov	r3, r0
 8000e64:	e001      	b.n	8000e6a <memset+0x16>
 8000e66:	3c01      	subs	r4, #1
 8000e68:	d339      	bcc.n	8000ede <memset+0x8a>
 8000e6a:	f803 2b01 	strb.w	r2, [r3], #1
 8000e6e:	079d      	lsls	r5, r3, #30
 8000e70:	d1f9      	bne.n	8000e66 <memset+0x12>
 8000e72:	2c03      	cmp	r4, #3
 8000e74:	d92c      	bls.n	8000ed0 <memset+0x7c>
 8000e76:	b2cd      	uxtb	r5, r1
 8000e78:	eb05 2505 	add.w	r5, r5, r5, lsl #8
 8000e7c:	2c0f      	cmp	r4, #15
 8000e7e:	eb05 4505 	add.w	r5, r5, r5, lsl #16
 8000e82:	d935      	bls.n	8000ef0 <memset+0x9c>
 8000e84:	f1a4 0210 	sub.w	r2, r4, #16
 8000e88:	f022 0c0f 	bic.w	ip, r2, #15
 8000e8c:	f103 0e10 	add.w	lr, r3, #16
 8000e90:	44e6      	add	lr, ip
 8000e92:	ea4f 1c12 	mov.w	ip, r2, lsr #4
 8000e96:	461a      	mov	r2, r3
 8000e98:	e9c2 5500 	strd	r5, r5, [r2]
 8000e9c:	e9c2 5502 	strd	r5, r5, [r2, #8]
 8000ea0:	3210      	adds	r2, #16
 8000ea2:	4572      	cmp	r2, lr
 8000ea4:	d1f8      	bne.n	8000e98 <memset+0x44>
 8000ea6:	f10c 0201 	add.w	r2, ip, #1
 8000eaa:	f014 0f0c 	tst.w	r4, #12
 8000eae:	eb03 1202 	add.w	r2, r3, r2, lsl #4
 8000eb2:	f004 0c0f 	and.w	ip, r4, #15
 8000eb6:	d013      	beq.n	8000ee0 <memset+0x8c>
 8000eb8:	f1ac 0304 	sub.w	r3, ip, #4
 8000ebc:	f023 0303 	bic.w	r3, r3, #3
 8000ec0:	3304      	adds	r3, #4
 8000ec2:	4413      	add	r3, r2
 8000ec4:	f842 5b04 	str.w	r5, [r2], #4
 8000ec8:	4293      	cmp	r3, r2
 8000eca:	d1fb      	bne.n	8000ec4 <memset+0x70>
 8000ecc:	f00c 0403 	and.w	r4, ip, #3
 8000ed0:	b12c      	cbz	r4, 8000ede <memset+0x8a>
 8000ed2:	b2c9      	uxtb	r1, r1
 8000ed4:	441c      	add	r4, r3
 8000ed6:	f803 1b01 	strb.w	r1, [r3], #1
 8000eda:	42a3      	cmp	r3, r4
 8000edc:	d1fb      	bne.n	8000ed6 <memset+0x82>
 8000ede:	bd30      	pop	{r4, r5, pc}
 8000ee0:	4664      	mov	r4, ip
 8000ee2:	4613      	mov	r3, r2
 8000ee4:	2c00      	cmp	r4, #0
 8000ee6:	d1f4      	bne.n	8000ed2 <memset+0x7e>
 8000ee8:	e7f9      	b.n	8000ede <memset+0x8a>
 8000eea:	4603      	mov	r3, r0
 8000eec:	4614      	mov	r4, r2
 8000eee:	e7c0      	b.n	8000e72 <memset+0x1e>
 8000ef0:	461a      	mov	r2, r3
 8000ef2:	46a4      	mov	ip, r4
 8000ef4:	e7e0      	b.n	8000eb8 <memset+0x64>
 8000ef6:	bf00      	nop

08000ef8 <_fwalk_sglue>:
 8000ef8:	e92d 43f8 	stmdb	sp!, {r3, r4, r5, r6, r7, r8, r9, lr}
 8000efc:	4607      	mov	r7, r0
 8000efe:	4688      	mov	r8, r1
 8000f00:	4616      	mov	r6, r2
 8000f02:	f04f 0900 	mov.w	r9, #0
 8000f06:	e9d6 5401 	ldrd	r5, r4, [r6, #4]
 8000f0a:	3d01      	subs	r5, #1
 8000f0c:	d410      	bmi.n	8000f30 <_fwalk_sglue+0x38>
 8000f0e:	89a3      	ldrh	r3, [r4, #12]
 8000f10:	2b01      	cmp	r3, #1
 8000f12:	d908      	bls.n	8000f26 <_fwalk_sglue+0x2e>
 8000f14:	f9b4 300e 	ldrsh.w	r3, [r4, #14]
 8000f18:	3301      	adds	r3, #1
 8000f1a:	4621      	mov	r1, r4
 8000f1c:	4638      	mov	r0, r7
 8000f1e:	d002      	beq.n	8000f26 <_fwalk_sglue+0x2e>
 8000f20:	47c0      	blx	r8
 8000f22:	ea49 0900 	orr.w	r9, r9, r0
 8000f26:	3d01      	subs	r5, #1
 8000f28:	1c6b      	adds	r3, r5, #1
 8000f2a:	f104 0468 	add.w	r4, r4, #104	@ 0x68
 8000f2e:	d1ee      	bne.n	8000f0e <_fwalk_sglue+0x16>
 8000f30:	6836      	ldr	r6, [r6, #0]
 8000f32:	2e00      	cmp	r6, #0
 8000f34:	d1e7      	bne.n	8000f06 <_fwalk_sglue+0xe>
 8000f36:	4648      	mov	r0, r9
 8000f38:	e8bd 83f8 	ldmia.w	sp!, {r3, r4, r5, r6, r7, r8, r9, pc}

08000f3c <_vfprintf_r>:
 8000f3c:	e92d 4ff0 	stmdb	sp!, {r4, r5, r6, r7, r8, r9, sl, fp, lr}
 8000f40:	b0c3      	sub	sp, #268	@ 0x10c
 8000f42:	461c      	mov	r4, r3
 8000f44:	9108      	str	r1, [sp, #32]
 8000f46:	4691      	mov	r9, r2
 8000f48:	930d      	str	r3, [sp, #52]	@ 0x34
 8000f4a:	4605      	mov	r5, r0
 8000f4c:	900c      	str	r0, [sp, #48]	@ 0x30
 8000f4e:	f004 f8c5 	bl	80050dc <_localeconv_r>
 8000f52:	6802      	ldr	r2, [r0, #0]
 8000f54:	9214      	str	r2, [sp, #80]	@ 0x50
 8000f56:	4610      	mov	r0, r2
 8000f58:	f7ff fbf2 	bl	8000740 <strlen>
 8000f5c:	9013      	str	r0, [sp, #76]	@ 0x4c
 8000f5e:	b11d      	cbz	r5, 8000f68 <_vfprintf_r+0x2c>
 8000f60:	6b6b      	ldr	r3, [r5, #52]	@ 0x34
 8000f62:	2b00      	cmp	r3, #0
 8000f64:	f001 801b 	beq.w	8001f9e <_vfprintf_r+0x1062>
 8000f68:	9908      	ldr	r1, [sp, #32]
 8000f6a:	f9b1 200c 	ldrsh.w	r2, [r1, #12]
 8000f6e:	6e4b      	ldr	r3, [r1, #100]	@ 0x64
 8000f70:	0490      	lsls	r0, r2, #18
 8000f72:	d405      	bmi.n	8000f80 <_vfprintf_r+0x44>
 8000f74:	f442 5200 	orr.w	r2, r2, #8192	@ 0x2000
 8000f78:	f423 5300 	bic.w	r3, r3, #8192	@ 0x2000
 8000f7c:	818a      	strh	r2, [r1, #12]
 8000f7e:	664b      	str	r3, [r1, #100]	@ 0x64
 8000f80:	049f      	lsls	r7, r3, #18
 8000f82:	f101 8143 	bmi.w	800220c <_vfprintf_r+0x12d0>
 8000f86:	9a08      	ldr	r2, [sp, #32]
 8000f88:	f9b2 300c 	ldrsh.w	r3, [r2, #12]
 8000f8c:	071e      	lsls	r6, r3, #28
 8000f8e:	f140 80dd 	bpl.w	800114c <_vfprintf_r+0x210>
 8000f92:	6912      	ldr	r2, [r2, #16]
 8000f94:	2a00      	cmp	r2, #0
 8000f96:	f000 80d9 	beq.w	800114c <_vfprintf_r+0x210>
 8000f9a:	f003 031a 	and.w	r3, r3, #26
 8000f9e:	2b0a      	cmp	r3, #10
 8000fa0:	f000 80e3 	beq.w	800116a <_vfprintf_r+0x22e>
 8000fa4:	2300      	movs	r3, #0
 8000fa6:	e9cd 3326 	strd	r3, r3, [sp, #152]	@ 0x98
 8000faa:	e9cd 3315 	strd	r3, r3, [sp, #84]	@ 0x54
 8000fae:	9312      	str	r3, [sp, #72]	@ 0x48
 8000fb0:	930a      	str	r3, [sp, #40]	@ 0x28
 8000fb2:	2400      	movs	r4, #0
 8000fb4:	2300      	movs	r3, #0
 8000fb6:	e9cd 3410 	strd	r3, r4, [sp, #64]	@ 0x40
 8000fba:	aa32      	add	r2, sp, #200	@ 0xc8
 8000fbc:	9225      	str	r2, [sp, #148]	@ 0x94
 8000fbe:	4692      	mov	sl, r2
 8000fc0:	46cb      	mov	fp, r9
 8000fc2:	f89b 3000 	ldrb.w	r3, [fp]
 8000fc6:	2b00      	cmp	r3, #0
 8000fc8:	f000 815f 	beq.w	800128a <_vfprintf_r+0x34e>
 8000fcc:	465c      	mov	r4, fp
 8000fce:	e004      	b.n	8000fda <_vfprintf_r+0x9e>
 8000fd0:	f814 3f01 	ldrb.w	r3, [r4, #1]!
 8000fd4:	2b00      	cmp	r3, #0
 8000fd6:	f000 813c 	beq.w	8001252 <_vfprintf_r+0x316>
 8000fda:	2b25      	cmp	r3, #37	@ 0x25
 8000fdc:	d1f8      	bne.n	8000fd0 <_vfprintf_r+0x94>
 8000fde:	ebb4 050b 	subs.w	r5, r4, fp
 8000fe2:	f040 8139 	bne.w	8001258 <_vfprintf_r+0x31c>
 8000fe6:	7823      	ldrb	r3, [r4, #0]
 8000fe8:	2b00      	cmp	r3, #0
 8000fea:	f000 814e 	beq.w	800128a <_vfprintf_r+0x34e>
 8000fee:	f04f 0300 	mov.w	r3, #0
 8000ff2:	f88d 3077 	strb.w	r3, [sp, #119]	@ 0x77
 8000ff6:	2700      	movs	r7, #0
 8000ff8:	7863      	ldrb	r3, [r4, #1]
 8000ffa:	9709      	str	r7, [sp, #36]	@ 0x24
 8000ffc:	f104 0b01 	add.w	fp, r4, #1
 8001000:	f04f 39ff 	mov.w	r9, #4294967295	@ 0xffffffff
 8001004:	f10b 0b01 	add.w	fp, fp, #1
 8001008:	4698      	mov	r8, r3
 800100a:	f1a8 0320 	sub.w	r3, r8, #32
 800100e:	2b58      	cmp	r3, #88	@ 0x58
 8001010:	f200 8148 	bhi.w	80012a4 <_vfprintf_r+0x368>
 8001014:	e8df f013 	tbh	[pc, r3, lsl #1]
 8001018:	0146027b 	.word	0x0146027b
 800101c:	02760146 	.word	0x02760146
 8001020:	01460146 	.word	0x01460146
 8001024:	01460146 	.word	0x01460146
 8001028:	01460146 	.word	0x01460146
 800102c:	0270023e 	.word	0x0270023e
 8001030:	02490146 	.word	0x02490146
 8001034:	0146024e 	.word	0x0146024e
 8001038:	0059026b 	.word	0x0059026b
 800103c:	00590059 	.word	0x00590059
 8001040:	00590059 	.word	0x00590059
 8001044:	00590059 	.word	0x00590059
 8001048:	00590059 	.word	0x00590059
 800104c:	01460146 	.word	0x01460146
 8001050:	01460146 	.word	0x01460146
 8001054:	01460146 	.word	0x01460146
 8001058:	01460146 	.word	0x01460146
 800105c:	01460146 	.word	0x01460146
 8001060:	01c10068 	.word	0x01c10068
 8001064:	01c10146 	.word	0x01c10146
 8001068:	01460146 	.word	0x01460146
 800106c:	01460146 	.word	0x01460146
 8001070:	014602a6 	.word	0x014602a6
 8001074:	00b80146 	.word	0x00b80146
 8001078:	01460146 	.word	0x01460146
 800107c:	01460146 	.word	0x01460146
 8001080:	00c90146 	.word	0x00c90146
 8001084:	01460146 	.word	0x01460146
 8001088:	0146064d 	.word	0x0146064d
 800108c:	01460146 	.word	0x01460146
 8001090:	01460146 	.word	0x01460146
 8001094:	01460146 	.word	0x01460146
 8001098:	01460146 	.word	0x01460146
 800109c:	02980146 	.word	0x02980146
 80010a0:	01c1006a 	.word	0x01c1006a
 80010a4:	01c101c1 	.word	0x01c101c1
 80010a8:	006a0293 	.word	0x006a0293
 80010ac:	01460146 	.word	0x01460146
 80010b0:	01460286 	.word	0x01460286
 80010b4:	00ba02e2 	.word	0x00ba02e2
 80010b8:	02cc02d1 	.word	0x02cc02d1
 80010bc:	02ab0146 	.word	0x02ab0146
 80010c0:	00cb0146 	.word	0x00cb0146
 80010c4:	01460146 	.word	0x01460146
 80010c8:	066d      	.short	0x066d
 80010ca:	f1a8 0330 	sub.w	r3, r8, #48	@ 0x30
 80010ce:	2200      	movs	r2, #0
 80010d0:	f81b 8b01 	ldrb.w	r8, [fp], #1
 80010d4:	eb02 0282 	add.w	r2, r2, r2, lsl #2
 80010d8:	eb03 0242 	add.w	r2, r3, r2, lsl #1
 80010dc:	f1a8 0330 	sub.w	r3, r8, #48	@ 0x30
 80010e0:	2b09      	cmp	r3, #9
 80010e2:	d9f5      	bls.n	80010d0 <_vfprintf_r+0x194>
 80010e4:	9209      	str	r2, [sp, #36]	@ 0x24
 80010e6:	e790      	b.n	800100a <_vfprintf_r+0xce>
 80010e8:	f047 0710 	orr.w	r7, r7, #16
 80010ec:	06bd      	lsls	r5, r7, #26
 80010ee:	f140 81aa 	bpl.w	8001446 <_vfprintf_r+0x50a>
 80010f2:	9b0d      	ldr	r3, [sp, #52]	@ 0x34
 80010f4:	3307      	adds	r3, #7
 80010f6:	f023 0307 	bic.w	r3, r3, #7
 80010fa:	461a      	mov	r2, r3
 80010fc:	6859      	ldr	r1, [r3, #4]
 80010fe:	f852 3b08 	ldr.w	r3, [r2], #8
 8001102:	920d      	str	r2, [sp, #52]	@ 0x34
 8001104:	460a      	mov	r2, r1
 8001106:	2900      	cmp	r1, #0
 8001108:	f2c0 81af 	blt.w	800146a <_vfprintf_r+0x52e>
 800110c:	f1b9 0f00 	cmp.w	r9, #0
 8001110:	f89d 4077 	ldrb.w	r4, [sp, #119]	@ 0x77
 8001114:	f2c0 81b0 	blt.w	8001478 <_vfprintf_r+0x53c>
 8001118:	f027 0180 	bic.w	r1, r7, #128	@ 0x80
 800111c:	9106      	str	r1, [sp, #24]
 800111e:	ea53 0102 	orrs.w	r1, r3, r2
 8001122:	f040 81a8 	bne.w	8001476 <_vfprintf_r+0x53a>
 8001126:	2101      	movs	r1, #1
 8001128:	f1b9 0f00 	cmp.w	r9, #0
 800112c:	f040 834b 	bne.w	80017c6 <_vfprintf_r+0x88a>
 8001130:	2900      	cmp	r1, #0
 8001132:	f040 84e9 	bne.w	8001b08 <_vfprintf_r+0xbcc>
 8001136:	f017 0301 	ands.w	r3, r7, #1
 800113a:	930b      	str	r3, [sp, #44]	@ 0x2c
 800113c:	f000 8529 	beq.w	8001b92 <_vfprintf_r+0xc56>
 8001140:	2330      	movs	r3, #48	@ 0x30
 8001142:	f88d 30c7 	strb.w	r3, [sp, #199]	@ 0xc7
 8001146:	f10d 05c7 	add.w	r5, sp, #199	@ 0xc7
 800114a:	e06e      	b.n	800122a <_vfprintf_r+0x2ee>
 800114c:	9d08      	ldr	r5, [sp, #32]
 800114e:	980c      	ldr	r0, [sp, #48]	@ 0x30
 8001150:	4629      	mov	r1, r5
 8001152:	f002 fd71 	bl	8003c38 <__swsetup_r>
 8001156:	2800      	cmp	r0, #0
 8001158:	f041 8058 	bne.w	800220c <_vfprintf_r+0x12d0>
 800115c:	f9b5 300c 	ldrsh.w	r3, [r5, #12]
 8001160:	f003 031a 	and.w	r3, r3, #26
 8001164:	2b0a      	cmp	r3, #10
 8001166:	f47f af1d 	bne.w	8000fa4 <_vfprintf_r+0x68>
 800116a:	9b08      	ldr	r3, [sp, #32]
 800116c:	f9b3 300e 	ldrsh.w	r3, [r3, #14]
 8001170:	2b00      	cmp	r3, #0
 8001172:	f6ff af17 	blt.w	8000fa4 <_vfprintf_r+0x68>
 8001176:	9908      	ldr	r1, [sp, #32]
 8001178:	980c      	ldr	r0, [sp, #48]	@ 0x30
 800117a:	4623      	mov	r3, r4
 800117c:	464a      	mov	r2, r9
 800117e:	b043      	add	sp, #268	@ 0x10c
 8001180:	e8bd 4ff0 	ldmia.w	sp!, {r4, r5, r6, r7, r8, r9, sl, fp, lr}
 8001184:	f001 b8fe 	b.w	8002384 <__sbprintf>
 8001188:	f047 0710 	orr.w	r7, r7, #16
 800118c:	f017 0220 	ands.w	r2, r7, #32
 8001190:	f000 814a 	beq.w	8001428 <_vfprintf_r+0x4ec>
 8001194:	9b0d      	ldr	r3, [sp, #52]	@ 0x34
 8001196:	3307      	adds	r3, #7
 8001198:	f023 0307 	bic.w	r3, r3, #7
 800119c:	4619      	mov	r1, r3
 800119e:	685a      	ldr	r2, [r3, #4]
 80011a0:	f851 3b08 	ldr.w	r3, [r1], #8
 80011a4:	910d      	str	r1, [sp, #52]	@ 0x34
 80011a6:	2100      	movs	r1, #0
 80011a8:	e00f      	b.n	80011ca <_vfprintf_r+0x28e>
 80011aa:	f047 0710 	orr.w	r7, r7, #16
 80011ae:	f017 0220 	ands.w	r2, r7, #32
 80011b2:	f000 812f 	beq.w	8001414 <_vfprintf_r+0x4d8>
 80011b6:	9b0d      	ldr	r3, [sp, #52]	@ 0x34
 80011b8:	3307      	adds	r3, #7
 80011ba:	f023 0307 	bic.w	r3, r3, #7
 80011be:	4619      	mov	r1, r3
 80011c0:	685a      	ldr	r2, [r3, #4]
 80011c2:	f851 3b08 	ldr.w	r3, [r1], #8
 80011c6:	910d      	str	r1, [sp, #52]	@ 0x34
 80011c8:	2101      	movs	r1, #1
 80011ca:	2400      	movs	r4, #0
 80011cc:	f1b9 0f00 	cmp.w	r9, #0
 80011d0:	f88d 4077 	strb.w	r4, [sp, #119]	@ 0x77
 80011d4:	db06      	blt.n	80011e4 <_vfprintf_r+0x2a8>
 80011d6:	f027 0080 	bic.w	r0, r7, #128	@ 0x80
 80011da:	9006      	str	r0, [sp, #24]
 80011dc:	ea53 0002 	orrs.w	r0, r3, r2
 80011e0:	d0a2      	beq.n	8001128 <_vfprintf_r+0x1ec>
 80011e2:	9f06      	ldr	r7, [sp, #24]
 80011e4:	2901      	cmp	r1, #1
 80011e6:	f000 8147 	beq.w	8001478 <_vfprintf_r+0x53c>
 80011ea:	2902      	cmp	r1, #2
 80011ec:	f000 82f5 	beq.w	80017da <_vfprintf_r+0x89e>
 80011f0:	ad32      	add	r5, sp, #200	@ 0xc8
 80011f2:	f003 0107 	and.w	r1, r3, #7
 80011f6:	08db      	lsrs	r3, r3, #3
 80011f8:	ea43 7342 	orr.w	r3, r3, r2, lsl #29
 80011fc:	08d2      	lsrs	r2, r2, #3
 80011fe:	3130      	adds	r1, #48	@ 0x30
 8001200:	ea53 0602 	orrs.w	r6, r3, r2
 8001204:	4628      	mov	r0, r5
 8001206:	f805 1d01 	strb.w	r1, [r5, #-1]!
 800120a:	d1f2      	bne.n	80011f2 <_vfprintf_r+0x2b6>
 800120c:	07fb      	lsls	r3, r7, #31
 800120e:	f140 82f2 	bpl.w	80017f6 <_vfprintf_r+0x8ba>
 8001212:	2930      	cmp	r1, #48	@ 0x30
 8001214:	f000 82ef 	beq.w	80017f6 <_vfprintf_r+0x8ba>
 8001218:	2330      	movs	r3, #48	@ 0x30
 800121a:	3802      	subs	r0, #2
 800121c:	f805 3c01 	strb.w	r3, [r5, #-1]
 8001220:	ab32      	add	r3, sp, #200	@ 0xc8
 8001222:	1a1b      	subs	r3, r3, r0
 8001224:	9706      	str	r7, [sp, #24]
 8001226:	930b      	str	r3, [sp, #44]	@ 0x2c
 8001228:	4605      	mov	r5, r0
 800122a:	9b0b      	ldr	r3, [sp, #44]	@ 0x2c
 800122c:	454b      	cmp	r3, r9
 800122e:	bfb8      	it	lt
 8001230:	464b      	movlt	r3, r9
 8001232:	9307      	str	r3, [sp, #28]
 8001234:	2300      	movs	r3, #0
 8001236:	930f      	str	r3, [sp, #60]	@ 0x3c
 8001238:	b114      	cbz	r4, 8001240 <_vfprintf_r+0x304>
 800123a:	9b07      	ldr	r3, [sp, #28]
 800123c:	3301      	adds	r3, #1
 800123e:	9307      	str	r3, [sp, #28]
 8001240:	9b06      	ldr	r3, [sp, #24]
 8001242:	f013 0302 	ands.w	r3, r3, #2
 8001246:	d03f      	beq.n	80012c8 <_vfprintf_r+0x38c>
 8001248:	9b07      	ldr	r3, [sp, #28]
 800124a:	3302      	adds	r3, #2
 800124c:	9307      	str	r3, [sp, #28]
 800124e:	2302      	movs	r3, #2
 8001250:	e03a      	b.n	80012c8 <_vfprintf_r+0x38c>
 8001252:	ebb4 050b 	subs.w	r5, r4, fp
 8001256:	d018      	beq.n	800128a <_vfprintf_r+0x34e>
 8001258:	9b27      	ldr	r3, [sp, #156]	@ 0x9c
 800125a:	442b      	add	r3, r5
 800125c:	9327      	str	r3, [sp, #156]	@ 0x9c
 800125e:	9b26      	ldr	r3, [sp, #152]	@ 0x98
 8001260:	3301      	adds	r3, #1
 8001262:	2b07      	cmp	r3, #7
 8001264:	e9ca b500 	strd	fp, r5, [sl]
 8001268:	9326      	str	r3, [sp, #152]	@ 0x98
 800126a:	dc05      	bgt.n	8001278 <_vfprintf_r+0x33c>
 800126c:	f10a 0a08 	add.w	sl, sl, #8
 8001270:	9b0a      	ldr	r3, [sp, #40]	@ 0x28
 8001272:	442b      	add	r3, r5
 8001274:	930a      	str	r3, [sp, #40]	@ 0x28
 8001276:	e6b6      	b.n	8000fe6 <_vfprintf_r+0xaa>
 8001278:	9908      	ldr	r1, [sp, #32]
 800127a:	980c      	ldr	r0, [sp, #48]	@ 0x30
 800127c:	aa25      	add	r2, sp, #148	@ 0x94
 800127e:	f003 f9af 	bl	80045e0 <__sprint_r>
 8001282:	b930      	cbnz	r0, 8001292 <_vfprintf_r+0x356>
 8001284:	f10d 0ac8 	add.w	sl, sp, #200	@ 0xc8
 8001288:	e7f2      	b.n	8001270 <_vfprintf_r+0x334>
 800128a:	9b27      	ldr	r3, [sp, #156]	@ 0x9c
 800128c:	2b00      	cmp	r3, #0
 800128e:	f040 870d 	bne.w	80020ac <_vfprintf_r+0x1170>
 8001292:	9b08      	ldr	r3, [sp, #32]
 8001294:	899b      	ldrh	r3, [r3, #12]
 8001296:	065b      	lsls	r3, r3, #25
 8001298:	f100 87b8 	bmi.w	800220c <_vfprintf_r+0x12d0>
 800129c:	980a      	ldr	r0, [sp, #40]	@ 0x28
 800129e:	b043      	add	sp, #268	@ 0x10c
 80012a0:	e8bd 8ff0 	ldmia.w	sp!, {r4, r5, r6, r7, r8, r9, sl, fp, pc}
 80012a4:	f1b8 0f00 	cmp.w	r8, #0
 80012a8:	d0ef      	beq.n	800128a <_vfprintf_r+0x34e>
 80012aa:	2300      	movs	r3, #0
 80012ac:	f88d 3077 	strb.w	r3, [sp, #119]	@ 0x77
 80012b0:	2301      	movs	r3, #1
 80012b2:	f88d 80a0 	strb.w	r8, [sp, #160]	@ 0xa0
 80012b6:	9307      	str	r3, [sp, #28]
 80012b8:	930b      	str	r3, [sp, #44]	@ 0x2c
 80012ba:	ad28      	add	r5, sp, #160	@ 0xa0
 80012bc:	f04f 0900 	mov.w	r9, #0
 80012c0:	9706      	str	r7, [sp, #24]
 80012c2:	f8cd 903c 	str.w	r9, [sp, #60]	@ 0x3c
 80012c6:	464b      	mov	r3, r9
 80012c8:	9a06      	ldr	r2, [sp, #24]
 80012ca:	9c27      	ldr	r4, [sp, #156]	@ 0x9c
 80012cc:	f012 0284 	ands.w	r2, r2, #132	@ 0x84
 80012d0:	920e      	str	r2, [sp, #56]	@ 0x38
 80012d2:	d105      	bne.n	80012e0 <_vfprintf_r+0x3a4>
 80012d4:	9a09      	ldr	r2, [sp, #36]	@ 0x24
 80012d6:	9907      	ldr	r1, [sp, #28]
 80012d8:	1a56      	subs	r6, r2, r1
 80012da:	2e00      	cmp	r6, #0
 80012dc:	f300 82fb 	bgt.w	80018d6 <_vfprintf_r+0x99a>
 80012e0:	f89d 2077 	ldrb.w	r2, [sp, #119]	@ 0x77
 80012e4:	b18a      	cbz	r2, 800130a <_vfprintf_r+0x3ce>
 80012e6:	9a26      	ldr	r2, [sp, #152]	@ 0x98
 80012e8:	f10d 0177 	add.w	r1, sp, #119	@ 0x77
 80012ec:	3201      	adds	r2, #1
 80012ee:	3401      	adds	r4, #1
 80012f0:	f8ca 1000 	str.w	r1, [sl]
 80012f4:	2a07      	cmp	r2, #7
 80012f6:	f04f 0101 	mov.w	r1, #1
 80012fa:	9427      	str	r4, [sp, #156]	@ 0x9c
 80012fc:	9226      	str	r2, [sp, #152]	@ 0x98
 80012fe:	f8ca 1004 	str.w	r1, [sl, #4]
 8001302:	f300 8323 	bgt.w	800194c <_vfprintf_r+0xa10>
 8001306:	f10a 0a08 	add.w	sl, sl, #8
 800130a:	b183      	cbz	r3, 800132e <_vfprintf_r+0x3f2>
 800130c:	9a26      	ldr	r2, [sp, #152]	@ 0x98
 800130e:	a91e      	add	r1, sp, #120	@ 0x78
 8001310:	3201      	adds	r2, #1
 8001312:	3402      	adds	r4, #2
 8001314:	f8ca 1000 	str.w	r1, [sl]
 8001318:	2a07      	cmp	r2, #7
 800131a:	f04f 0102 	mov.w	r1, #2
 800131e:	9427      	str	r4, [sp, #156]	@ 0x9c
 8001320:	9226      	str	r2, [sp, #152]	@ 0x98
 8001322:	f8ca 1004 	str.w	r1, [sl, #4]
 8001326:	f300 831f 	bgt.w	8001968 <_vfprintf_r+0xa2c>
 800132a:	f10a 0a08 	add.w	sl, sl, #8
 800132e:	9b0e      	ldr	r3, [sp, #56]	@ 0x38
 8001330:	2b80      	cmp	r3, #128	@ 0x80
 8001332:	f000 81c7 	beq.w	80016c4 <_vfprintf_r+0x788>
 8001336:	9b0b      	ldr	r3, [sp, #44]	@ 0x2c
 8001338:	eba9 0603 	sub.w	r6, r9, r3
 800133c:	2e00      	cmp	r6, #0
 800133e:	f300 8203 	bgt.w	8001748 <_vfprintf_r+0x80c>
 8001342:	9b06      	ldr	r3, [sp, #24]
 8001344:	05de      	lsls	r6, r3, #23
 8001346:	f100 8156 	bmi.w	80015f6 <_vfprintf_r+0x6ba>
 800134a:	9b0b      	ldr	r3, [sp, #44]	@ 0x2c
 800134c:	f8ca 3004 	str.w	r3, [sl, #4]
 8001350:	441c      	add	r4, r3
 8001352:	9b26      	ldr	r3, [sp, #152]	@ 0x98
 8001354:	f8ca 5000 	str.w	r5, [sl]
 8001358:	3301      	adds	r3, #1
 800135a:	2b07      	cmp	r3, #7
 800135c:	9427      	str	r4, [sp, #156]	@ 0x9c
 800135e:	9326      	str	r3, [sp, #152]	@ 0x98
 8001360:	f300 8262 	bgt.w	8001828 <_vfprintf_r+0x8ec>
 8001364:	f10a 0a08 	add.w	sl, sl, #8
 8001368:	9b06      	ldr	r3, [sp, #24]
 800136a:	075a      	lsls	r2, r3, #29
 800136c:	d505      	bpl.n	800137a <_vfprintf_r+0x43e>
 800136e:	9b09      	ldr	r3, [sp, #36]	@ 0x24
 8001370:	9a07      	ldr	r2, [sp, #28]
 8001372:	1a9d      	subs	r5, r3, r2
 8001374:	2d00      	cmp	r5, #0
 8001376:	f300 8303 	bgt.w	8001980 <_vfprintf_r+0xa44>
 800137a:	e9dd 2309 	ldrd	r2, r3, [sp, #36]	@ 0x24
 800137e:	9907      	ldr	r1, [sp, #28]
 8001380:	428a      	cmp	r2, r1
 8001382:	bfac      	ite	ge
 8001384:	189b      	addge	r3, r3, r2
 8001386:	185b      	addlt	r3, r3, r1
 8001388:	930a      	str	r3, [sp, #40]	@ 0x28
 800138a:	2c00      	cmp	r4, #0
 800138c:	f040 8238 	bne.w	8001800 <_vfprintf_r+0x8c4>
 8001390:	2300      	movs	r3, #0
 8001392:	9326      	str	r3, [sp, #152]	@ 0x98
 8001394:	f10d 0ac8 	add.w	sl, sp, #200	@ 0xc8
 8001398:	e613      	b.n	8000fc2 <_vfprintf_r+0x86>
 800139a:	9b0d      	ldr	r3, [sp, #52]	@ 0x34
 800139c:	3307      	adds	r3, #7
 800139e:	f023 0307 	bic.w	r3, r3, #7
 80013a2:	e8f3 4502 	ldrd	r4, r5, [r3], #8
 80013a6:	930d      	str	r3, [sp, #52]	@ 0x34
 80013a8:	f025 4300 	bic.w	r3, r5, #2147483648	@ 0x80000000
 80013ac:	9319      	str	r3, [sp, #100]	@ 0x64
 80013ae:	9418      	str	r4, [sp, #96]	@ 0x60
 80013b0:	e9dd 0118 	ldrd	r0, r1, [sp, #96]	@ 0x60
 80013b4:	4bbd      	ldr	r3, [pc, #756]	@ (80016ac <_vfprintf_r+0x770>)
 80013b6:	f04f 32ff 	mov.w	r2, #4294967295	@ 0xffffffff
 80013ba:	e9cd 4510 	strd	r4, r5, [sp, #64]	@ 0x40
 80013be:	f005 fe89 	bl	80070d4 <__aeabi_dcmpun>
 80013c2:	2800      	cmp	r0, #0
 80013c4:	f040 83f0 	bne.w	8001ba8 <_vfprintf_r+0xc6c>
 80013c8:	e9dd 0118 	ldrd	r0, r1, [sp, #96]	@ 0x60
 80013cc:	4bb7      	ldr	r3, [pc, #732]	@ (80016ac <_vfprintf_r+0x770>)
 80013ce:	f04f 32ff 	mov.w	r2, #4294967295	@ 0xffffffff
 80013d2:	f005 fe61 	bl	8007098 <__aeabi_dcmple>
 80013d6:	2800      	cmp	r0, #0
 80013d8:	f040 83e6 	bne.w	8001ba8 <_vfprintf_r+0xc6c>
 80013dc:	2200      	movs	r2, #0
 80013de:	2300      	movs	r3, #0
 80013e0:	4620      	mov	r0, r4
 80013e2:	4629      	mov	r1, r5
 80013e4:	f005 fe4e 	bl	8007084 <__aeabi_dcmplt>
 80013e8:	2800      	cmp	r0, #0
 80013ea:	f040 8649 	bne.w	8002080 <_vfprintf_r+0x1144>
 80013ee:	f89d 4077 	ldrb.w	r4, [sp, #119]	@ 0x77
 80013f2:	4daf      	ldr	r5, [pc, #700]	@ (80016b0 <_vfprintf_r+0x774>)
 80013f4:	f027 0380 	bic.w	r3, r7, #128	@ 0x80
 80013f8:	9306      	str	r3, [sp, #24]
 80013fa:	4bae      	ldr	r3, [pc, #696]	@ (80016b4 <_vfprintf_r+0x778>)
 80013fc:	f1b8 0f47 	cmp.w	r8, #71	@ 0x47
 8001400:	bfd8      	it	le
 8001402:	461d      	movle	r5, r3
 8001404:	f04f 0900 	mov.w	r9, #0
 8001408:	2303      	movs	r3, #3
 800140a:	9307      	str	r3, [sp, #28]
 800140c:	930b      	str	r3, [sp, #44]	@ 0x2c
 800140e:	f8cd 903c 	str.w	r9, [sp, #60]	@ 0x3c
 8001412:	e711      	b.n	8001238 <_vfprintf_r+0x2fc>
 8001414:	990d      	ldr	r1, [sp, #52]	@ 0x34
 8001416:	f851 3b04 	ldr.w	r3, [r1], #4
 800141a:	910d      	str	r1, [sp, #52]	@ 0x34
 800141c:	f017 0110 	ands.w	r1, r7, #16
 8001420:	f000 83ba 	beq.w	8001b98 <_vfprintf_r+0xc5c>
 8001424:	2101      	movs	r1, #1
 8001426:	e6d0      	b.n	80011ca <_vfprintf_r+0x28e>
 8001428:	990d      	ldr	r1, [sp, #52]	@ 0x34
 800142a:	f851 3b04 	ldr.w	r3, [r1], #4
 800142e:	910d      	str	r1, [sp, #52]	@ 0x34
 8001430:	f017 0110 	ands.w	r1, r7, #16
 8001434:	f47f aeb7 	bne.w	80011a6 <_vfprintf_r+0x26a>
 8001438:	f017 0240 	ands.w	r2, r7, #64	@ 0x40
 800143c:	f43f aeb3 	beq.w	80011a6 <_vfprintf_r+0x26a>
 8001440:	460a      	mov	r2, r1
 8001442:	b29b      	uxth	r3, r3
 8001444:	e6af      	b.n	80011a6 <_vfprintf_r+0x26a>
 8001446:	9a0d      	ldr	r2, [sp, #52]	@ 0x34
 8001448:	06fc      	lsls	r4, r7, #27
 800144a:	f852 3b04 	ldr.w	r3, [r2], #4
 800144e:	920d      	str	r2, [sp, #52]	@ 0x34
 8001450:	d406      	bmi.n	8001460 <_vfprintf_r+0x524>
 8001452:	0678      	lsls	r0, r7, #25
 8001454:	d504      	bpl.n	8001460 <_vfprintf_r+0x524>
 8001456:	f343 32c0 	sbfx	r2, r3, #15, #1
 800145a:	4611      	mov	r1, r2
 800145c:	b21b      	sxth	r3, r3
 800145e:	e652      	b.n	8001106 <_vfprintf_r+0x1ca>
 8001460:	17da      	asrs	r2, r3, #31
 8001462:	4611      	mov	r1, r2
 8001464:	2900      	cmp	r1, #0
 8001466:	f6bf ae51 	bge.w	800110c <_vfprintf_r+0x1d0>
 800146a:	425b      	negs	r3, r3
 800146c:	eb62 0242 	sbc.w	r2, r2, r2, lsl #1
 8001470:	242d      	movs	r4, #45	@ 0x2d
 8001472:	2101      	movs	r1, #1
 8001474:	e6aa      	b.n	80011cc <_vfprintf_r+0x290>
 8001476:	9f06      	ldr	r7, [sp, #24]
 8001478:	2b0a      	cmp	r3, #10
 800147a:	f172 0100 	sbcs.w	r1, r2, #0
 800147e:	f080 8504 	bcs.w	8001e8a <_vfprintf_r+0xf4e>
 8001482:	3330      	adds	r3, #48	@ 0x30
 8001484:	f88d 30c7 	strb.w	r3, [sp, #199]	@ 0xc7
 8001488:	2301      	movs	r3, #1
 800148a:	9706      	str	r7, [sp, #24]
 800148c:	930b      	str	r3, [sp, #44]	@ 0x2c
 800148e:	f10d 05c7 	add.w	r5, sp, #199	@ 0xc7
 8001492:	e6ca      	b.n	800122a <_vfprintf_r+0x2ee>
 8001494:	9b0d      	ldr	r3, [sp, #52]	@ 0x34
 8001496:	f853 2b04 	ldr.w	r2, [r3], #4
 800149a:	9209      	str	r2, [sp, #36]	@ 0x24
 800149c:	2a00      	cmp	r2, #0
 800149e:	f280 8373 	bge.w	8001b88 <_vfprintf_r+0xc4c>
 80014a2:	9a09      	ldr	r2, [sp, #36]	@ 0x24
 80014a4:	930d      	str	r3, [sp, #52]	@ 0x34
 80014a6:	4252      	negs	r2, r2
 80014a8:	9209      	str	r2, [sp, #36]	@ 0x24
 80014aa:	f89b 3000 	ldrb.w	r3, [fp]
 80014ae:	f047 0704 	orr.w	r7, r7, #4
 80014b2:	e5a7      	b.n	8001004 <_vfprintf_r+0xc8>
 80014b4:	465a      	mov	r2, fp
 80014b6:	f812 8b01 	ldrb.w	r8, [r2], #1
 80014ba:	f1b8 0f2a 	cmp.w	r8, #42	@ 0x2a
 80014be:	f000 872f 	beq.w	8002320 <_vfprintf_r+0x13e4>
 80014c2:	f1a8 0330 	sub.w	r3, r8, #48	@ 0x30
 80014c6:	2b09      	cmp	r3, #9
 80014c8:	bf98      	it	ls
 80014ca:	f04f 0900 	movls.w	r9, #0
 80014ce:	f200 86ae 	bhi.w	800222e <_vfprintf_r+0x12f2>
 80014d2:	f812 8b01 	ldrb.w	r8, [r2], #1
 80014d6:	eb09 0989 	add.w	r9, r9, r9, lsl #2
 80014da:	eb03 0949 	add.w	r9, r3, r9, lsl #1
 80014de:	f1a8 0330 	sub.w	r3, r8, #48	@ 0x30
 80014e2:	2b09      	cmp	r3, #9
 80014e4:	d9f5      	bls.n	80014d2 <_vfprintf_r+0x596>
 80014e6:	ea49 79e9 	orr.w	r9, r9, r9, asr #31
 80014ea:	4693      	mov	fp, r2
 80014ec:	e58d      	b.n	800100a <_vfprintf_r+0xce>
 80014ee:	f89b 3000 	ldrb.w	r3, [fp]
 80014f2:	f047 0780 	orr.w	r7, r7, #128	@ 0x80
 80014f6:	e585      	b.n	8001004 <_vfprintf_r+0xc8>
 80014f8:	232b      	movs	r3, #43	@ 0x2b
 80014fa:	f88d 3077 	strb.w	r3, [sp, #119]	@ 0x77
 80014fe:	f89b 3000 	ldrb.w	r3, [fp]
 8001502:	e57f      	b.n	8001004 <_vfprintf_r+0xc8>
 8001504:	f89b 3000 	ldrb.w	r3, [fp]
 8001508:	f047 0701 	orr.w	r7, r7, #1
 800150c:	e57a      	b.n	8001004 <_vfprintf_r+0xc8>
 800150e:	f89d 2077 	ldrb.w	r2, [sp, #119]	@ 0x77
 8001512:	f89b 3000 	ldrb.w	r3, [fp]
 8001516:	2a00      	cmp	r2, #0
 8001518:	f47f ad74 	bne.w	8001004 <_vfprintf_r+0xc8>
 800151c:	2220      	movs	r2, #32
 800151e:	f88d 2077 	strb.w	r2, [sp, #119]	@ 0x77
 8001522:	e56f      	b.n	8001004 <_vfprintf_r+0xc8>
 8001524:	f89b 3000 	ldrb.w	r3, [fp]
 8001528:	2b6c      	cmp	r3, #108	@ 0x6c
 800152a:	bf03      	ittte	eq
 800152c:	f89b 3001 	ldrbeq.w	r3, [fp, #1]
 8001530:	f047 0720 	orreq.w	r7, r7, #32
 8001534:	f10b 0b01 	addeq.w	fp, fp, #1
 8001538:	f047 0710 	orrne.w	r7, r7, #16
 800153c:	e562      	b.n	8001004 <_vfprintf_r+0xc8>
 800153e:	f89b 3000 	ldrb.w	r3, [fp]
 8001542:	f047 0740 	orr.w	r7, r7, #64	@ 0x40
 8001546:	e55d      	b.n	8001004 <_vfprintf_r+0xc8>
 8001548:	9b0d      	ldr	r3, [sp, #52]	@ 0x34
 800154a:	2200      	movs	r2, #0
 800154c:	f88d 2077 	strb.w	r2, [sp, #119]	@ 0x77
 8001550:	f853 2b04 	ldr.w	r2, [r3], #4
 8001554:	930d      	str	r3, [sp, #52]	@ 0x34
 8001556:	2301      	movs	r3, #1
 8001558:	f88d 20a0 	strb.w	r2, [sp, #160]	@ 0xa0
 800155c:	9307      	str	r3, [sp, #28]
 800155e:	930b      	str	r3, [sp, #44]	@ 0x2c
 8001560:	ad28      	add	r5, sp, #160	@ 0xa0
 8001562:	e6ab      	b.n	80012bc <_vfprintf_r+0x380>
 8001564:	f89b 3000 	ldrb.w	r3, [fp]
 8001568:	f047 0708 	orr.w	r7, r7, #8
 800156c:	e54a      	b.n	8001004 <_vfprintf_r+0xc8>
 800156e:	9c0d      	ldr	r4, [sp, #52]	@ 0x34
 8001570:	f854 5b04 	ldr.w	r5, [r4], #4
 8001574:	2600      	movs	r6, #0
 8001576:	f88d 6077 	strb.w	r6, [sp, #119]	@ 0x77
 800157a:	2d00      	cmp	r5, #0
 800157c:	f000 83c8 	beq.w	8001d10 <_vfprintf_r+0xdd4>
 8001580:	f1b9 0f00 	cmp.w	r9, #0
 8001584:	f2c0 851d 	blt.w	8001fc2 <_vfprintf_r+0x1086>
 8001588:	464a      	mov	r2, r9
 800158a:	4631      	mov	r1, r6
 800158c:	4628      	mov	r0, r5
 800158e:	f000 ff2f 	bl	80023f0 <memchr>
 8001592:	2800      	cmp	r0, #0
 8001594:	f000 863f 	beq.w	8002216 <_vfprintf_r+0x12da>
 8001598:	1b43      	subs	r3, r0, r5
 800159a:	930b      	str	r3, [sp, #44]	@ 0x2c
 800159c:	ea23 73e3 	bic.w	r3, r3, r3, asr #31
 80015a0:	940d      	str	r4, [sp, #52]	@ 0x34
 80015a2:	46b1      	mov	r9, r6
 80015a4:	f89d 4077 	ldrb.w	r4, [sp, #119]	@ 0x77
 80015a8:	9706      	str	r7, [sp, #24]
 80015aa:	9307      	str	r3, [sp, #28]
 80015ac:	960f      	str	r6, [sp, #60]	@ 0x3c
 80015ae:	e643      	b.n	8001238 <_vfprintf_r+0x2fc>
 80015b0:	f89b 3000 	ldrb.w	r3, [fp]
 80015b4:	f047 0720 	orr.w	r7, r7, #32
 80015b8:	e524      	b.n	8001004 <_vfprintf_r+0xc8>
 80015ba:	9a0d      	ldr	r2, [sp, #52]	@ 0x34
 80015bc:	f852 3b04 	ldr.w	r3, [r2], #4
 80015c0:	920d      	str	r2, [sp, #52]	@ 0x34
 80015c2:	f647 0230 	movw	r2, #30768	@ 0x7830
 80015c6:	f8ad 2078 	strh.w	r2, [sp, #120]	@ 0x78
 80015ca:	4a3b      	ldr	r2, [pc, #236]	@ (80016b8 <_vfprintf_r+0x77c>)
 80015cc:	9215      	str	r2, [sp, #84]	@ 0x54
 80015ce:	f047 0702 	orr.w	r7, r7, #2
 80015d2:	2200      	movs	r2, #0
 80015d4:	2102      	movs	r1, #2
 80015d6:	f04f 0878 	mov.w	r8, #120	@ 0x78
 80015da:	e5f6      	b.n	80011ca <_vfprintf_r+0x28e>
 80015dc:	06bd      	lsls	r5, r7, #26
 80015de:	f140 835f 	bpl.w	8001ca0 <_vfprintf_r+0xd64>
 80015e2:	9b0d      	ldr	r3, [sp, #52]	@ 0x34
 80015e4:	9a0a      	ldr	r2, [sp, #40]	@ 0x28
 80015e6:	681b      	ldr	r3, [r3, #0]
 80015e8:	601a      	str	r2, [r3, #0]
 80015ea:	17d2      	asrs	r2, r2, #31
 80015ec:	605a      	str	r2, [r3, #4]
 80015ee:	9b0d      	ldr	r3, [sp, #52]	@ 0x34
 80015f0:	3304      	adds	r3, #4
 80015f2:	930d      	str	r3, [sp, #52]	@ 0x34
 80015f4:	e4e5      	b.n	8000fc2 <_vfprintf_r+0x86>
 80015f6:	f1b8 0f65 	cmp.w	r8, #101	@ 0x65
 80015fa:	f340 8121 	ble.w	8001840 <_vfprintf_r+0x904>
 80015fe:	e9dd 0110 	ldrd	r0, r1, [sp, #64]	@ 0x40
 8001602:	2200      	movs	r2, #0
 8001604:	2300      	movs	r3, #0
 8001606:	f005 fd33 	bl	8007070 <__aeabi_dcmpeq>
 800160a:	2800      	cmp	r0, #0
 800160c:	f000 81f5 	beq.w	80019fa <_vfprintf_r+0xabe>
 8001610:	9b26      	ldr	r3, [sp, #152]	@ 0x98
 8001612:	4a2a      	ldr	r2, [pc, #168]	@ (80016bc <_vfprintf_r+0x780>)
 8001614:	f8ca 2000 	str.w	r2, [sl]
 8001618:	3301      	adds	r3, #1
 800161a:	3401      	adds	r4, #1
 800161c:	2201      	movs	r2, #1
 800161e:	2b07      	cmp	r3, #7
 8001620:	9427      	str	r4, [sp, #156]	@ 0x9c
 8001622:	9326      	str	r3, [sp, #152]	@ 0x98
 8001624:	f8ca 2004 	str.w	r2, [sl, #4]
 8001628:	f300 84ac 	bgt.w	8001f84 <_vfprintf_r+0x1048>
 800162c:	f10a 0a08 	add.w	sl, sl, #8
 8001630:	9b1f      	ldr	r3, [sp, #124]	@ 0x7c
 8001632:	9a12      	ldr	r2, [sp, #72]	@ 0x48
 8001634:	4293      	cmp	r3, r2
 8001636:	f280 82a2 	bge.w	8001b7e <_vfprintf_r+0xc42>
 800163a:	9b13      	ldr	r3, [sp, #76]	@ 0x4c
 800163c:	9a14      	ldr	r2, [sp, #80]	@ 0x50
 800163e:	441c      	add	r4, r3
 8001640:	e9ca 2300 	strd	r2, r3, [sl]
 8001644:	9b26      	ldr	r3, [sp, #152]	@ 0x98
 8001646:	9427      	str	r4, [sp, #156]	@ 0x9c
 8001648:	3301      	adds	r3, #1
 800164a:	2b07      	cmp	r3, #7
 800164c:	9326      	str	r3, [sp, #152]	@ 0x98
 800164e:	f300 8353 	bgt.w	8001cf8 <_vfprintf_r+0xdbc>
 8001652:	f10a 0a08 	add.w	sl, sl, #8
 8001656:	9b12      	ldr	r3, [sp, #72]	@ 0x48
 8001658:	1e5d      	subs	r5, r3, #1
 800165a:	2d00      	cmp	r5, #0
 800165c:	f77f ae84 	ble.w	8001368 <_vfprintf_r+0x42c>
 8001660:	2d10      	cmp	r5, #16
 8001662:	9b26      	ldr	r3, [sp, #152]	@ 0x98
 8001664:	4f16      	ldr	r7, [pc, #88]	@ (80016c0 <_vfprintf_r+0x784>)
 8001666:	f340 80d4 	ble.w	8001812 <_vfprintf_r+0x8d6>
 800166a:	f8dd 8030 	ldr.w	r8, [sp, #48]	@ 0x30
 800166e:	f8dd 9020 	ldr.w	r9, [sp, #32]
 8001672:	2610      	movs	r6, #16
 8001674:	e005      	b.n	8001682 <_vfprintf_r+0x746>
 8001676:	f10a 0a08 	add.w	sl, sl, #8
 800167a:	3d10      	subs	r5, #16
 800167c:	2d10      	cmp	r5, #16
 800167e:	f340 80c8 	ble.w	8001812 <_vfprintf_r+0x8d6>
 8001682:	3301      	adds	r3, #1
 8001684:	3410      	adds	r4, #16
 8001686:	2b07      	cmp	r3, #7
 8001688:	e9ca 7600 	strd	r7, r6, [sl]
 800168c:	e9cd 3426 	strd	r3, r4, [sp, #152]	@ 0x98
 8001690:	ddf1      	ble.n	8001676 <_vfprintf_r+0x73a>
 8001692:	aa25      	add	r2, sp, #148	@ 0x94
 8001694:	4649      	mov	r1, r9
 8001696:	4640      	mov	r0, r8
 8001698:	f002 ffa2 	bl	80045e0 <__sprint_r>
 800169c:	2800      	cmp	r0, #0
 800169e:	f47f adf8 	bne.w	8001292 <_vfprintf_r+0x356>
 80016a2:	e9dd 3426 	ldrd	r3, r4, [sp, #152]	@ 0x98
 80016a6:	f10d 0ac8 	add.w	sl, sp, #200	@ 0xc8
 80016aa:	e7e6      	b.n	800167a <_vfprintf_r+0x73e>
 80016ac:	7fefffff 	.word	0x7fefffff
 80016b0:	08007328 	.word	0x08007328
 80016b4:	08007324 	.word	0x08007324
 80016b8:	08007348 	.word	0x08007348
 80016bc:	08007364 	.word	0x08007364
 80016c0:	080075b0 	.word	0x080075b0
 80016c4:	9b09      	ldr	r3, [sp, #36]	@ 0x24
 80016c6:	9a07      	ldr	r2, [sp, #28]
 80016c8:	1a9e      	subs	r6, r3, r2
 80016ca:	2e00      	cmp	r6, #0
 80016cc:	f77f ae33 	ble.w	8001336 <_vfprintf_r+0x3fa>
 80016d0:	2e10      	cmp	r6, #16
 80016d2:	9b26      	ldr	r3, [sp, #152]	@ 0x98
 80016d4:	4faf      	ldr	r7, [pc, #700]	@ (8001994 <_vfprintf_r+0xa58>)
 80016d6:	dd24      	ble.n	8001722 <_vfprintf_r+0x7e6>
 80016d8:	4652      	mov	r2, sl
 80016da:	4621      	mov	r1, r4
 80016dc:	46aa      	mov	sl, r5
 80016de:	9c0c      	ldr	r4, [sp, #48]	@ 0x30
 80016e0:	9d08      	ldr	r5, [sp, #32]
 80016e2:	e004      	b.n	80016ee <_vfprintf_r+0x7b2>
 80016e4:	3e10      	subs	r6, #16
 80016e6:	2e10      	cmp	r6, #16
 80016e8:	f102 0208 	add.w	r2, r2, #8
 80016ec:	dd16      	ble.n	800171c <_vfprintf_r+0x7e0>
 80016ee:	3301      	adds	r3, #1
 80016f0:	3110      	adds	r1, #16
 80016f2:	2010      	movs	r0, #16
 80016f4:	2b07      	cmp	r3, #7
 80016f6:	e9cd 3126 	strd	r3, r1, [sp, #152]	@ 0x98
 80016fa:	6017      	str	r7, [r2, #0]
 80016fc:	6050      	str	r0, [r2, #4]
 80016fe:	ddf1      	ble.n	80016e4 <_vfprintf_r+0x7a8>
 8001700:	aa25      	add	r2, sp, #148	@ 0x94
 8001702:	4629      	mov	r1, r5
 8001704:	4620      	mov	r0, r4
 8001706:	f002 ff6b 	bl	80045e0 <__sprint_r>
 800170a:	2800      	cmp	r0, #0
 800170c:	f47f adc1 	bne.w	8001292 <_vfprintf_r+0x356>
 8001710:	3e10      	subs	r6, #16
 8001712:	2e10      	cmp	r6, #16
 8001714:	e9dd 3126 	ldrd	r3, r1, [sp, #152]	@ 0x98
 8001718:	aa32      	add	r2, sp, #200	@ 0xc8
 800171a:	dce8      	bgt.n	80016ee <_vfprintf_r+0x7b2>
 800171c:	4655      	mov	r5, sl
 800171e:	460c      	mov	r4, r1
 8001720:	4692      	mov	sl, r2
 8001722:	3301      	adds	r3, #1
 8001724:	4434      	add	r4, r6
 8001726:	2b07      	cmp	r3, #7
 8001728:	e9cd 3426 	strd	r3, r4, [sp, #152]	@ 0x98
 800172c:	f8ca 7000 	str.w	r7, [sl]
 8001730:	f8ca 6004 	str.w	r6, [sl, #4]
 8001734:	f300 8438 	bgt.w	8001fa8 <_vfprintf_r+0x106c>
 8001738:	9b0b      	ldr	r3, [sp, #44]	@ 0x2c
 800173a:	eba9 0603 	sub.w	r6, r9, r3
 800173e:	2e00      	cmp	r6, #0
 8001740:	f10a 0a08 	add.w	sl, sl, #8
 8001744:	f77f adfd 	ble.w	8001342 <_vfprintf_r+0x406>
 8001748:	2e10      	cmp	r6, #16
 800174a:	9b26      	ldr	r3, [sp, #152]	@ 0x98
 800174c:	4f91      	ldr	r7, [pc, #580]	@ (8001994 <_vfprintf_r+0xa58>)
 800174e:	dd2c      	ble.n	80017aa <_vfprintf_r+0x86e>
 8001750:	4652      	mov	r2, sl
 8001752:	4621      	mov	r1, r4
 8001754:	46b2      	mov	sl, r6
 8001756:	9c0c      	ldr	r4, [sp, #48]	@ 0x30
 8001758:	462e      	mov	r6, r5
 800175a:	f04f 0910 	mov.w	r9, #16
 800175e:	9d08      	ldr	r5, [sp, #32]
 8001760:	e006      	b.n	8001770 <_vfprintf_r+0x834>
 8001762:	f1aa 0a10 	sub.w	sl, sl, #16
 8001766:	f1ba 0f10 	cmp.w	sl, #16
 800176a:	f102 0208 	add.w	r2, r2, #8
 800176e:	dd18      	ble.n	80017a2 <_vfprintf_r+0x866>
 8001770:	3301      	adds	r3, #1
 8001772:	4888      	ldr	r0, [pc, #544]	@ (8001994 <_vfprintf_r+0xa58>)
 8001774:	3110      	adds	r1, #16
 8001776:	2b07      	cmp	r3, #7
 8001778:	e9c2 0900 	strd	r0, r9, [r2]
 800177c:	e9cd 3126 	strd	r3, r1, [sp, #152]	@ 0x98
 8001780:	ddef      	ble.n	8001762 <_vfprintf_r+0x826>
 8001782:	aa25      	add	r2, sp, #148	@ 0x94
 8001784:	4629      	mov	r1, r5
 8001786:	4620      	mov	r0, r4
 8001788:	f002 ff2a 	bl	80045e0 <__sprint_r>
 800178c:	2800      	cmp	r0, #0
 800178e:	f47f ad80 	bne.w	8001292 <_vfprintf_r+0x356>
 8001792:	f1aa 0a10 	sub.w	sl, sl, #16
 8001796:	f1ba 0f10 	cmp.w	sl, #16
 800179a:	e9dd 3126 	ldrd	r3, r1, [sp, #152]	@ 0x98
 800179e:	aa32      	add	r2, sp, #200	@ 0xc8
 80017a0:	dce6      	bgt.n	8001770 <_vfprintf_r+0x834>
 80017a2:	4635      	mov	r5, r6
 80017a4:	460c      	mov	r4, r1
 80017a6:	4656      	mov	r6, sl
 80017a8:	4692      	mov	sl, r2
 80017aa:	3301      	adds	r3, #1
 80017ac:	4434      	add	r4, r6
 80017ae:	2b07      	cmp	r3, #7
 80017b0:	e9cd 3426 	strd	r3, r4, [sp, #152]	@ 0x98
 80017b4:	f8ca 7000 	str.w	r7, [sl]
 80017b8:	f8ca 6004 	str.w	r6, [sl, #4]
 80017bc:	f300 81d2 	bgt.w	8001b64 <_vfprintf_r+0xc28>
 80017c0:	f10a 0a08 	add.w	sl, sl, #8
 80017c4:	e5bd      	b.n	8001342 <_vfprintf_r+0x406>
 80017c6:	2901      	cmp	r1, #1
 80017c8:	9f06      	ldr	r7, [sp, #24]
 80017ca:	f04f 0300 	mov.w	r3, #0
 80017ce:	f43f ae58 	beq.w	8001482 <_vfprintf_r+0x546>
 80017d2:	2902      	cmp	r1, #2
 80017d4:	461a      	mov	r2, r3
 80017d6:	f47f ad0b 	bne.w	80011f0 <_vfprintf_r+0x2b4>
 80017da:	9815      	ldr	r0, [sp, #84]	@ 0x54
 80017dc:	ad32      	add	r5, sp, #200	@ 0xc8
 80017de:	f003 010f 	and.w	r1, r3, #15
 80017e2:	091b      	lsrs	r3, r3, #4
 80017e4:	5c41      	ldrb	r1, [r0, r1]
 80017e6:	f805 1d01 	strb.w	r1, [r5, #-1]!
 80017ea:	ea43 7302 	orr.w	r3, r3, r2, lsl #28
 80017ee:	0912      	lsrs	r2, r2, #4
 80017f0:	ea53 0102 	orrs.w	r1, r3, r2
 80017f4:	d1f3      	bne.n	80017de <_vfprintf_r+0x8a2>
 80017f6:	ab32      	add	r3, sp, #200	@ 0xc8
 80017f8:	1b5b      	subs	r3, r3, r5
 80017fa:	9706      	str	r7, [sp, #24]
 80017fc:	930b      	str	r3, [sp, #44]	@ 0x2c
 80017fe:	e514      	b.n	800122a <_vfprintf_r+0x2ee>
 8001800:	9908      	ldr	r1, [sp, #32]
 8001802:	980c      	ldr	r0, [sp, #48]	@ 0x30
 8001804:	aa25      	add	r2, sp, #148	@ 0x94
 8001806:	f002 feeb 	bl	80045e0 <__sprint_r>
 800180a:	2800      	cmp	r0, #0
 800180c:	f43f adc0 	beq.w	8001390 <_vfprintf_r+0x454>
 8001810:	e53f      	b.n	8001292 <_vfprintf_r+0x356>
 8001812:	3301      	adds	r3, #1
 8001814:	442c      	add	r4, r5
 8001816:	2b07      	cmp	r3, #7
 8001818:	f8ca 7000 	str.w	r7, [sl]
 800181c:	f8ca 5004 	str.w	r5, [sl, #4]
 8001820:	e9cd 3426 	strd	r3, r4, [sp, #152]	@ 0x98
 8001824:	f77f ad9e 	ble.w	8001364 <_vfprintf_r+0x428>
 8001828:	9908      	ldr	r1, [sp, #32]
 800182a:	980c      	ldr	r0, [sp, #48]	@ 0x30
 800182c:	aa25      	add	r2, sp, #148	@ 0x94
 800182e:	f002 fed7 	bl	80045e0 <__sprint_r>
 8001832:	2800      	cmp	r0, #0
 8001834:	f47f ad2d 	bne.w	8001292 <_vfprintf_r+0x356>
 8001838:	9c27      	ldr	r4, [sp, #156]	@ 0x9c
 800183a:	f10d 0ac8 	add.w	sl, sp, #200	@ 0xc8
 800183e:	e593      	b.n	8001368 <_vfprintf_r+0x42c>
 8001840:	9b12      	ldr	r3, [sp, #72]	@ 0x48
 8001842:	9e26      	ldr	r6, [sp, #152]	@ 0x98
 8001844:	2b01      	cmp	r3, #1
 8001846:	f104 0401 	add.w	r4, r4, #1
 800184a:	f106 0601 	add.w	r6, r6, #1
 800184e:	f10a 0808 	add.w	r8, sl, #8
 8001852:	f340 813e 	ble.w	8001ad2 <_vfprintf_r+0xb96>
 8001856:	2301      	movs	r3, #1
 8001858:	2e07      	cmp	r6, #7
 800185a:	e9cd 6426 	strd	r6, r4, [sp, #152]	@ 0x98
 800185e:	f8ca 5000 	str.w	r5, [sl]
 8001862:	f8ca 3004 	str.w	r3, [sl, #4]
 8001866:	f300 82f6 	bgt.w	8001e56 <_vfprintf_r+0xf1a>
 800186a:	9b13      	ldr	r3, [sp, #76]	@ 0x4c
 800186c:	9a14      	ldr	r2, [sp, #80]	@ 0x50
 800186e:	3601      	adds	r6, #1
 8001870:	441c      	add	r4, r3
 8001872:	2e07      	cmp	r6, #7
 8001874:	e9c8 2300 	strd	r2, r3, [r8]
 8001878:	e9cd 6426 	strd	r6, r4, [sp, #152]	@ 0x98
 800187c:	f300 82f8 	bgt.w	8001e70 <_vfprintf_r+0xf34>
 8001880:	f108 0808 	add.w	r8, r8, #8
 8001884:	9b12      	ldr	r3, [sp, #72]	@ 0x48
 8001886:	e9dd 0110 	ldrd	r0, r1, [sp, #64]	@ 0x40
 800188a:	f103 39ff 	add.w	r9, r3, #4294967295	@ 0xffffffff
 800188e:	2200      	movs	r2, #0
 8001890:	2300      	movs	r3, #0
 8001892:	f005 fbed 	bl	8007070 <__aeabi_dcmpeq>
 8001896:	2800      	cmp	r0, #0
 8001898:	f040 813b 	bne.w	8001b12 <_vfprintf_r+0xbd6>
 800189c:	3601      	adds	r6, #1
 800189e:	3501      	adds	r5, #1
 80018a0:	444c      	add	r4, r9
 80018a2:	2e07      	cmp	r6, #7
 80018a4:	e9cd 6426 	strd	r6, r4, [sp, #152]	@ 0x98
 80018a8:	f8c8 5000 	str.w	r5, [r8]
 80018ac:	f8c8 9004 	str.w	r9, [r8, #4]
 80018b0:	f300 811d 	bgt.w	8001aee <_vfprintf_r+0xbb2>
 80018b4:	f108 0808 	add.w	r8, r8, #8
 80018b8:	9b16      	ldr	r3, [sp, #88]	@ 0x58
 80018ba:	f8c8 3004 	str.w	r3, [r8, #4]
 80018be:	3601      	adds	r6, #1
 80018c0:	441c      	add	r4, r3
 80018c2:	2e07      	cmp	r6, #7
 80018c4:	ab21      	add	r3, sp, #132	@ 0x84
 80018c6:	e9cd 6426 	strd	r6, r4, [sp, #152]	@ 0x98
 80018ca:	f8c8 3000 	str.w	r3, [r8]
 80018ce:	dcab      	bgt.n	8001828 <_vfprintf_r+0x8ec>
 80018d0:	f108 0a08 	add.w	sl, r8, #8
 80018d4:	e548      	b.n	8001368 <_vfprintf_r+0x42c>
 80018d6:	2e10      	cmp	r6, #16
 80018d8:	9a26      	ldr	r2, [sp, #152]	@ 0x98
 80018da:	4f2f      	ldr	r7, [pc, #188]	@ (8001998 <_vfprintf_r+0xa5c>)
 80018dc:	dd28      	ble.n	8001930 <_vfprintf_r+0x9f4>
 80018de:	4651      	mov	r1, sl
 80018e0:	4620      	mov	r0, r4
 80018e2:	46ca      	mov	sl, r9
 80018e4:	9c0c      	ldr	r4, [sp, #48]	@ 0x30
 80018e6:	9317      	str	r3, [sp, #92]	@ 0x5c
 80018e8:	46a9      	mov	r9, r5
 80018ea:	9d08      	ldr	r5, [sp, #32]
 80018ec:	e004      	b.n	80018f8 <_vfprintf_r+0x9bc>
 80018ee:	3e10      	subs	r6, #16
 80018f0:	2e10      	cmp	r6, #16
 80018f2:	f101 0108 	add.w	r1, r1, #8
 80018f6:	dd16      	ble.n	8001926 <_vfprintf_r+0x9ea>
 80018f8:	3201      	adds	r2, #1
 80018fa:	3010      	adds	r0, #16
 80018fc:	2310      	movs	r3, #16
 80018fe:	2a07      	cmp	r2, #7
 8001900:	e9cd 2026 	strd	r2, r0, [sp, #152]	@ 0x98
 8001904:	600f      	str	r7, [r1, #0]
 8001906:	604b      	str	r3, [r1, #4]
 8001908:	ddf1      	ble.n	80018ee <_vfprintf_r+0x9b2>
 800190a:	aa25      	add	r2, sp, #148	@ 0x94
 800190c:	4629      	mov	r1, r5
 800190e:	4620      	mov	r0, r4
 8001910:	f002 fe66 	bl	80045e0 <__sprint_r>
 8001914:	2800      	cmp	r0, #0
 8001916:	f47f acbc 	bne.w	8001292 <_vfprintf_r+0x356>
 800191a:	3e10      	subs	r6, #16
 800191c:	2e10      	cmp	r6, #16
 800191e:	e9dd 2026 	ldrd	r2, r0, [sp, #152]	@ 0x98
 8001922:	a932      	add	r1, sp, #200	@ 0xc8
 8001924:	dce8      	bgt.n	80018f8 <_vfprintf_r+0x9bc>
 8001926:	9b17      	ldr	r3, [sp, #92]	@ 0x5c
 8001928:	464d      	mov	r5, r9
 800192a:	4604      	mov	r4, r0
 800192c:	46d1      	mov	r9, sl
 800192e:	468a      	mov	sl, r1
 8001930:	3201      	adds	r2, #1
 8001932:	4434      	add	r4, r6
 8001934:	2a07      	cmp	r2, #7
 8001936:	e9cd 2426 	strd	r2, r4, [sp, #152]	@ 0x98
 800193a:	f8ca 7000 	str.w	r7, [sl]
 800193e:	f8ca 6004 	str.w	r6, [sl, #4]
 8001942:	f300 82dc 	bgt.w	8001efe <_vfprintf_r+0xfc2>
 8001946:	f10a 0a08 	add.w	sl, sl, #8
 800194a:	e4c9      	b.n	80012e0 <_vfprintf_r+0x3a4>
 800194c:	9908      	ldr	r1, [sp, #32]
 800194e:	980c      	ldr	r0, [sp, #48]	@ 0x30
 8001950:	9317      	str	r3, [sp, #92]	@ 0x5c
 8001952:	aa25      	add	r2, sp, #148	@ 0x94
 8001954:	f002 fe44 	bl	80045e0 <__sprint_r>
 8001958:	2800      	cmp	r0, #0
 800195a:	f47f ac9a 	bne.w	8001292 <_vfprintf_r+0x356>
 800195e:	9c27      	ldr	r4, [sp, #156]	@ 0x9c
 8001960:	9b17      	ldr	r3, [sp, #92]	@ 0x5c
 8001962:	f10d 0ac8 	add.w	sl, sp, #200	@ 0xc8
 8001966:	e4d0      	b.n	800130a <_vfprintf_r+0x3ce>
 8001968:	9908      	ldr	r1, [sp, #32]
 800196a:	980c      	ldr	r0, [sp, #48]	@ 0x30
 800196c:	aa25      	add	r2, sp, #148	@ 0x94
 800196e:	f002 fe37 	bl	80045e0 <__sprint_r>
 8001972:	2800      	cmp	r0, #0
 8001974:	f47f ac8d 	bne.w	8001292 <_vfprintf_r+0x356>
 8001978:	9c27      	ldr	r4, [sp, #156]	@ 0x9c
 800197a:	f10d 0ac8 	add.w	sl, sp, #200	@ 0xc8
 800197e:	e4d6      	b.n	800132e <_vfprintf_r+0x3f2>
 8001980:	2d10      	cmp	r5, #16
 8001982:	9b26      	ldr	r3, [sp, #152]	@ 0x98
 8001984:	4f04      	ldr	r7, [pc, #16]	@ (8001998 <_vfprintf_r+0xa5c>)
 8001986:	dd25      	ble.n	80019d4 <_vfprintf_r+0xa98>
 8001988:	f8dd 8030 	ldr.w	r8, [sp, #48]	@ 0x30
 800198c:	f8dd 9020 	ldr.w	r9, [sp, #32]
 8001990:	2610      	movs	r6, #16
 8001992:	e008      	b.n	80019a6 <_vfprintf_r+0xa6a>
 8001994:	080075b0 	.word	0x080075b0
 8001998:	080075a0 	.word	0x080075a0
 800199c:	3d10      	subs	r5, #16
 800199e:	2d10      	cmp	r5, #16
 80019a0:	f10a 0a08 	add.w	sl, sl, #8
 80019a4:	dd16      	ble.n	80019d4 <_vfprintf_r+0xa98>
 80019a6:	3301      	adds	r3, #1
 80019a8:	3410      	adds	r4, #16
 80019aa:	2b07      	cmp	r3, #7
 80019ac:	e9ca 7600 	strd	r7, r6, [sl]
 80019b0:	e9cd 3426 	strd	r3, r4, [sp, #152]	@ 0x98
 80019b4:	ddf2      	ble.n	800199c <_vfprintf_r+0xa60>
 80019b6:	aa25      	add	r2, sp, #148	@ 0x94
 80019b8:	4649      	mov	r1, r9
 80019ba:	4640      	mov	r0, r8
 80019bc:	f002 fe10 	bl	80045e0 <__sprint_r>
 80019c0:	2800      	cmp	r0, #0
 80019c2:	f47f ac66 	bne.w	8001292 <_vfprintf_r+0x356>
 80019c6:	3d10      	subs	r5, #16
 80019c8:	2d10      	cmp	r5, #16
 80019ca:	e9dd 3426 	ldrd	r3, r4, [sp, #152]	@ 0x98
 80019ce:	f10d 0ac8 	add.w	sl, sp, #200	@ 0xc8
 80019d2:	dce8      	bgt.n	80019a6 <_vfprintf_r+0xa6a>
 80019d4:	3301      	adds	r3, #1
 80019d6:	442c      	add	r4, r5
 80019d8:	2b07      	cmp	r3, #7
 80019da:	e9ca 7500 	strd	r7, r5, [sl]
 80019de:	e9cd 3426 	strd	r3, r4, [sp, #152]	@ 0x98
 80019e2:	f77f acca 	ble.w	800137a <_vfprintf_r+0x43e>
 80019e6:	9908      	ldr	r1, [sp, #32]
 80019e8:	980c      	ldr	r0, [sp, #48]	@ 0x30
 80019ea:	aa25      	add	r2, sp, #148	@ 0x94
 80019ec:	f002 fdf8 	bl	80045e0 <__sprint_r>
 80019f0:	2800      	cmp	r0, #0
 80019f2:	f47f ac4e 	bne.w	8001292 <_vfprintf_r+0x356>
 80019f6:	9c27      	ldr	r4, [sp, #156]	@ 0x9c
 80019f8:	e4bf      	b.n	800137a <_vfprintf_r+0x43e>
 80019fa:	991f      	ldr	r1, [sp, #124]	@ 0x7c
 80019fc:	2900      	cmp	r1, #0
 80019fe:	f340 828d 	ble.w	8001f1c <_vfprintf_r+0xfe0>
 8001a02:	9f0f      	ldr	r7, [sp, #60]	@ 0x3c
 8001a04:	9b12      	ldr	r3, [sp, #72]	@ 0x48
 8001a06:	429f      	cmp	r7, r3
 8001a08:	bfa8      	it	ge
 8001a0a:	461f      	movge	r7, r3
 8001a0c:	2f00      	cmp	r7, #0
 8001a0e:	dd0b      	ble.n	8001a28 <_vfprintf_r+0xaec>
 8001a10:	9b26      	ldr	r3, [sp, #152]	@ 0x98
 8001a12:	3301      	adds	r3, #1
 8001a14:	443c      	add	r4, r7
 8001a16:	2b07      	cmp	r3, #7
 8001a18:	e9ca 5700 	strd	r5, r7, [sl]
 8001a1c:	9427      	str	r4, [sp, #156]	@ 0x9c
 8001a1e:	9326      	str	r3, [sp, #152]	@ 0x98
 8001a20:	f300 83d6 	bgt.w	80021d0 <_vfprintf_r+0x1294>
 8001a24:	f10a 0a08 	add.w	sl, sl, #8
 8001a28:	9e0f      	ldr	r6, [sp, #60]	@ 0x3c
 8001a2a:	2f00      	cmp	r7, #0
 8001a2c:	bfa8      	it	ge
 8001a2e:	1bf6      	subge	r6, r6, r7
 8001a30:	2e00      	cmp	r6, #0
 8001a32:	f300 8177 	bgt.w	8001d24 <_vfprintf_r+0xde8>
 8001a36:	9b1f      	ldr	r3, [sp, #124]	@ 0x7c
 8001a38:	9a12      	ldr	r2, [sp, #72]	@ 0x48
 8001a3a:	4293      	cmp	r3, r2
 8001a3c:	f2c0 81a1 	blt.w	8001d82 <_vfprintf_r+0xe46>
 8001a40:	9a06      	ldr	r2, [sp, #24]
 8001a42:	07d0      	lsls	r0, r2, #31
 8001a44:	f100 819d 	bmi.w	8001d82 <_vfprintf_r+0xe46>
 8001a48:	9a12      	ldr	r2, [sp, #72]	@ 0x48
 8001a4a:	990f      	ldr	r1, [sp, #60]	@ 0x3c
 8001a4c:	1ad3      	subs	r3, r2, r3
 8001a4e:	1a56      	subs	r6, r2, r1
 8001a50:	429e      	cmp	r6, r3
 8001a52:	bfa8      	it	ge
 8001a54:	461e      	movge	r6, r3
 8001a56:	2e00      	cmp	r6, #0
 8001a58:	dd0e      	ble.n	8001a78 <_vfprintf_r+0xb3c>
 8001a5a:	9a26      	ldr	r2, [sp, #152]	@ 0x98
 8001a5c:	f8ca 6004 	str.w	r6, [sl, #4]
 8001a60:	3201      	adds	r2, #1
 8001a62:	440d      	add	r5, r1
 8001a64:	4434      	add	r4, r6
 8001a66:	2a07      	cmp	r2, #7
 8001a68:	f8ca 5000 	str.w	r5, [sl]
 8001a6c:	9427      	str	r4, [sp, #156]	@ 0x9c
 8001a6e:	9226      	str	r2, [sp, #152]	@ 0x98
 8001a70:	f300 83ba 	bgt.w	80021e8 <_vfprintf_r+0x12ac>
 8001a74:	f10a 0a08 	add.w	sl, sl, #8
 8001a78:	2e00      	cmp	r6, #0
 8001a7a:	bfac      	ite	ge
 8001a7c:	1b9d      	subge	r5, r3, r6
 8001a7e:	461d      	movlt	r5, r3
 8001a80:	2d00      	cmp	r5, #0
 8001a82:	f77f ac71 	ble.w	8001368 <_vfprintf_r+0x42c>
 8001a86:	2d10      	cmp	r5, #16
 8001a88:	9b26      	ldr	r3, [sp, #152]	@ 0x98
 8001a8a:	4fac      	ldr	r7, [pc, #688]	@ (8001d3c <_vfprintf_r+0xe00>)
 8001a8c:	f77f aec1 	ble.w	8001812 <_vfprintf_r+0x8d6>
 8001a90:	f8dd 8030 	ldr.w	r8, [sp, #48]	@ 0x30
 8001a94:	f8dd 9020 	ldr.w	r9, [sp, #32]
 8001a98:	2610      	movs	r6, #16
 8001a9a:	e005      	b.n	8001aa8 <_vfprintf_r+0xb6c>
 8001a9c:	f10a 0a08 	add.w	sl, sl, #8
 8001aa0:	3d10      	subs	r5, #16
 8001aa2:	2d10      	cmp	r5, #16
 8001aa4:	f77f aeb5 	ble.w	8001812 <_vfprintf_r+0x8d6>
 8001aa8:	3301      	adds	r3, #1
 8001aaa:	3410      	adds	r4, #16
 8001aac:	2b07      	cmp	r3, #7
 8001aae:	e9ca 7600 	strd	r7, r6, [sl]
 8001ab2:	e9cd 3426 	strd	r3, r4, [sp, #152]	@ 0x98
 8001ab6:	ddf1      	ble.n	8001a9c <_vfprintf_r+0xb60>
 8001ab8:	aa25      	add	r2, sp, #148	@ 0x94
 8001aba:	4649      	mov	r1, r9
 8001abc:	4640      	mov	r0, r8
 8001abe:	f002 fd8f 	bl	80045e0 <__sprint_r>
 8001ac2:	2800      	cmp	r0, #0
 8001ac4:	f47f abe5 	bne.w	8001292 <_vfprintf_r+0x356>
 8001ac8:	e9dd 3426 	ldrd	r3, r4, [sp, #152]	@ 0x98
 8001acc:	f10d 0ac8 	add.w	sl, sp, #200	@ 0xc8
 8001ad0:	e7e6      	b.n	8001aa0 <_vfprintf_r+0xb64>
 8001ad2:	9b06      	ldr	r3, [sp, #24]
 8001ad4:	07d9      	lsls	r1, r3, #31
 8001ad6:	f53f aebe 	bmi.w	8001856 <_vfprintf_r+0x91a>
 8001ada:	2301      	movs	r3, #1
 8001adc:	2e07      	cmp	r6, #7
 8001ade:	e9cd 6426 	strd	r6, r4, [sp, #152]	@ 0x98
 8001ae2:	f8ca 5000 	str.w	r5, [sl]
 8001ae6:	f8ca 3004 	str.w	r3, [sl, #4]
 8001aea:	f77f aee5 	ble.w	80018b8 <_vfprintf_r+0x97c>
 8001aee:	9908      	ldr	r1, [sp, #32]
 8001af0:	980c      	ldr	r0, [sp, #48]	@ 0x30
 8001af2:	aa25      	add	r2, sp, #148	@ 0x94
 8001af4:	f002 fd74 	bl	80045e0 <__sprint_r>
 8001af8:	2800      	cmp	r0, #0
 8001afa:	f47f abca 	bne.w	8001292 <_vfprintf_r+0x356>
 8001afe:	e9dd 6426 	ldrd	r6, r4, [sp, #152]	@ 0x98
 8001b02:	f10d 08c8 	add.w	r8, sp, #200	@ 0xc8
 8001b06:	e6d7      	b.n	80018b8 <_vfprintf_r+0x97c>
 8001b08:	f8cd 902c 	str.w	r9, [sp, #44]	@ 0x2c
 8001b0c:	ad32      	add	r5, sp, #200	@ 0xc8
 8001b0e:	f7ff bb8c 	b.w	800122a <_vfprintf_r+0x2ee>
 8001b12:	9b12      	ldr	r3, [sp, #72]	@ 0x48
 8001b14:	2b01      	cmp	r3, #1
 8001b16:	f77f aecf 	ble.w	80018b8 <_vfprintf_r+0x97c>
 8001b1a:	2b11      	cmp	r3, #17
 8001b1c:	4f87      	ldr	r7, [pc, #540]	@ (8001d3c <_vfprintf_r+0xe00>)
 8001b1e:	f340 8295 	ble.w	800204c <_vfprintf_r+0x1110>
 8001b22:	f8dd a030 	ldr.w	sl, [sp, #48]	@ 0x30
 8001b26:	2510      	movs	r5, #16
 8001b28:	e007      	b.n	8001b3a <_vfprintf_r+0xbfe>
 8001b2a:	f108 0808 	add.w	r8, r8, #8
 8001b2e:	f1a9 0910 	sub.w	r9, r9, #16
 8001b32:	f1b9 0f10 	cmp.w	r9, #16
 8001b36:	f340 8289 	ble.w	800204c <_vfprintf_r+0x1110>
 8001b3a:	3601      	adds	r6, #1
 8001b3c:	3410      	adds	r4, #16
 8001b3e:	2e07      	cmp	r6, #7
 8001b40:	e9c8 7500 	strd	r7, r5, [r8]
 8001b44:	e9cd 6426 	strd	r6, r4, [sp, #152]	@ 0x98
 8001b48:	ddef      	ble.n	8001b2a <_vfprintf_r+0xbee>
 8001b4a:	9908      	ldr	r1, [sp, #32]
 8001b4c:	aa25      	add	r2, sp, #148	@ 0x94
 8001b4e:	4650      	mov	r0, sl
 8001b50:	f002 fd46 	bl	80045e0 <__sprint_r>
 8001b54:	2800      	cmp	r0, #0
 8001b56:	f47f ab9c 	bne.w	8001292 <_vfprintf_r+0x356>
 8001b5a:	e9dd 6426 	ldrd	r6, r4, [sp, #152]	@ 0x98
 8001b5e:	f10d 08c8 	add.w	r8, sp, #200	@ 0xc8
 8001b62:	e7e4      	b.n	8001b2e <_vfprintf_r+0xbf2>
 8001b64:	9908      	ldr	r1, [sp, #32]
 8001b66:	980c      	ldr	r0, [sp, #48]	@ 0x30
 8001b68:	aa25      	add	r2, sp, #148	@ 0x94
 8001b6a:	f002 fd39 	bl	80045e0 <__sprint_r>
 8001b6e:	2800      	cmp	r0, #0
 8001b70:	f47f ab8f 	bne.w	8001292 <_vfprintf_r+0x356>
 8001b74:	9c27      	ldr	r4, [sp, #156]	@ 0x9c
 8001b76:	f10d 0ac8 	add.w	sl, sp, #200	@ 0xc8
 8001b7a:	f7ff bbe2 	b.w	8001342 <_vfprintf_r+0x406>
 8001b7e:	9b06      	ldr	r3, [sp, #24]
 8001b80:	07dd      	lsls	r5, r3, #31
 8001b82:	f57f abf1 	bpl.w	8001368 <_vfprintf_r+0x42c>
 8001b86:	e558      	b.n	800163a <_vfprintf_r+0x6fe>
 8001b88:	930d      	str	r3, [sp, #52]	@ 0x34
 8001b8a:	f89b 3000 	ldrb.w	r3, [fp]
 8001b8e:	f7ff ba39 	b.w	8001004 <_vfprintf_r+0xc8>
 8001b92:	ad32      	add	r5, sp, #200	@ 0xc8
 8001b94:	f7ff bb49 	b.w	800122a <_vfprintf_r+0x2ee>
 8001b98:	f017 0240 	ands.w	r2, r7, #64	@ 0x40
 8001b9c:	bf1c      	itt	ne
 8001b9e:	460a      	movne	r2, r1
 8001ba0:	b29b      	uxthne	r3, r3
 8001ba2:	2101      	movs	r1, #1
 8001ba4:	f7ff bb11 	b.w	80011ca <_vfprintf_r+0x28e>
 8001ba8:	e9dd 0110 	ldrd	r0, r1, [sp, #64]	@ 0x40
 8001bac:	4602      	mov	r2, r0
 8001bae:	460b      	mov	r3, r1
 8001bb0:	f005 fa90 	bl	80070d4 <__aeabi_dcmpun>
 8001bb4:	2800      	cmp	r0, #0
 8001bb6:	f040 837b 	bne.w	80022b0 <_vfprintf_r+0x1374>
 8001bba:	f1b9 3fff 	cmp.w	r9, #4294967295	@ 0xffffffff
 8001bbe:	f028 0620 	bic.w	r6, r8, #32
 8001bc2:	f000 8320 	beq.w	8002206 <_vfprintf_r+0x12ca>
 8001bc6:	2e47      	cmp	r6, #71	@ 0x47
 8001bc8:	d104      	bne.n	8001bd4 <_vfprintf_r+0xc98>
 8001bca:	f1b9 0f00 	cmp.w	r9, #0
 8001bce:	bf08      	it	eq
 8001bd0:	f04f 0901 	moveq.w	r9, #1
 8001bd4:	e9dd 1210 	ldrd	r1, r2, [sp, #64]	@ 0x40
 8001bd8:	f447 7080 	orr.w	r0, r7, #256	@ 0x100
 8001bdc:	2a00      	cmp	r2, #0
 8001bde:	9006      	str	r0, [sp, #24]
 8001be0:	f2c0 82da 	blt.w	8002198 <_vfprintf_r+0x125c>
 8001be4:	2300      	movs	r3, #0
 8001be6:	930e      	str	r3, [sp, #56]	@ 0x38
 8001be8:	e9dd 3410 	ldrd	r3, r4, [sp, #64]	@ 0x40
 8001bec:	e9cd 341a 	strd	r3, r4, [sp, #104]	@ 0x68
 8001bf0:	f1b8 0f65 	cmp.w	r8, #101	@ 0x65
 8001bf4:	f000 82a5 	beq.w	8002142 <_vfprintf_r+0x1206>
 8001bf8:	f300 82e2 	bgt.w	80021c0 <_vfprintf_r+0x1284>
 8001bfc:	f1b8 0f45 	cmp.w	r8, #69	@ 0x45
 8001c00:	f000 829f 	beq.w	8002142 <_vfprintf_r+0x1206>
 8001c04:	ab23      	add	r3, sp, #140	@ 0x8c
 8001c06:	9304      	str	r3, [sp, #16]
 8001c08:	ab20      	add	r3, sp, #128	@ 0x80
 8001c0a:	9303      	str	r3, [sp, #12]
 8001c0c:	ab1f      	add	r3, sp, #124	@ 0x7c
 8001c0e:	9302      	str	r3, [sp, #8]
 8001c10:	2302      	movs	r3, #2
 8001c12:	9300      	str	r3, [sp, #0]
 8001c14:	980c      	ldr	r0, [sp, #48]	@ 0x30
 8001c16:	f8cd 9004 	str.w	r9, [sp, #4]
 8001c1a:	e9dd 231a 	ldrd	r2, r3, [sp, #104]	@ 0x68
 8001c1e:	f001 f8c9 	bl	8002db4 <_dtoa_r>
 8001c22:	07f9      	lsls	r1, r7, #31
 8001c24:	4605      	mov	r5, r0
 8001c26:	f140 80c0 	bpl.w	8001daa <_vfprintf_r+0xe6e>
 8001c2a:	eb00 0409 	add.w	r4, r0, r9
 8001c2e:	e9dd 011a 	ldrd	r0, r1, [sp, #104]	@ 0x68
 8001c32:	2200      	movs	r2, #0
 8001c34:	2300      	movs	r3, #0
 8001c36:	f005 fa1b 	bl	8007070 <__aeabi_dcmpeq>
 8001c3a:	2800      	cmp	r0, #0
 8001c3c:	f040 8232 	bne.w	80020a4 <_vfprintf_r+0x1168>
 8001c40:	9b23      	ldr	r3, [sp, #140]	@ 0x8c
 8001c42:	42a3      	cmp	r3, r4
 8001c44:	d206      	bcs.n	8001c54 <_vfprintf_r+0xd18>
 8001c46:	2130      	movs	r1, #48	@ 0x30
 8001c48:	1c5a      	adds	r2, r3, #1
 8001c4a:	9223      	str	r2, [sp, #140]	@ 0x8c
 8001c4c:	7019      	strb	r1, [r3, #0]
 8001c4e:	9b23      	ldr	r3, [sp, #140]	@ 0x8c
 8001c50:	429c      	cmp	r4, r3
 8001c52:	d8f9      	bhi.n	8001c48 <_vfprintf_r+0xd0c>
 8001c54:	9a1f      	ldr	r2, [sp, #124]	@ 0x7c
 8001c56:	920f      	str	r2, [sp, #60]	@ 0x3c
 8001c58:	1b5b      	subs	r3, r3, r5
 8001c5a:	2e47      	cmp	r6, #71	@ 0x47
 8001c5c:	9312      	str	r3, [sp, #72]	@ 0x48
 8001c5e:	f000 80a9 	beq.w	8001db4 <_vfprintf_r+0xe78>
 8001c62:	f1b8 0f66 	cmp.w	r8, #102	@ 0x66
 8001c66:	f040 80bc 	bne.w	8001de2 <_vfprintf_r+0xea6>
 8001c6a:	9a0f      	ldr	r2, [sp, #60]	@ 0x3c
 8001c6c:	f007 0301 	and.w	r3, r7, #1
 8001c70:	2a00      	cmp	r2, #0
 8001c72:	ea43 0309 	orr.w	r3, r3, r9
 8001c76:	f340 8361 	ble.w	800233c <_vfprintf_r+0x1400>
 8001c7a:	2b00      	cmp	r3, #0
 8001c7c:	f040 833e 	bne.w	80022fc <_vfprintf_r+0x13c0>
 8001c80:	9b0f      	ldr	r3, [sp, #60]	@ 0x3c
 8001c82:	9307      	str	r3, [sp, #28]
 8001c84:	930b      	str	r3, [sp, #44]	@ 0x2c
 8001c86:	f04f 0866 	mov.w	r8, #102	@ 0x66
 8001c8a:	9b0e      	ldr	r3, [sp, #56]	@ 0x38
 8001c8c:	2b00      	cmp	r3, #0
 8001c8e:	f000 827d 	beq.w	800218c <_vfprintf_r+0x1250>
 8001c92:	232d      	movs	r3, #45	@ 0x2d
 8001c94:	f88d 3077 	strb.w	r3, [sp, #119]	@ 0x77
 8001c98:	f04f 0900 	mov.w	r9, #0
 8001c9c:	f7ff bacd 	b.w	800123a <_vfprintf_r+0x2fe>
 8001ca0:	06fc      	lsls	r4, r7, #27
 8001ca2:	d47d      	bmi.n	8001da0 <_vfprintf_r+0xe64>
 8001ca4:	0678      	lsls	r0, r7, #25
 8001ca6:	d57b      	bpl.n	8001da0 <_vfprintf_r+0xe64>
 8001ca8:	9b0d      	ldr	r3, [sp, #52]	@ 0x34
 8001caa:	9a0a      	ldr	r2, [sp, #40]	@ 0x28
 8001cac:	681b      	ldr	r3, [r3, #0]
 8001cae:	801a      	strh	r2, [r3, #0]
 8001cb0:	e49d      	b.n	80015ee <_vfprintf_r+0x6b2>
 8001cb2:	4b23      	ldr	r3, [pc, #140]	@ (8001d40 <_vfprintf_r+0xe04>)
 8001cb4:	9315      	str	r3, [sp, #84]	@ 0x54
 8001cb6:	f017 0220 	ands.w	r2, r7, #32
 8001cba:	f000 80be 	beq.w	8001e3a <_vfprintf_r+0xefe>
 8001cbe:	9b0d      	ldr	r3, [sp, #52]	@ 0x34
 8001cc0:	3307      	adds	r3, #7
 8001cc2:	f023 0307 	bic.w	r3, r3, #7
 8001cc6:	4619      	mov	r1, r3
 8001cc8:	685a      	ldr	r2, [r3, #4]
 8001cca:	f851 3b08 	ldr.w	r3, [r1], #8
 8001cce:	910d      	str	r1, [sp, #52]	@ 0x34
 8001cd0:	07f9      	lsls	r1, r7, #31
 8001cd2:	f140 80af 	bpl.w	8001e34 <_vfprintf_r+0xef8>
 8001cd6:	ea53 0102 	orrs.w	r1, r3, r2
 8001cda:	f000 80ab 	beq.w	8001e34 <_vfprintf_r+0xef8>
 8001cde:	2130      	movs	r1, #48	@ 0x30
 8001ce0:	f88d 1078 	strb.w	r1, [sp, #120]	@ 0x78
 8001ce4:	f88d 8079 	strb.w	r8, [sp, #121]	@ 0x79
 8001ce8:	f047 0702 	orr.w	r7, r7, #2
 8001cec:	2102      	movs	r1, #2
 8001cee:	f7ff ba6c 	b.w	80011ca <_vfprintf_r+0x28e>
 8001cf2:	4b14      	ldr	r3, [pc, #80]	@ (8001d44 <_vfprintf_r+0xe08>)
 8001cf4:	9315      	str	r3, [sp, #84]	@ 0x54
 8001cf6:	e7de      	b.n	8001cb6 <_vfprintf_r+0xd7a>
 8001cf8:	9908      	ldr	r1, [sp, #32]
 8001cfa:	980c      	ldr	r0, [sp, #48]	@ 0x30
 8001cfc:	aa25      	add	r2, sp, #148	@ 0x94
 8001cfe:	f002 fc6f 	bl	80045e0 <__sprint_r>
 8001d02:	2800      	cmp	r0, #0
 8001d04:	f47f aac5 	bne.w	8001292 <_vfprintf_r+0x356>
 8001d08:	9c27      	ldr	r4, [sp, #156]	@ 0x9c
 8001d0a:	f10d 0ac8 	add.w	sl, sp, #200	@ 0xc8
 8001d0e:	e4a2      	b.n	8001656 <_vfprintf_r+0x71a>
 8001d10:	464b      	mov	r3, r9
 8001d12:	2b06      	cmp	r3, #6
 8001d14:	bf28      	it	cs
 8001d16:	2306      	movcs	r3, #6
 8001d18:	4d0b      	ldr	r5, [pc, #44]	@ (8001d48 <_vfprintf_r+0xe0c>)
 8001d1a:	930b      	str	r3, [sp, #44]	@ 0x2c
 8001d1c:	940d      	str	r4, [sp, #52]	@ 0x34
 8001d1e:	9307      	str	r3, [sp, #28]
 8001d20:	f7ff bacc 	b.w	80012bc <_vfprintf_r+0x380>
 8001d24:	2e10      	cmp	r6, #16
 8001d26:	9b26      	ldr	r3, [sp, #152]	@ 0x98
 8001d28:	4f04      	ldr	r7, [pc, #16]	@ (8001d3c <_vfprintf_r+0xe00>)
 8001d2a:	f340 819c 	ble.w	8002066 <_vfprintf_r+0x112a>
 8001d2e:	4622      	mov	r2, r4
 8001d30:	f8dd 9030 	ldr.w	r9, [sp, #48]	@ 0x30
 8001d34:	9c08      	ldr	r4, [sp, #32]
 8001d36:	f04f 0810 	mov.w	r8, #16
 8001d3a:	e00d      	b.n	8001d58 <_vfprintf_r+0xe1c>
 8001d3c:	080075b0 	.word	0x080075b0
 8001d40:	08007334 	.word	0x08007334
 8001d44:	08007348 	.word	0x08007348
 8001d48:	0800735c 	.word	0x0800735c
 8001d4c:	f10a 0a08 	add.w	sl, sl, #8
 8001d50:	3e10      	subs	r6, #16
 8001d52:	2e10      	cmp	r6, #16
 8001d54:	f340 8186 	ble.w	8002064 <_vfprintf_r+0x1128>
 8001d58:	3301      	adds	r3, #1
 8001d5a:	3210      	adds	r2, #16
 8001d5c:	2b07      	cmp	r3, #7
 8001d5e:	e9ca 7800 	strd	r7, r8, [sl]
 8001d62:	e9cd 3226 	strd	r3, r2, [sp, #152]	@ 0x98
 8001d66:	ddf1      	ble.n	8001d4c <_vfprintf_r+0xe10>
 8001d68:	aa25      	add	r2, sp, #148	@ 0x94
 8001d6a:	4621      	mov	r1, r4
 8001d6c:	4648      	mov	r0, r9
 8001d6e:	f002 fc37 	bl	80045e0 <__sprint_r>
 8001d72:	2800      	cmp	r0, #0
 8001d74:	f47f aa8d 	bne.w	8001292 <_vfprintf_r+0x356>
 8001d78:	e9dd 3226 	ldrd	r3, r2, [sp, #152]	@ 0x98
 8001d7c:	f10d 0ac8 	add.w	sl, sp, #200	@ 0xc8
 8001d80:	e7e6      	b.n	8001d50 <_vfprintf_r+0xe14>
 8001d82:	9a13      	ldr	r2, [sp, #76]	@ 0x4c
 8001d84:	9914      	ldr	r1, [sp, #80]	@ 0x50
 8001d86:	4414      	add	r4, r2
 8001d88:	e9ca 1200 	strd	r1, r2, [sl]
 8001d8c:	9a26      	ldr	r2, [sp, #152]	@ 0x98
 8001d8e:	9427      	str	r4, [sp, #156]	@ 0x9c
 8001d90:	3201      	adds	r2, #1
 8001d92:	2a07      	cmp	r2, #7
 8001d94:	9226      	str	r2, [sp, #152]	@ 0x98
 8001d96:	f300 8206 	bgt.w	80021a6 <_vfprintf_r+0x126a>
 8001d9a:	f10a 0a08 	add.w	sl, sl, #8
 8001d9e:	e653      	b.n	8001a48 <_vfprintf_r+0xb0c>
 8001da0:	9b0d      	ldr	r3, [sp, #52]	@ 0x34
 8001da2:	9a0a      	ldr	r2, [sp, #40]	@ 0x28
 8001da4:	681b      	ldr	r3, [r3, #0]
 8001da6:	601a      	str	r2, [r3, #0]
 8001da8:	e421      	b.n	80015ee <_vfprintf_r+0x6b2>
 8001daa:	9b23      	ldr	r3, [sp, #140]	@ 0x8c
 8001dac:	1a1b      	subs	r3, r3, r0
 8001dae:	9312      	str	r3, [sp, #72]	@ 0x48
 8001db0:	9b1f      	ldr	r3, [sp, #124]	@ 0x7c
 8001db2:	930f      	str	r3, [sp, #60]	@ 0x3c
 8001db4:	9b0f      	ldr	r3, [sp, #60]	@ 0x3c
 8001db6:	1cda      	adds	r2, r3, #3
 8001db8:	db11      	blt.n	8001dde <_vfprintf_r+0xea2>
 8001dba:	4599      	cmp	r9, r3
 8001dbc:	db0f      	blt.n	8001dde <_vfprintf_r+0xea2>
 8001dbe:	9b12      	ldr	r3, [sp, #72]	@ 0x48
 8001dc0:	9a0f      	ldr	r2, [sp, #60]	@ 0x3c
 8001dc2:	4293      	cmp	r3, r2
 8001dc4:	f300 8259 	bgt.w	800227a <_vfprintf_r+0x133e>
 8001dc8:	07fe      	lsls	r6, r7, #31
 8001dca:	9b0f      	ldr	r3, [sp, #60]	@ 0x3c
 8001dcc:	f100 8281 	bmi.w	80022d2 <_vfprintf_r+0x1396>
 8001dd0:	ea23 72e3 	bic.w	r2, r3, r3, asr #31
 8001dd4:	9207      	str	r2, [sp, #28]
 8001dd6:	930b      	str	r3, [sp, #44]	@ 0x2c
 8001dd8:	f04f 0867 	mov.w	r8, #103	@ 0x67
 8001ddc:	e755      	b.n	8001c8a <_vfprintf_r+0xd4e>
 8001dde:	f1a8 0802 	sub.w	r8, r8, #2
 8001de2:	9b0f      	ldr	r3, [sp, #60]	@ 0x3c
 8001de4:	f88d 8084 	strb.w	r8, [sp, #132]	@ 0x84
 8001de8:	1e59      	subs	r1, r3, #1
 8001dea:	2900      	cmp	r1, #0
 8001dec:	911f      	str	r1, [sp, #124]	@ 0x7c
 8001dee:	bfb6      	itet	lt
 8001df0:	f1c3 0101 	rsblt	r1, r3, #1
 8001df4:	232b      	movge	r3, #43	@ 0x2b
 8001df6:	232d      	movlt	r3, #45	@ 0x2d
 8001df8:	2909      	cmp	r1, #9
 8001dfa:	f88d 3085 	strb.w	r3, [sp, #133]	@ 0x85
 8001dfe:	f300 815c 	bgt.w	80020ba <_vfprintf_r+0x117e>
 8001e02:	2330      	movs	r3, #48	@ 0x30
 8001e04:	3130      	adds	r1, #48	@ 0x30
 8001e06:	f88d 3086 	strb.w	r3, [sp, #134]	@ 0x86
 8001e0a:	2304      	movs	r3, #4
 8001e0c:	f88d 1087 	strb.w	r1, [sp, #135]	@ 0x87
 8001e10:	9316      	str	r3, [sp, #88]	@ 0x58
 8001e12:	9a12      	ldr	r2, [sp, #72]	@ 0x48
 8001e14:	9b16      	ldr	r3, [sp, #88]	@ 0x58
 8001e16:	2a01      	cmp	r2, #1
 8001e18:	4413      	add	r3, r2
 8001e1a:	930b      	str	r3, [sp, #44]	@ 0x2c
 8001e1c:	f340 8224 	ble.w	8002268 <_vfprintf_r+0x132c>
 8001e20:	9b0b      	ldr	r3, [sp, #44]	@ 0x2c
 8001e22:	9a13      	ldr	r2, [sp, #76]	@ 0x4c
 8001e24:	4413      	add	r3, r2
 8001e26:	930b      	str	r3, [sp, #44]	@ 0x2c
 8001e28:	ea23 73e3 	bic.w	r3, r3, r3, asr #31
 8001e2c:	9307      	str	r3, [sp, #28]
 8001e2e:	2300      	movs	r3, #0
 8001e30:	930f      	str	r3, [sp, #60]	@ 0x3c
 8001e32:	e72a      	b.n	8001c8a <_vfprintf_r+0xd4e>
 8001e34:	2102      	movs	r1, #2
 8001e36:	f7ff b9c8 	b.w	80011ca <_vfprintf_r+0x28e>
 8001e3a:	990d      	ldr	r1, [sp, #52]	@ 0x34
 8001e3c:	f851 3b04 	ldr.w	r3, [r1], #4
 8001e40:	910d      	str	r1, [sp, #52]	@ 0x34
 8001e42:	f017 0110 	ands.w	r1, r7, #16
 8001e46:	f47f af43 	bne.w	8001cd0 <_vfprintf_r+0xd94>
 8001e4a:	f017 0240 	ands.w	r2, r7, #64	@ 0x40
 8001e4e:	bf1c      	itt	ne
 8001e50:	b29b      	uxthne	r3, r3
 8001e52:	460a      	movne	r2, r1
 8001e54:	e73c      	b.n	8001cd0 <_vfprintf_r+0xd94>
 8001e56:	9908      	ldr	r1, [sp, #32]
 8001e58:	980c      	ldr	r0, [sp, #48]	@ 0x30
 8001e5a:	aa25      	add	r2, sp, #148	@ 0x94
 8001e5c:	f002 fbc0 	bl	80045e0 <__sprint_r>
 8001e60:	2800      	cmp	r0, #0
 8001e62:	f47f aa16 	bne.w	8001292 <_vfprintf_r+0x356>
 8001e66:	e9dd 6426 	ldrd	r6, r4, [sp, #152]	@ 0x98
 8001e6a:	f10d 08c8 	add.w	r8, sp, #200	@ 0xc8
 8001e6e:	e4fc      	b.n	800186a <_vfprintf_r+0x92e>
 8001e70:	9908      	ldr	r1, [sp, #32]
 8001e72:	980c      	ldr	r0, [sp, #48]	@ 0x30
 8001e74:	aa25      	add	r2, sp, #148	@ 0x94
 8001e76:	f002 fbb3 	bl	80045e0 <__sprint_r>
 8001e7a:	2800      	cmp	r0, #0
 8001e7c:	f47f aa09 	bne.w	8001292 <_vfprintf_r+0x356>
 8001e80:	e9dd 6426 	ldrd	r6, r4, [sp, #152]	@ 0x98
 8001e84:	f10d 08c8 	add.w	r8, sp, #200	@ 0xc8
 8001e88:	e4fc      	b.n	8001884 <_vfprintf_r+0x948>
 8001e8a:	e9cd 8706 	strd	r8, r7, [sp, #24]
 8001e8e:	4ebc      	ldr	r6, [pc, #752]	@ (8002180 <_vfprintf_r+0x1244>)
 8001e90:	ad32      	add	r5, sp, #200	@ 0xc8
 8001e92:	f04f 0e05 	mov.w	lr, #5
 8001e96:	1899      	adds	r1, r3, r2
 8001e98:	f141 0100 	adc.w	r1, r1, #0
 8001e9c:	fba6 0701 	umull	r0, r7, r6, r1
 8001ea0:	f027 0003 	bic.w	r0, r7, #3
 8001ea4:	eb00 0097 	add.w	r0, r0, r7, lsr #2
 8001ea8:	1a09      	subs	r1, r1, r0
 8001eaa:	1a58      	subs	r0, r3, r1
 8001eac:	4698      	mov	r8, r3
 8001eae:	4694      	mov	ip, r2
 8001eb0:	f162 0300 	sbc.w	r3, r2, #0
 8001eb4:	f04f 32cc 	mov.w	r2, #3435973836	@ 0xcccccccc
 8001eb8:	fb02 f200 	mul.w	r2, r2, r0
 8001ebc:	fb06 2203 	mla	r2, r6, r3, r2
 8001ec0:	fba0 3006 	umull	r3, r0, r0, r6
 8001ec4:	f003 0701 	and.w	r7, r3, #1
 8001ec8:	4402      	add	r2, r0
 8001eca:	fba7 070e 	umull	r0, r7, r7, lr
 8001ece:	1840      	adds	r0, r0, r1
 8001ed0:	f1b8 0f0a 	cmp.w	r8, #10
 8001ed4:	ea4f 0353 	mov.w	r3, r3, lsr #1
 8001ed8:	f100 0030 	add.w	r0, r0, #48	@ 0x30
 8001edc:	f17c 0c00 	sbcs.w	ip, ip, #0
 8001ee0:	ea43 73c2 	orr.w	r3, r3, r2, lsl #31
 8001ee4:	f805 0d01 	strb.w	r0, [r5, #-1]!
 8001ee8:	ea4f 0252 	mov.w	r2, r2, lsr #1
 8001eec:	d2d3      	bcs.n	8001e96 <_vfprintf_r+0xf5a>
 8001eee:	e9dd 8706 	ldrd	r8, r7, [sp, #24]
 8001ef2:	ab32      	add	r3, sp, #200	@ 0xc8
 8001ef4:	1b5b      	subs	r3, r3, r5
 8001ef6:	9706      	str	r7, [sp, #24]
 8001ef8:	930b      	str	r3, [sp, #44]	@ 0x2c
 8001efa:	f7ff b996 	b.w	800122a <_vfprintf_r+0x2ee>
 8001efe:	9908      	ldr	r1, [sp, #32]
 8001f00:	980c      	ldr	r0, [sp, #48]	@ 0x30
 8001f02:	9317      	str	r3, [sp, #92]	@ 0x5c
 8001f04:	aa25      	add	r2, sp, #148	@ 0x94
 8001f06:	f002 fb6b 	bl	80045e0 <__sprint_r>
 8001f0a:	2800      	cmp	r0, #0
 8001f0c:	f47f a9c1 	bne.w	8001292 <_vfprintf_r+0x356>
 8001f10:	9c27      	ldr	r4, [sp, #156]	@ 0x9c
 8001f12:	9b17      	ldr	r3, [sp, #92]	@ 0x5c
 8001f14:	f10d 0ac8 	add.w	sl, sp, #200	@ 0xc8
 8001f18:	f7ff b9e2 	b.w	80012e0 <_vfprintf_r+0x3a4>
 8001f1c:	9b26      	ldr	r3, [sp, #152]	@ 0x98
 8001f1e:	4a99      	ldr	r2, [pc, #612]	@ (8002184 <_vfprintf_r+0x1248>)
 8001f20:	f8ca 2000 	str.w	r2, [sl]
 8001f24:	3301      	adds	r3, #1
 8001f26:	3401      	adds	r4, #1
 8001f28:	2201      	movs	r2, #1
 8001f2a:	2b07      	cmp	r3, #7
 8001f2c:	9427      	str	r4, [sp, #156]	@ 0x9c
 8001f2e:	9326      	str	r3, [sp, #152]	@ 0x98
 8001f30:	f8ca 2004 	str.w	r2, [sl, #4]
 8001f34:	f300 80a9 	bgt.w	800208a <_vfprintf_r+0x114e>
 8001f38:	f10a 0a08 	add.w	sl, sl, #8
 8001f3c:	2900      	cmp	r1, #0
 8001f3e:	d14f      	bne.n	8001fe0 <_vfprintf_r+0x10a4>
 8001f40:	9b06      	ldr	r3, [sp, #24]
 8001f42:	9a12      	ldr	r2, [sp, #72]	@ 0x48
 8001f44:	f003 0301 	and.w	r3, r3, #1
 8001f48:	4313      	orrs	r3, r2
 8001f4a:	f43f aa0d 	beq.w	8001368 <_vfprintf_r+0x42c>
 8001f4e:	9b13      	ldr	r3, [sp, #76]	@ 0x4c
 8001f50:	9914      	ldr	r1, [sp, #80]	@ 0x50
 8001f52:	191a      	adds	r2, r3, r4
 8001f54:	e9ca 1300 	strd	r1, r3, [sl]
 8001f58:	9b26      	ldr	r3, [sp, #152]	@ 0x98
 8001f5a:	9227      	str	r2, [sp, #156]	@ 0x9c
 8001f5c:	3301      	adds	r3, #1
 8001f5e:	2b07      	cmp	r3, #7
 8001f60:	9326      	str	r3, [sp, #152]	@ 0x98
 8001f62:	f300 80d4 	bgt.w	800210e <_vfprintf_r+0x11d2>
 8001f66:	f10a 0a08 	add.w	sl, sl, #8
 8001f6a:	9912      	ldr	r1, [sp, #72]	@ 0x48
 8001f6c:	f8ca 5000 	str.w	r5, [sl]
 8001f70:	3301      	adds	r3, #1
 8001f72:	188c      	adds	r4, r1, r2
 8001f74:	2b07      	cmp	r3, #7
 8001f76:	e9cd 3426 	strd	r3, r4, [sp, #152]	@ 0x98
 8001f7a:	f8ca 1004 	str.w	r1, [sl, #4]
 8001f7e:	f77f a9f1 	ble.w	8001364 <_vfprintf_r+0x428>
 8001f82:	e451      	b.n	8001828 <_vfprintf_r+0x8ec>
 8001f84:	9908      	ldr	r1, [sp, #32]
 8001f86:	980c      	ldr	r0, [sp, #48]	@ 0x30
 8001f88:	aa25      	add	r2, sp, #148	@ 0x94
 8001f8a:	f002 fb29 	bl	80045e0 <__sprint_r>
 8001f8e:	2800      	cmp	r0, #0
 8001f90:	f47f a97f 	bne.w	8001292 <_vfprintf_r+0x356>
 8001f94:	9c27      	ldr	r4, [sp, #156]	@ 0x9c
 8001f96:	f10d 0ac8 	add.w	sl, sp, #200	@ 0xc8
 8001f9a:	f7ff bb49 	b.w	8001630 <_vfprintf_r+0x6f4>
 8001f9e:	980c      	ldr	r0, [sp, #48]	@ 0x30
 8001fa0:	f7fe fd52 	bl	8000a48 <__sinit>
 8001fa4:	f7fe bfe0 	b.w	8000f68 <_vfprintf_r+0x2c>
 8001fa8:	9908      	ldr	r1, [sp, #32]
 8001faa:	980c      	ldr	r0, [sp, #48]	@ 0x30
 8001fac:	aa25      	add	r2, sp, #148	@ 0x94
 8001fae:	f002 fb17 	bl	80045e0 <__sprint_r>
 8001fb2:	2800      	cmp	r0, #0
 8001fb4:	f47f a96d 	bne.w	8001292 <_vfprintf_r+0x356>
 8001fb8:	9c27      	ldr	r4, [sp, #156]	@ 0x9c
 8001fba:	f10d 0ac8 	add.w	sl, sp, #200	@ 0xc8
 8001fbe:	f7ff b9ba 	b.w	8001336 <_vfprintf_r+0x3fa>
 8001fc2:	4628      	mov	r0, r5
 8001fc4:	f7fe fbbc 	bl	8000740 <strlen>
 8001fc8:	ea20 73e0 	bic.w	r3, r0, r0, asr #31
 8001fcc:	940d      	str	r4, [sp, #52]	@ 0x34
 8001fce:	900b      	str	r0, [sp, #44]	@ 0x2c
 8001fd0:	f89d 4077 	ldrb.w	r4, [sp, #119]	@ 0x77
 8001fd4:	9706      	str	r7, [sp, #24]
 8001fd6:	46b1      	mov	r9, r6
 8001fd8:	9307      	str	r3, [sp, #28]
 8001fda:	960f      	str	r6, [sp, #60]	@ 0x3c
 8001fdc:	f7ff b92c 	b.w	8001238 <_vfprintf_r+0x2fc>
 8001fe0:	9b13      	ldr	r3, [sp, #76]	@ 0x4c
 8001fe2:	9814      	ldr	r0, [sp, #80]	@ 0x50
 8001fe4:	191a      	adds	r2, r3, r4
 8001fe6:	e9ca 0300 	strd	r0, r3, [sl]
 8001fea:	9b26      	ldr	r3, [sp, #152]	@ 0x98
 8001fec:	9227      	str	r2, [sp, #156]	@ 0x9c
 8001fee:	3301      	adds	r3, #1
 8001ff0:	2b07      	cmp	r3, #7
 8001ff2:	9326      	str	r3, [sp, #152]	@ 0x98
 8001ff4:	f300 808b 	bgt.w	800210e <_vfprintf_r+0x11d2>
 8001ff8:	f10a 0a08 	add.w	sl, sl, #8
 8001ffc:	2900      	cmp	r1, #0
 8001ffe:	dab4      	bge.n	8001f6a <_vfprintf_r+0x102e>
 8002000:	424e      	negs	r6, r1
 8002002:	3110      	adds	r1, #16
 8002004:	4f60      	ldr	r7, [pc, #384]	@ (8002188 <_vfprintf_r+0x124c>)
 8002006:	f280 8117 	bge.w	8002238 <_vfprintf_r+0x12fc>
 800200a:	f8dd 8030 	ldr.w	r8, [sp, #48]	@ 0x30
 800200e:	f8dd 9020 	ldr.w	r9, [sp, #32]
 8002012:	2410      	movs	r4, #16
 8002014:	e005      	b.n	8002022 <_vfprintf_r+0x10e6>
 8002016:	f10a 0a08 	add.w	sl, sl, #8
 800201a:	3e10      	subs	r6, #16
 800201c:	2e10      	cmp	r6, #16
 800201e:	f340 810b 	ble.w	8002238 <_vfprintf_r+0x12fc>
 8002022:	3301      	adds	r3, #1
 8002024:	3210      	adds	r2, #16
 8002026:	2b07      	cmp	r3, #7
 8002028:	e9ca 7400 	strd	r7, r4, [sl]
 800202c:	e9cd 3226 	strd	r3, r2, [sp, #152]	@ 0x98
 8002030:	ddf1      	ble.n	8002016 <_vfprintf_r+0x10da>
 8002032:	aa25      	add	r2, sp, #148	@ 0x94
 8002034:	4649      	mov	r1, r9
 8002036:	4640      	mov	r0, r8
 8002038:	f002 fad2 	bl	80045e0 <__sprint_r>
 800203c:	2800      	cmp	r0, #0
 800203e:	f47f a928 	bne.w	8001292 <_vfprintf_r+0x356>
 8002042:	e9dd 3226 	ldrd	r3, r2, [sp, #152]	@ 0x98
 8002046:	f10d 0ac8 	add.w	sl, sp, #200	@ 0xc8
 800204a:	e7e6      	b.n	800201a <_vfprintf_r+0x10de>
 800204c:	3601      	adds	r6, #1
 800204e:	444c      	add	r4, r9
 8002050:	2e07      	cmp	r6, #7
 8002052:	e9cd 6426 	strd	r6, r4, [sp, #152]	@ 0x98
 8002056:	f8c8 7000 	str.w	r7, [r8]
 800205a:	f8c8 9004 	str.w	r9, [r8, #4]
 800205e:	f77f ac29 	ble.w	80018b4 <_vfprintf_r+0x978>
 8002062:	e544      	b.n	8001aee <_vfprintf_r+0xbb2>
 8002064:	4614      	mov	r4, r2
 8002066:	3301      	adds	r3, #1
 8002068:	4434      	add	r4, r6
 800206a:	2b07      	cmp	r3, #7
 800206c:	e9cd 3426 	strd	r3, r4, [sp, #152]	@ 0x98
 8002070:	f8ca 7000 	str.w	r7, [sl]
 8002074:	f8ca 6004 	str.w	r6, [sl, #4]
 8002078:	dc57      	bgt.n	800212a <_vfprintf_r+0x11ee>
 800207a:	f10a 0a08 	add.w	sl, sl, #8
 800207e:	e4da      	b.n	8001a36 <_vfprintf_r+0xafa>
 8002080:	242d      	movs	r4, #45	@ 0x2d
 8002082:	f88d 4077 	strb.w	r4, [sp, #119]	@ 0x77
 8002086:	f7ff b9b4 	b.w	80013f2 <_vfprintf_r+0x4b6>
 800208a:	9908      	ldr	r1, [sp, #32]
 800208c:	980c      	ldr	r0, [sp, #48]	@ 0x30
 800208e:	aa25      	add	r2, sp, #148	@ 0x94
 8002090:	f002 faa6 	bl	80045e0 <__sprint_r>
 8002094:	2800      	cmp	r0, #0
 8002096:	f47f a8fc 	bne.w	8001292 <_vfprintf_r+0x356>
 800209a:	991f      	ldr	r1, [sp, #124]	@ 0x7c
 800209c:	9c27      	ldr	r4, [sp, #156]	@ 0x9c
 800209e:	f10d 0ac8 	add.w	sl, sp, #200	@ 0xc8
 80020a2:	e74b      	b.n	8001f3c <_vfprintf_r+0x1000>
 80020a4:	9a1f      	ldr	r2, [sp, #124]	@ 0x7c
 80020a6:	920f      	str	r2, [sp, #60]	@ 0x3c
 80020a8:	4623      	mov	r3, r4
 80020aa:	e5d5      	b.n	8001c58 <_vfprintf_r+0xd1c>
 80020ac:	9908      	ldr	r1, [sp, #32]
 80020ae:	980c      	ldr	r0, [sp, #48]	@ 0x30
 80020b0:	aa25      	add	r2, sp, #148	@ 0x94
 80020b2:	f002 fa95 	bl	80045e0 <__sprint_r>
 80020b6:	f7ff b8ec 	b.w	8001292 <_vfprintf_r+0x356>
 80020ba:	f10d 0493 	add.w	r4, sp, #147	@ 0x93
 80020be:	4e30      	ldr	r6, [pc, #192]	@ (8002180 <_vfprintf_r+0x1244>)
 80020c0:	4623      	mov	r3, r4
 80020c2:	4618      	mov	r0, r3
 80020c4:	fba6 2301 	umull	r2, r3, r6, r1
 80020c8:	08db      	lsrs	r3, r3, #3
 80020ca:	eb03 0283 	add.w	r2, r3, r3, lsl #2
 80020ce:	eba1 0242 	sub.w	r2, r1, r2, lsl #1
 80020d2:	3230      	adds	r2, #48	@ 0x30
 80020d4:	f800 2c01 	strb.w	r2, [r0, #-1]
 80020d8:	460a      	mov	r2, r1
 80020da:	2a63      	cmp	r2, #99	@ 0x63
 80020dc:	4619      	mov	r1, r3
 80020de:	f100 33ff 	add.w	r3, r0, #4294967295	@ 0xffffffff
 80020e2:	dcee      	bgt.n	80020c2 <_vfprintf_r+0x1186>
 80020e4:	3130      	adds	r1, #48	@ 0x30
 80020e6:	f803 1c01 	strb.w	r1, [r3, #-1]
 80020ea:	1e83      	subs	r3, r0, #2
 80020ec:	42a3      	cmp	r3, r4
 80020ee:	f080 8122 	bcs.w	8002336 <_vfprintf_r+0x13fa>
 80020f2:	f10d 0285 	add.w	r2, sp, #133	@ 0x85
 80020f6:	f813 1b01 	ldrb.w	r1, [r3], #1
 80020fa:	f802 1f01 	strb.w	r1, [r2, #1]!
 80020fe:	42a3      	cmp	r3, r4
 8002100:	d1f9      	bne.n	80020f6 <_vfprintf_r+0x11ba>
 8002102:	ab42      	add	r3, sp, #264	@ 0x108
 8002104:	1a18      	subs	r0, r3, r0
 8002106:	f1a0 0371 	sub.w	r3, r0, #113	@ 0x71
 800210a:	9316      	str	r3, [sp, #88]	@ 0x58
 800210c:	e681      	b.n	8001e12 <_vfprintf_r+0xed6>
 800210e:	9908      	ldr	r1, [sp, #32]
 8002110:	980c      	ldr	r0, [sp, #48]	@ 0x30
 8002112:	aa25      	add	r2, sp, #148	@ 0x94
 8002114:	f002 fa64 	bl	80045e0 <__sprint_r>
 8002118:	2800      	cmp	r0, #0
 800211a:	f47f a8ba 	bne.w	8001292 <_vfprintf_r+0x356>
 800211e:	e9dd 3226 	ldrd	r3, r2, [sp, #152]	@ 0x98
 8002122:	991f      	ldr	r1, [sp, #124]	@ 0x7c
 8002124:	f10d 0ac8 	add.w	sl, sp, #200	@ 0xc8
 8002128:	e768      	b.n	8001ffc <_vfprintf_r+0x10c0>
 800212a:	9908      	ldr	r1, [sp, #32]
 800212c:	980c      	ldr	r0, [sp, #48]	@ 0x30
 800212e:	aa25      	add	r2, sp, #148	@ 0x94
 8002130:	f002 fa56 	bl	80045e0 <__sprint_r>
 8002134:	2800      	cmp	r0, #0
 8002136:	f47f a8ac 	bne.w	8001292 <_vfprintf_r+0x356>
 800213a:	9c27      	ldr	r4, [sp, #156]	@ 0x9c
 800213c:	f10d 0ac8 	add.w	sl, sp, #200	@ 0xc8
 8002140:	e479      	b.n	8001a36 <_vfprintf_r+0xafa>
 8002142:	f109 0301 	add.w	r3, r9, #1
 8002146:	9307      	str	r3, [sp, #28]
 8002148:	2302      	movs	r3, #2
 800214a:	9300      	str	r3, [sp, #0]
 800214c:	ab23      	add	r3, sp, #140	@ 0x8c
 800214e:	9304      	str	r3, [sp, #16]
 8002150:	ab20      	add	r3, sp, #128	@ 0x80
 8002152:	9c07      	ldr	r4, [sp, #28]
 8002154:	9303      	str	r3, [sp, #12]
 8002156:	ab1f      	add	r3, sp, #124	@ 0x7c
 8002158:	9401      	str	r4, [sp, #4]
 800215a:	9302      	str	r3, [sp, #8]
 800215c:	980c      	ldr	r0, [sp, #48]	@ 0x30
 800215e:	e9dd 231a 	ldrd	r2, r3, [sp, #104]	@ 0x68
 8002162:	f000 fe27 	bl	8002db4 <_dtoa_r>
 8002166:	f1b8 0f66 	cmp.w	r8, #102	@ 0x66
 800216a:	4605      	mov	r5, r0
 800216c:	4404      	add	r4, r0
 800216e:	f47f ad5e 	bne.w	8001c2e <_vfprintf_r+0xcf2>
 8002172:	782b      	ldrb	r3, [r5, #0]
 8002174:	2b30      	cmp	r3, #48	@ 0x30
 8002176:	f000 808d 	beq.w	8002294 <_vfprintf_r+0x1358>
 800217a:	9b1f      	ldr	r3, [sp, #124]	@ 0x7c
 800217c:	441c      	add	r4, r3
 800217e:	e556      	b.n	8001c2e <_vfprintf_r+0xcf2>
 8002180:	cccccccd 	.word	0xcccccccd
 8002184:	08007364 	.word	0x08007364
 8002188:	080075b0 	.word	0x080075b0
 800218c:	f8dd 9038 	ldr.w	r9, [sp, #56]	@ 0x38
 8002190:	f89d 4077 	ldrb.w	r4, [sp, #119]	@ 0x77
 8002194:	f7ff b850 	b.w	8001238 <_vfprintf_r+0x2fc>
 8002198:	f102 4300 	add.w	r3, r2, #2147483648	@ 0x80000000
 800219c:	931b      	str	r3, [sp, #108]	@ 0x6c
 800219e:	232d      	movs	r3, #45	@ 0x2d
 80021a0:	911a      	str	r1, [sp, #104]	@ 0x68
 80021a2:	930e      	str	r3, [sp, #56]	@ 0x38
 80021a4:	e524      	b.n	8001bf0 <_vfprintf_r+0xcb4>
 80021a6:	9908      	ldr	r1, [sp, #32]
 80021a8:	980c      	ldr	r0, [sp, #48]	@ 0x30
 80021aa:	aa25      	add	r2, sp, #148	@ 0x94
 80021ac:	f002 fa18 	bl	80045e0 <__sprint_r>
 80021b0:	2800      	cmp	r0, #0
 80021b2:	f47f a86e 	bne.w	8001292 <_vfprintf_r+0x356>
 80021b6:	9b1f      	ldr	r3, [sp, #124]	@ 0x7c
 80021b8:	9c27      	ldr	r4, [sp, #156]	@ 0x9c
 80021ba:	f10d 0ac8 	add.w	sl, sp, #200	@ 0xc8
 80021be:	e443      	b.n	8001a48 <_vfprintf_r+0xb0c>
 80021c0:	f1b8 0f66 	cmp.w	r8, #102	@ 0x66
 80021c4:	f47f ad1e 	bne.w	8001c04 <_vfprintf_r+0xcc8>
 80021c8:	f8cd 901c 	str.w	r9, [sp, #28]
 80021cc:	2303      	movs	r3, #3
 80021ce:	e7bc      	b.n	800214a <_vfprintf_r+0x120e>
 80021d0:	9908      	ldr	r1, [sp, #32]
 80021d2:	980c      	ldr	r0, [sp, #48]	@ 0x30
 80021d4:	aa25      	add	r2, sp, #148	@ 0x94
 80021d6:	f002 fa03 	bl	80045e0 <__sprint_r>
 80021da:	2800      	cmp	r0, #0
 80021dc:	f47f a859 	bne.w	8001292 <_vfprintf_r+0x356>
 80021e0:	9c27      	ldr	r4, [sp, #156]	@ 0x9c
 80021e2:	f10d 0ac8 	add.w	sl, sp, #200	@ 0xc8
 80021e6:	e41f      	b.n	8001a28 <_vfprintf_r+0xaec>
 80021e8:	9908      	ldr	r1, [sp, #32]
 80021ea:	980c      	ldr	r0, [sp, #48]	@ 0x30
 80021ec:	aa25      	add	r2, sp, #148	@ 0x94
 80021ee:	f002 f9f7 	bl	80045e0 <__sprint_r>
 80021f2:	2800      	cmp	r0, #0
 80021f4:	f47f a84d 	bne.w	8001292 <_vfprintf_r+0x356>
 80021f8:	9b1f      	ldr	r3, [sp, #124]	@ 0x7c
 80021fa:	9a12      	ldr	r2, [sp, #72]	@ 0x48
 80021fc:	9c27      	ldr	r4, [sp, #156]	@ 0x9c
 80021fe:	1ad3      	subs	r3, r2, r3
 8002200:	f10d 0ac8 	add.w	sl, sp, #200	@ 0xc8
 8002204:	e438      	b.n	8001a78 <_vfprintf_r+0xb3c>
 8002206:	f04f 0906 	mov.w	r9, #6
 800220a:	e4e3      	b.n	8001bd4 <_vfprintf_r+0xc98>
 800220c:	f04f 33ff 	mov.w	r3, #4294967295	@ 0xffffffff
 8002210:	930a      	str	r3, [sp, #40]	@ 0x28
 8002212:	f7ff b843 	b.w	800129c <_vfprintf_r+0x360>
 8002216:	940d      	str	r4, [sp, #52]	@ 0x34
 8002218:	f8cd 901c 	str.w	r9, [sp, #28]
 800221c:	f8cd 902c 	str.w	r9, [sp, #44]	@ 0x2c
 8002220:	f89d 4077 	ldrb.w	r4, [sp, #119]	@ 0x77
 8002224:	9706      	str	r7, [sp, #24]
 8002226:	4681      	mov	r9, r0
 8002228:	900f      	str	r0, [sp, #60]	@ 0x3c
 800222a:	f7ff b805 	b.w	8001238 <_vfprintf_r+0x2fc>
 800222e:	4693      	mov	fp, r2
 8002230:	f04f 0900 	mov.w	r9, #0
 8002234:	f7fe bee9 	b.w	800100a <_vfprintf_r+0xce>
 8002238:	3301      	adds	r3, #1
 800223a:	4432      	add	r2, r6
 800223c:	2b07      	cmp	r3, #7
 800223e:	e9cd 3226 	strd	r3, r2, [sp, #152]	@ 0x98
 8002242:	f8ca 7000 	str.w	r7, [sl]
 8002246:	f8ca 6004 	str.w	r6, [sl, #4]
 800224a:	f77f ae8c 	ble.w	8001f66 <_vfprintf_r+0x102a>
 800224e:	9908      	ldr	r1, [sp, #32]
 8002250:	980c      	ldr	r0, [sp, #48]	@ 0x30
 8002252:	aa25      	add	r2, sp, #148	@ 0x94
 8002254:	f002 f9c4 	bl	80045e0 <__sprint_r>
 8002258:	2800      	cmp	r0, #0
 800225a:	f47f a81a 	bne.w	8001292 <_vfprintf_r+0x356>
 800225e:	e9dd 3226 	ldrd	r3, r2, [sp, #152]	@ 0x98
 8002262:	f10d 0ac8 	add.w	sl, sp, #200	@ 0xc8
 8002266:	e680      	b.n	8001f6a <_vfprintf_r+0x102e>
 8002268:	f017 0201 	ands.w	r2, r7, #1
 800226c:	920f      	str	r2, [sp, #60]	@ 0x3c
 800226e:	f47f add7 	bne.w	8001e20 <_vfprintf_r+0xee4>
 8002272:	ea23 73e3 	bic.w	r3, r3, r3, asr #31
 8002276:	9307      	str	r3, [sp, #28]
 8002278:	e507      	b.n	8001c8a <_vfprintf_r+0xd4e>
 800227a:	e9dd 3212 	ldrd	r3, r2, [sp, #72]	@ 0x48
 800227e:	4413      	add	r3, r2
 8002280:	9a0f      	ldr	r2, [sp, #60]	@ 0x3c
 8002282:	930b      	str	r3, [sp, #44]	@ 0x2c
 8002284:	2a00      	cmp	r2, #0
 8002286:	dd2d      	ble.n	80022e4 <_vfprintf_r+0x13a8>
 8002288:	ea23 73e3 	bic.w	r3, r3, r3, asr #31
 800228c:	9307      	str	r3, [sp, #28]
 800228e:	f04f 0867 	mov.w	r8, #103	@ 0x67
 8002292:	e4fa      	b.n	8001c8a <_vfprintf_r+0xd4e>
 8002294:	e9dd 011a 	ldrd	r0, r1, [sp, #104]	@ 0x68
 8002298:	2200      	movs	r2, #0
 800229a:	2300      	movs	r3, #0
 800229c:	f004 fee8 	bl	8007070 <__aeabi_dcmpeq>
 80022a0:	2800      	cmp	r0, #0
 80022a2:	d037      	beq.n	8002314 <_vfprintf_r+0x13d8>
 80022a4:	9b1f      	ldr	r3, [sp, #124]	@ 0x7c
 80022a6:	930f      	str	r3, [sp, #60]	@ 0x3c
 80022a8:	441c      	add	r4, r3
 80022aa:	1b63      	subs	r3, r4, r5
 80022ac:	9312      	str	r3, [sp, #72]	@ 0x48
 80022ae:	e4dc      	b.n	8001c6a <_vfprintf_r+0xd2e>
 80022b0:	9b11      	ldr	r3, [sp, #68]	@ 0x44
 80022b2:	4d2c      	ldr	r5, [pc, #176]	@ (8002364 <_vfprintf_r+0x1428>)
 80022b4:	2b00      	cmp	r3, #0
 80022b6:	bfb8      	it	lt
 80022b8:	242d      	movlt	r4, #45	@ 0x2d
 80022ba:	f027 0380 	bic.w	r3, r7, #128	@ 0x80
 80022be:	9306      	str	r3, [sp, #24]
 80022c0:	bfa8      	it	ge
 80022c2:	f89d 4077 	ldrbge.w	r4, [sp, #119]	@ 0x77
 80022c6:	4b28      	ldr	r3, [pc, #160]	@ (8002368 <_vfprintf_r+0x142c>)
 80022c8:	bfb8      	it	lt
 80022ca:	f88d 4077 	strblt.w	r4, [sp, #119]	@ 0x77
 80022ce:	f7ff b895 	b.w	80013fc <_vfprintf_r+0x4c0>
 80022d2:	9a13      	ldr	r2, [sp, #76]	@ 0x4c
 80022d4:	4413      	add	r3, r2
 80022d6:	930b      	str	r3, [sp, #44]	@ 0x2c
 80022d8:	ea23 73e3 	bic.w	r3, r3, r3, asr #31
 80022dc:	9307      	str	r3, [sp, #28]
 80022de:	f04f 0867 	mov.w	r8, #103	@ 0x67
 80022e2:	e4d2      	b.n	8001c8a <_vfprintf_r+0xd4e>
 80022e4:	9b0f      	ldr	r3, [sp, #60]	@ 0x3c
 80022e6:	9a0b      	ldr	r2, [sp, #44]	@ 0x2c
 80022e8:	f1c3 0301 	rsb	r3, r3, #1
 80022ec:	441a      	add	r2, r3
 80022ee:	ea22 73e2 	bic.w	r3, r2, r2, asr #31
 80022f2:	920b      	str	r2, [sp, #44]	@ 0x2c
 80022f4:	9307      	str	r3, [sp, #28]
 80022f6:	f04f 0867 	mov.w	r8, #103	@ 0x67
 80022fa:	e4c6      	b.n	8001c8a <_vfprintf_r+0xd4e>
 80022fc:	9b13      	ldr	r3, [sp, #76]	@ 0x4c
 80022fe:	eb09 0803 	add.w	r8, r9, r3
 8002302:	eb08 0302 	add.w	r3, r8, r2
 8002306:	930b      	str	r3, [sp, #44]	@ 0x2c
 8002308:	ea23 73e3 	bic.w	r3, r3, r3, asr #31
 800230c:	9307      	str	r3, [sp, #28]
 800230e:	f04f 0866 	mov.w	r8, #102	@ 0x66
 8002312:	e4ba      	b.n	8001c8a <_vfprintf_r+0xd4e>
 8002314:	9b07      	ldr	r3, [sp, #28]
 8002316:	f1c3 0301 	rsb	r3, r3, #1
 800231a:	931f      	str	r3, [sp, #124]	@ 0x7c
 800231c:	441c      	add	r4, r3
 800231e:	e486      	b.n	8001c2e <_vfprintf_r+0xcf2>
 8002320:	990d      	ldr	r1, [sp, #52]	@ 0x34
 8002322:	f89b 3001 	ldrb.w	r3, [fp, #1]
 8002326:	f851 9b04 	ldr.w	r9, [r1], #4
 800232a:	910d      	str	r1, [sp, #52]	@ 0x34
 800232c:	4693      	mov	fp, r2
 800232e:	ea49 79e9 	orr.w	r9, r9, r9, asr #31
 8002332:	f7fe be67 	b.w	8001004 <_vfprintf_r+0xc8>
 8002336:	2302      	movs	r3, #2
 8002338:	9316      	str	r3, [sp, #88]	@ 0x58
 800233a:	e56a      	b.n	8001e12 <_vfprintf_r+0xed6>
 800233c:	b92b      	cbnz	r3, 800234a <_vfprintf_r+0x140e>
 800233e:	2301      	movs	r3, #1
 8002340:	9307      	str	r3, [sp, #28]
 8002342:	f04f 0866 	mov.w	r8, #102	@ 0x66
 8002346:	930b      	str	r3, [sp, #44]	@ 0x2c
 8002348:	e49f      	b.n	8001c8a <_vfprintf_r+0xd4e>
 800234a:	9b13      	ldr	r3, [sp, #76]	@ 0x4c
 800234c:	f103 0801 	add.w	r8, r3, #1
 8002350:	eb08 0309 	add.w	r3, r8, r9
 8002354:	930b      	str	r3, [sp, #44]	@ 0x2c
 8002356:	ea23 73e3 	bic.w	r3, r3, r3, asr #31
 800235a:	9307      	str	r3, [sp, #28]
 800235c:	f04f 0866 	mov.w	r8, #102	@ 0x66
 8002360:	e493      	b.n	8001c8a <_vfprintf_r+0xd4e>
 8002362:	bf00      	nop
 8002364:	08007330 	.word	0x08007330
 8002368:	0800732c 	.word	0x0800732c

0800236c <vfprintf>:
 800236c:	b410      	push	{r4}
 800236e:	4c04      	ldr	r4, [pc, #16]	@ (8002380 <vfprintf+0x14>)
 8002370:	4684      	mov	ip, r0
 8002372:	4613      	mov	r3, r2
 8002374:	6820      	ldr	r0, [r4, #0]
 8002376:	bc10      	pop	{r4}
 8002378:	460a      	mov	r2, r1
 800237a:	4661      	mov	r1, ip
 800237c:	f7fe bdde 	b.w	8000f3c <_vfprintf_r>
 8002380:	20000000 	.word	0x20000000

08002384 <__sbprintf>:
 8002384:	b570      	push	{r4, r5, r6, lr}
 8002386:	460c      	mov	r4, r1
 8002388:	8989      	ldrh	r1, [r1, #12]
 800238a:	f5ad 6d8d 	sub.w	sp, sp, #1128	@ 0x468
 800238e:	f021 0102 	bic.w	r1, r1, #2
 8002392:	f8ad 100c 	strh.w	r1, [sp, #12]
 8002396:	a91a      	add	r1, sp, #104	@ 0x68
 8002398:	9100      	str	r1, [sp, #0]
 800239a:	9104      	str	r1, [sp, #16]
 800239c:	f44f 6180 	mov.w	r1, #1024	@ 0x400
 80023a0:	9102      	str	r1, [sp, #8]
 80023a2:	9105      	str	r1, [sp, #20]
 80023a4:	6e61      	ldr	r1, [r4, #100]	@ 0x64
 80023a6:	9119      	str	r1, [sp, #100]	@ 0x64
 80023a8:	89e1      	ldrh	r1, [r4, #14]
 80023aa:	f8ad 100e 	strh.w	r1, [sp, #14]
 80023ae:	69e1      	ldr	r1, [r4, #28]
 80023b0:	9107      	str	r1, [sp, #28]
 80023b2:	6a61      	ldr	r1, [r4, #36]	@ 0x24
 80023b4:	9109      	str	r1, [sp, #36]	@ 0x24
 80023b6:	2100      	movs	r1, #0
 80023b8:	9106      	str	r1, [sp, #24]
 80023ba:	4669      	mov	r1, sp
 80023bc:	4606      	mov	r6, r0
 80023be:	f7fe fdbd 	bl	8000f3c <_vfprintf_r>
 80023c2:	1e05      	subs	r5, r0, #0
 80023c4:	db07      	blt.n	80023d6 <__sbprintf+0x52>
 80023c6:	4669      	mov	r1, sp
 80023c8:	4630      	mov	r0, r6
 80023ca:	f000 f8f5 	bl	80025b8 <_fflush_r>
 80023ce:	2800      	cmp	r0, #0
 80023d0:	bf18      	it	ne
 80023d2:	f04f 35ff 	movne.w	r5, #4294967295	@ 0xffffffff
 80023d6:	f8bd 300c 	ldrh.w	r3, [sp, #12]
 80023da:	065b      	lsls	r3, r3, #25
 80023dc:	d503      	bpl.n	80023e6 <__sbprintf+0x62>
 80023de:	89a3      	ldrh	r3, [r4, #12]
 80023e0:	f043 0340 	orr.w	r3, r3, #64	@ 0x40
 80023e4:	81a3      	strh	r3, [r4, #12]
 80023e6:	4628      	mov	r0, r5
 80023e8:	f50d 6d8d 	add.w	sp, sp, #1128	@ 0x468
 80023ec:	bd70      	pop	{r4, r5, r6, pc}
 80023ee:	bf00      	nop

080023f0 <memchr>:
 80023f0:	f001 01ff 	and.w	r1, r1, #255	@ 0xff
 80023f4:	2a10      	cmp	r2, #16
 80023f6:	db2b      	blt.n	8002450 <memchr+0x60>
 80023f8:	f010 0f07 	tst.w	r0, #7
 80023fc:	d008      	beq.n	8002410 <memchr+0x20>
 80023fe:	f810 3b01 	ldrb.w	r3, [r0], #1
 8002402:	3a01      	subs	r2, #1
 8002404:	428b      	cmp	r3, r1
 8002406:	d02d      	beq.n	8002464 <memchr+0x74>
 8002408:	f010 0f07 	tst.w	r0, #7
 800240c:	b342      	cbz	r2, 8002460 <memchr+0x70>
 800240e:	d1f6      	bne.n	80023fe <memchr+0xe>
 8002410:	b4f0      	push	{r4, r5, r6, r7}
 8002412:	ea41 2101 	orr.w	r1, r1, r1, lsl #8
 8002416:	ea41 4101 	orr.w	r1, r1, r1, lsl #16
 800241a:	f022 0407 	bic.w	r4, r2, #7
 800241e:	f07f 0700 	mvns.w	r7, #0
 8002422:	2300      	movs	r3, #0
 8002424:	e8f0 5602 	ldrd	r5, r6, [r0], #8
 8002428:	3c08      	subs	r4, #8
 800242a:	ea85 0501 	eor.w	r5, r5, r1
 800242e:	ea86 0601 	eor.w	r6, r6, r1
 8002432:	fa85 f547 	uadd8	r5, r5, r7
 8002436:	faa3 f587 	sel	r5, r3, r7
 800243a:	fa86 f647 	uadd8	r6, r6, r7
 800243e:	faa5 f687 	sel	r6, r5, r7
 8002442:	b98e      	cbnz	r6, 8002468 <memchr+0x78>
 8002444:	d1ee      	bne.n	8002424 <memchr+0x34>
 8002446:	bcf0      	pop	{r4, r5, r6, r7}
 8002448:	f001 01ff 	and.w	r1, r1, #255	@ 0xff
 800244c:	f002 0207 	and.w	r2, r2, #7
 8002450:	b132      	cbz	r2, 8002460 <memchr+0x70>
 8002452:	f810 3b01 	ldrb.w	r3, [r0], #1
 8002456:	3a01      	subs	r2, #1
 8002458:	ea83 0301 	eor.w	r3, r3, r1
 800245c:	b113      	cbz	r3, 8002464 <memchr+0x74>
 800245e:	d1f8      	bne.n	8002452 <memchr+0x62>
 8002460:	2000      	movs	r0, #0
 8002462:	4770      	bx	lr
 8002464:	3801      	subs	r0, #1
 8002466:	4770      	bx	lr
 8002468:	2d00      	cmp	r5, #0
 800246a:	bf06      	itte	eq
 800246c:	4635      	moveq	r5, r6
 800246e:	3803      	subeq	r0, #3
 8002470:	3807      	subne	r0, #7
 8002472:	f015 0f01 	tst.w	r5, #1
 8002476:	d107      	bne.n	8002488 <memchr+0x98>
 8002478:	3001      	adds	r0, #1
 800247a:	f415 7f80 	tst.w	r5, #256	@ 0x100
 800247e:	bf02      	ittt	eq
 8002480:	3001      	addeq	r0, #1
 8002482:	f415 3fc0 	tsteq.w	r5, #98304	@ 0x18000
 8002486:	3001      	addeq	r0, #1
 8002488:	bcf0      	pop	{r4, r5, r6, r7}
 800248a:	3801      	subs	r0, #1
 800248c:	4770      	bx	lr
 800248e:	bf00      	nop

08002490 <__sflush_r>:
 8002490:	f9b1 200c 	ldrsh.w	r2, [r1, #12]
 8002494:	b5f8      	push	{r3, r4, r5, r6, r7, lr}
 8002496:	0716      	lsls	r6, r2, #28
 8002498:	460c      	mov	r4, r1
 800249a:	4607      	mov	r7, r0
 800249c:	d449      	bmi.n	8002532 <__sflush_r+0xa2>
 800249e:	6849      	ldr	r1, [r1, #4]
 80024a0:	f442 6300 	orr.w	r3, r2, #2048	@ 0x800
 80024a4:	2900      	cmp	r1, #0
 80024a6:	81a3      	strh	r3, [r4, #12]
 80024a8:	dd5f      	ble.n	800256a <__sflush_r+0xda>
 80024aa:	6aa5      	ldr	r5, [r4, #40]	@ 0x28
 80024ac:	2d00      	cmp	r5, #0
 80024ae:	d03e      	beq.n	800252e <__sflush_r+0x9e>
 80024b0:	2100      	movs	r1, #0
 80024b2:	f412 5280 	ands.w	r2, r2, #4096	@ 0x1000
 80024b6:	683e      	ldr	r6, [r7, #0]
 80024b8:	6039      	str	r1, [r7, #0]
 80024ba:	69e1      	ldr	r1, [r4, #28]
 80024bc:	d161      	bne.n	8002582 <__sflush_r+0xf2>
 80024be:	2301      	movs	r3, #1
 80024c0:	4638      	mov	r0, r7
 80024c2:	47a8      	blx	r5
 80024c4:	1c45      	adds	r5, r0, #1
 80024c6:	4602      	mov	r2, r0
 80024c8:	d06b      	beq.n	80025a2 <__sflush_r+0x112>
 80024ca:	f9b4 300c 	ldrsh.w	r3, [r4, #12]
 80024ce:	6aa5      	ldr	r5, [r4, #40]	@ 0x28
 80024d0:	69e1      	ldr	r1, [r4, #28]
 80024d2:	0758      	lsls	r0, r3, #29
 80024d4:	d505      	bpl.n	80024e2 <__sflush_r+0x52>
 80024d6:	6863      	ldr	r3, [r4, #4]
 80024d8:	1ad2      	subs	r2, r2, r3
 80024da:	6b23      	ldr	r3, [r4, #48]	@ 0x30
 80024dc:	b10b      	cbz	r3, 80024e2 <__sflush_r+0x52>
 80024de:	6be3      	ldr	r3, [r4, #60]	@ 0x3c
 80024e0:	1ad2      	subs	r2, r2, r3
 80024e2:	2300      	movs	r3, #0
 80024e4:	4638      	mov	r0, r7
 80024e6:	47a8      	blx	r5
 80024e8:	1c41      	adds	r1, r0, #1
 80024ea:	d14c      	bne.n	8002586 <__sflush_r+0xf6>
 80024ec:	6839      	ldr	r1, [r7, #0]
 80024ee:	f9b4 300c 	ldrsh.w	r3, [r4, #12]
 80024f2:	291d      	cmp	r1, #29
 80024f4:	d83f      	bhi.n	8002576 <__sflush_r+0xe6>
 80024f6:	4a2f      	ldr	r2, [pc, #188]	@ (80025b4 <__sflush_r+0x124>)
 80024f8:	40ca      	lsrs	r2, r1
 80024fa:	07d2      	lsls	r2, r2, #31
 80024fc:	d53b      	bpl.n	8002576 <__sflush_r+0xe6>
 80024fe:	6922      	ldr	r2, [r4, #16]
 8002500:	6022      	str	r2, [r4, #0]
 8002502:	f423 6200 	bic.w	r2, r3, #2048	@ 0x800
 8002506:	81a2      	strh	r2, [r4, #12]
 8002508:	04dd      	lsls	r5, r3, #19
 800250a:	f04f 0200 	mov.w	r2, #0
 800250e:	6062      	str	r2, [r4, #4]
 8002510:	d501      	bpl.n	8002516 <__sflush_r+0x86>
 8002512:	2900      	cmp	r1, #0
 8002514:	d043      	beq.n	800259e <__sflush_r+0x10e>
 8002516:	6b21      	ldr	r1, [r4, #48]	@ 0x30
 8002518:	603e      	str	r6, [r7, #0]
 800251a:	b141      	cbz	r1, 800252e <__sflush_r+0x9e>
 800251c:	f104 0340 	add.w	r3, r4, #64	@ 0x40
 8002520:	4299      	cmp	r1, r3
 8002522:	d002      	beq.n	800252a <__sflush_r+0x9a>
 8002524:	4638      	mov	r0, r7
 8002526:	f001 fc45 	bl	8003db4 <_free_r>
 800252a:	2300      	movs	r3, #0
 800252c:	6323      	str	r3, [r4, #48]	@ 0x30
 800252e:	2000      	movs	r0, #0
 8002530:	bdf8      	pop	{r3, r4, r5, r6, r7, pc}
 8002532:	690e      	ldr	r6, [r1, #16]
 8002534:	2e00      	cmp	r6, #0
 8002536:	d0fa      	beq.n	800252e <__sflush_r+0x9e>
 8002538:	680d      	ldr	r5, [r1, #0]
 800253a:	600e      	str	r6, [r1, #0]
 800253c:	0792      	lsls	r2, r2, #30
 800253e:	bf0c      	ite	eq
 8002540:	694b      	ldreq	r3, [r1, #20]
 8002542:	2300      	movne	r3, #0
 8002544:	1bad      	subs	r5, r5, r6
 8002546:	608b      	str	r3, [r1, #8]
 8002548:	e00c      	b.n	8002564 <__sflush_r+0xd4>
 800254a:	f8d4 c024 	ldr.w	ip, [r4, #36]	@ 0x24
 800254e:	69e1      	ldr	r1, [r4, #28]
 8002550:	462b      	mov	r3, r5
 8002552:	4632      	mov	r2, r6
 8002554:	4638      	mov	r0, r7
 8002556:	47e0      	blx	ip
 8002558:	f1b0 0c00 	subs.w	ip, r0, #0
 800255c:	eba5 050c 	sub.w	r5, r5, ip
 8002560:	4466      	add	r6, ip
 8002562:	dd06      	ble.n	8002572 <__sflush_r+0xe2>
 8002564:	2d00      	cmp	r5, #0
 8002566:	dcf0      	bgt.n	800254a <__sflush_r+0xba>
 8002568:	e7e1      	b.n	800252e <__sflush_r+0x9e>
 800256a:	6be1      	ldr	r1, [r4, #60]	@ 0x3c
 800256c:	2900      	cmp	r1, #0
 800256e:	dc9c      	bgt.n	80024aa <__sflush_r+0x1a>
 8002570:	e7dd      	b.n	800252e <__sflush_r+0x9e>
 8002572:	f9b4 300c 	ldrsh.w	r3, [r4, #12]
 8002576:	f043 0340 	orr.w	r3, r3, #64	@ 0x40
 800257a:	81a3      	strh	r3, [r4, #12]
 800257c:	f04f 30ff 	mov.w	r0, #4294967295	@ 0xffffffff
 8002580:	bdf8      	pop	{r3, r4, r5, r6, r7, pc}
 8002582:	6d22      	ldr	r2, [r4, #80]	@ 0x50
 8002584:	e7a5      	b.n	80024d2 <__sflush_r+0x42>
 8002586:	f9b4 300c 	ldrsh.w	r3, [r4, #12]
 800258a:	6922      	ldr	r2, [r4, #16]
 800258c:	6022      	str	r2, [r4, #0]
 800258e:	f423 6200 	bic.w	r2, r3, #2048	@ 0x800
 8002592:	81a2      	strh	r2, [r4, #12]
 8002594:	04db      	lsls	r3, r3, #19
 8002596:	f04f 0200 	mov.w	r2, #0
 800259a:	6062      	str	r2, [r4, #4]
 800259c:	d5bb      	bpl.n	8002516 <__sflush_r+0x86>
 800259e:	6520      	str	r0, [r4, #80]	@ 0x50
 80025a0:	e7b9      	b.n	8002516 <__sflush_r+0x86>
 80025a2:	683b      	ldr	r3, [r7, #0]
 80025a4:	2b00      	cmp	r3, #0
 80025a6:	d090      	beq.n	80024ca <__sflush_r+0x3a>
 80025a8:	2b1d      	cmp	r3, #29
 80025aa:	d001      	beq.n	80025b0 <__sflush_r+0x120>
 80025ac:	2b16      	cmp	r3, #22
 80025ae:	d1e0      	bne.n	8002572 <__sflush_r+0xe2>
 80025b0:	603e      	str	r6, [r7, #0]
 80025b2:	e7bc      	b.n	800252e <__sflush_r+0x9e>
 80025b4:	20400001 	.word	0x20400001

080025b8 <_fflush_r>:
 80025b8:	b510      	push	{r4, lr}
 80025ba:	4604      	mov	r4, r0
 80025bc:	b082      	sub	sp, #8
 80025be:	b108      	cbz	r0, 80025c4 <_fflush_r+0xc>
 80025c0:	6b43      	ldr	r3, [r0, #52]	@ 0x34
 80025c2:	b153      	cbz	r3, 80025da <_fflush_r+0x22>
 80025c4:	f9b1 000c 	ldrsh.w	r0, [r1, #12]
 80025c8:	b908      	cbnz	r0, 80025ce <_fflush_r+0x16>
 80025ca:	b002      	add	sp, #8
 80025cc:	bd10      	pop	{r4, pc}
 80025ce:	4620      	mov	r0, r4
 80025d0:	b002      	add	sp, #8
 80025d2:	e8bd 4010 	ldmia.w	sp!, {r4, lr}
 80025d6:	f7ff bf5b 	b.w	8002490 <__sflush_r>
 80025da:	9101      	str	r1, [sp, #4]
 80025dc:	f7fe fa34 	bl	8000a48 <__sinit>
 80025e0:	9901      	ldr	r1, [sp, #4]
 80025e2:	e7ef      	b.n	80025c4 <_fflush_r+0xc>

080025e4 <fflush>:
 80025e4:	b1a0      	cbz	r0, 8002610 <fflush+0x2c>
 80025e6:	b538      	push	{r3, r4, r5, lr}
 80025e8:	4b0c      	ldr	r3, [pc, #48]	@ (800261c <fflush+0x38>)
 80025ea:	681d      	ldr	r5, [r3, #0]
 80025ec:	4604      	mov	r4, r0
 80025ee:	b10d      	cbz	r5, 80025f4 <fflush+0x10>
 80025f0:	6b6b      	ldr	r3, [r5, #52]	@ 0x34
 80025f2:	b14b      	cbz	r3, 8002608 <fflush+0x24>
 80025f4:	f9b4 000c 	ldrsh.w	r0, [r4, #12]
 80025f8:	b900      	cbnz	r0, 80025fc <fflush+0x18>
 80025fa:	bd38      	pop	{r3, r4, r5, pc}
 80025fc:	4621      	mov	r1, r4
 80025fe:	4628      	mov	r0, r5
 8002600:	e8bd 4038 	ldmia.w	sp!, {r3, r4, r5, lr}
 8002604:	f7ff bf44 	b.w	8002490 <__sflush_r>
 8002608:	4628      	mov	r0, r5
 800260a:	f7fe fa1d 	bl	8000a48 <__sinit>
 800260e:	e7f1      	b.n	80025f4 <fflush+0x10>
 8002610:	4a03      	ldr	r2, [pc, #12]	@ (8002620 <fflush+0x3c>)
 8002612:	4904      	ldr	r1, [pc, #16]	@ (8002624 <fflush+0x40>)
 8002614:	4804      	ldr	r0, [pc, #16]	@ (8002628 <fflush+0x44>)
 8002616:	f7fe bc6f 	b.w	8000ef8 <_fwalk_sglue>
 800261a:	bf00      	nop
 800261c:	20000000 	.word	0x20000000
 8002620:	20000128 	.word	0x20000128
 8002624:	080025b9 	.word	0x080025b9
 8002628:	20000008 	.word	0x20000008

0800262c <memmove>:
 800262c:	4288      	cmp	r0, r1
 800262e:	d90e      	bls.n	800264e <memmove+0x22>
 8002630:	188b      	adds	r3, r1, r2
 8002632:	4283      	cmp	r3, r0
 8002634:	d90b      	bls.n	800264e <memmove+0x22>
 8002636:	eb00 0c02 	add.w	ip, r0, r2
 800263a:	2a00      	cmp	r2, #0
 800263c:	d06e      	beq.n	800271c <memmove+0xf0>
 800263e:	4662      	mov	r2, ip
 8002640:	f813 cd01 	ldrb.w	ip, [r3, #-1]!
 8002644:	f802 cd01 	strb.w	ip, [r2, #-1]!
 8002648:	4299      	cmp	r1, r3
 800264a:	d1f9      	bne.n	8002640 <memmove+0x14>
 800264c:	4770      	bx	lr
 800264e:	2a0f      	cmp	r2, #15
 8002650:	d80f      	bhi.n	8002672 <memmove+0x46>
 8002652:	4603      	mov	r3, r0
 8002654:	f102 3cff 	add.w	ip, r2, #4294967295	@ 0xffffffff
 8002658:	2a00      	cmp	r2, #0
 800265a:	d05f      	beq.n	800271c <memmove+0xf0>
 800265c:	f10c 0c01 	add.w	ip, ip, #1
 8002660:	3b01      	subs	r3, #1
 8002662:	448c      	add	ip, r1
 8002664:	f811 2b01 	ldrb.w	r2, [r1], #1
 8002668:	f803 2f01 	strb.w	r2, [r3, #1]!
 800266c:	4561      	cmp	r1, ip
 800266e:	d1f9      	bne.n	8002664 <memmove+0x38>
 8002670:	4770      	bx	lr
 8002672:	ea40 0301 	orr.w	r3, r0, r1
 8002676:	079b      	lsls	r3, r3, #30
 8002678:	d151      	bne.n	800271e <memmove+0xf2>
 800267a:	f1a2 0310 	sub.w	r3, r2, #16
 800267e:	b570      	push	{r4, r5, r6, lr}
 8002680:	f101 0c20 	add.w	ip, r1, #32
 8002684:	f023 050f 	bic.w	r5, r3, #15
 8002688:	f101 0e10 	add.w	lr, r1, #16
 800268c:	f100 0410 	add.w	r4, r0, #16
 8002690:	44ac      	add	ip, r5
 8002692:	091b      	lsrs	r3, r3, #4
 8002694:	f85e 5c10 	ldr.w	r5, [lr, #-16]
 8002698:	f844 5c10 	str.w	r5, [r4, #-16]
 800269c:	f85e 5c0c 	ldr.w	r5, [lr, #-12]
 80026a0:	f844 5c0c 	str.w	r5, [r4, #-12]
 80026a4:	f85e 5c08 	ldr.w	r5, [lr, #-8]
 80026a8:	f844 5c08 	str.w	r5, [r4, #-8]
 80026ac:	f85e 5c04 	ldr.w	r5, [lr, #-4]
 80026b0:	f844 5c04 	str.w	r5, [r4, #-4]
 80026b4:	f10e 0e10 	add.w	lr, lr, #16
 80026b8:	45e6      	cmp	lr, ip
 80026ba:	f104 0410 	add.w	r4, r4, #16
 80026be:	d1e9      	bne.n	8002694 <memmove+0x68>
 80026c0:	3301      	adds	r3, #1
 80026c2:	f012 0f0c 	tst.w	r2, #12
 80026c6:	eb01 1103 	add.w	r1, r1, r3, lsl #4
 80026ca:	f002 040f 	and.w	r4, r2, #15
 80026ce:	eb00 1303 	add.w	r3, r0, r3, lsl #4
 80026d2:	d028      	beq.n	8002726 <memmove+0xfa>
 80026d4:	3c04      	subs	r4, #4
 80026d6:	f024 0603 	bic.w	r6, r4, #3
 80026da:	ea4f 0c94 	mov.w	ip, r4, lsr #2
 80026de:	441e      	add	r6, r3
 80026e0:	1f1c      	subs	r4, r3, #4
 80026e2:	468e      	mov	lr, r1
 80026e4:	f85e 5b04 	ldr.w	r5, [lr], #4
 80026e8:	f844 5f04 	str.w	r5, [r4, #4]!
 80026ec:	42b4      	cmp	r4, r6
 80026ee:	d1f9      	bne.n	80026e4 <memmove+0xb8>
 80026f0:	f10c 0401 	add.w	r4, ip, #1
 80026f4:	f002 0203 	and.w	r2, r2, #3
 80026f8:	eb03 0384 	add.w	r3, r3, r4, lsl #2
 80026fc:	eb01 0184 	add.w	r1, r1, r4, lsl #2
 8002700:	f102 3cff 	add.w	ip, r2, #4294967295	@ 0xffffffff
 8002704:	b14a      	cbz	r2, 800271a <memmove+0xee>
 8002706:	f10c 0c01 	add.w	ip, ip, #1
 800270a:	3b01      	subs	r3, #1
 800270c:	448c      	add	ip, r1
 800270e:	f811 2b01 	ldrb.w	r2, [r1], #1
 8002712:	f803 2f01 	strb.w	r2, [r3, #1]!
 8002716:	4561      	cmp	r1, ip
 8002718:	d1f9      	bne.n	800270e <memmove+0xe2>
 800271a:	bd70      	pop	{r4, r5, r6, pc}
 800271c:	4770      	bx	lr
 800271e:	f102 3cff 	add.w	ip, r2, #4294967295	@ 0xffffffff
 8002722:	4603      	mov	r3, r0
 8002724:	e79a      	b.n	800265c <memmove+0x30>
 8002726:	4622      	mov	r2, r4
 8002728:	e7ea      	b.n	8002700 <memmove+0xd4>
 800272a:	bf00      	nop

0800272c <_malloc_r>:
 800272c:	e92d 4ff0 	stmdb	sp!, {r4, r5, r6, r7, r8, r9, sl, fp, lr}
 8002730:	f101 050b 	add.w	r5, r1, #11
 8002734:	2d16      	cmp	r5, #22
 8002736:	b083      	sub	sp, #12
 8002738:	4606      	mov	r6, r0
 800273a:	d823      	bhi.n	8002784 <_malloc_r+0x58>
 800273c:	2910      	cmp	r1, #16
 800273e:	f200 80af 	bhi.w	80028a0 <_malloc_r+0x174>
 8002742:	f001 ff25 	bl	8004590 <__malloc_lock>
 8002746:	2510      	movs	r5, #16
 8002748:	2318      	movs	r3, #24
 800274a:	2002      	movs	r0, #2
 800274c:	4fc1      	ldr	r7, [pc, #772]	@ (8002a54 <_malloc_r+0x328>)
 800274e:	443b      	add	r3, r7
 8002750:	f1a3 0208 	sub.w	r2, r3, #8
 8002754:	685c      	ldr	r4, [r3, #4]
 8002756:	4294      	cmp	r4, r2
 8002758:	f000 8125 	beq.w	80029a6 <_malloc_r+0x27a>
 800275c:	6863      	ldr	r3, [r4, #4]
 800275e:	68e2      	ldr	r2, [r4, #12]
 8002760:	68a1      	ldr	r1, [r4, #8]
 8002762:	f023 0303 	bic.w	r3, r3, #3
 8002766:	60ca      	str	r2, [r1, #12]
 8002768:	4423      	add	r3, r4
 800276a:	4630      	mov	r0, r6
 800276c:	6091      	str	r1, [r2, #8]
 800276e:	685a      	ldr	r2, [r3, #4]
 8002770:	f042 0201 	orr.w	r2, r2, #1
 8002774:	605a      	str	r2, [r3, #4]
 8002776:	f001 ff0d 	bl	8004594 <__malloc_unlock>
 800277a:	3408      	adds	r4, #8
 800277c:	4620      	mov	r0, r4
 800277e:	b003      	add	sp, #12
 8002780:	e8bd 8ff0 	ldmia.w	sp!, {r4, r5, r6, r7, r8, r9, sl, fp, pc}
 8002784:	f035 0507 	bics.w	r5, r5, #7
 8002788:	f100 808a 	bmi.w	80028a0 <_malloc_r+0x174>
 800278c:	42a9      	cmp	r1, r5
 800278e:	f200 8087 	bhi.w	80028a0 <_malloc_r+0x174>
 8002792:	f001 fefd 	bl	8004590 <__malloc_lock>
 8002796:	f5b5 7ffc 	cmp.w	r5, #504	@ 0x1f8
 800279a:	f0c0 816d 	bcc.w	8002a78 <_malloc_r+0x34c>
 800279e:	0a6b      	lsrs	r3, r5, #9
 80027a0:	f000 8082 	beq.w	80028a8 <_malloc_r+0x17c>
 80027a4:	2b04      	cmp	r3, #4
 80027a6:	f200 8124 	bhi.w	80029f2 <_malloc_r+0x2c6>
 80027aa:	09ab      	lsrs	r3, r5, #6
 80027ac:	f103 0039 	add.w	r0, r3, #57	@ 0x39
 80027b0:	f103 0e38 	add.w	lr, r3, #56	@ 0x38
 80027b4:	00c3      	lsls	r3, r0, #3
 80027b6:	4fa7      	ldr	r7, [pc, #668]	@ (8002a54 <_malloc_r+0x328>)
 80027b8:	443b      	add	r3, r7
 80027ba:	f1a3 0c08 	sub.w	ip, r3, #8
 80027be:	685c      	ldr	r4, [r3, #4]
 80027c0:	45a4      	cmp	ip, r4
 80027c2:	d107      	bne.n	80027d4 <_malloc_r+0xa8>
 80027c4:	e00d      	b.n	80027e2 <_malloc_r+0xb6>
 80027c6:	2a00      	cmp	r2, #0
 80027c8:	68e1      	ldr	r1, [r4, #12]
 80027ca:	f280 80e6 	bge.w	800299a <_malloc_r+0x26e>
 80027ce:	458c      	cmp	ip, r1
 80027d0:	d007      	beq.n	80027e2 <_malloc_r+0xb6>
 80027d2:	460c      	mov	r4, r1
 80027d4:	6863      	ldr	r3, [r4, #4]
 80027d6:	f023 0303 	bic.w	r3, r3, #3
 80027da:	1b5a      	subs	r2, r3, r5
 80027dc:	2a0f      	cmp	r2, #15
 80027de:	ddf2      	ble.n	80027c6 <_malloc_r+0x9a>
 80027e0:	4670      	mov	r0, lr
 80027e2:	f8df 8274 	ldr.w	r8, [pc, #628]	@ 8002a58 <_malloc_r+0x32c>
 80027e6:	693c      	ldr	r4, [r7, #16]
 80027e8:	4544      	cmp	r4, r8
 80027ea:	f000 80c3 	beq.w	8002974 <_malloc_r+0x248>
 80027ee:	6863      	ldr	r3, [r4, #4]
 80027f0:	f023 0c03 	bic.w	ip, r3, #3
 80027f4:	ebac 0305 	sub.w	r3, ip, r5
 80027f8:	2b0f      	cmp	r3, #15
 80027fa:	f300 8141 	bgt.w	8002a80 <_malloc_r+0x354>
 80027fe:	2b00      	cmp	r3, #0
 8002800:	e9c7 8804 	strd	r8, r8, [r7, #16]
 8002804:	f280 812c 	bge.w	8002a60 <_malloc_r+0x334>
 8002808:	f5bc 7f00 	cmp.w	ip, #512	@ 0x200
 800280c:	f8d7 e004 	ldr.w	lr, [r7, #4]
 8002810:	f080 80cf 	bcs.w	80029b2 <_malloc_r+0x286>
 8002814:	ea4f 01dc 	mov.w	r1, ip, lsr #3
 8002818:	3101      	adds	r1, #1
 800281a:	ea4f 1c5c 	mov.w	ip, ip, lsr #5
 800281e:	2301      	movs	r3, #1
 8002820:	fa03 f30c 	lsl.w	r3, r3, ip
 8002824:	f857 2031 	ldr.w	r2, [r7, r1, lsl #3]
 8002828:	60a2      	str	r2, [r4, #8]
 800282a:	ea4e 0e03 	orr.w	lr, lr, r3
 800282e:	eb07 03c1 	add.w	r3, r7, r1, lsl #3
 8002832:	3b08      	subs	r3, #8
 8002834:	60e3      	str	r3, [r4, #12]
 8002836:	f8c7 e004 	str.w	lr, [r7, #4]
 800283a:	f847 4031 	str.w	r4, [r7, r1, lsl #3]
 800283e:	60d4      	str	r4, [r2, #12]
 8002840:	1083      	asrs	r3, r0, #2
 8002842:	f04f 0c01 	mov.w	ip, #1
 8002846:	fa0c fc03 	lsl.w	ip, ip, r3
 800284a:	45f4      	cmp	ip, lr
 800284c:	d832      	bhi.n	80028b4 <_malloc_r+0x188>
 800284e:	ea1c 0f0e 	tst.w	ip, lr
 8002852:	d108      	bne.n	8002866 <_malloc_r+0x13a>
 8002854:	f020 0003 	bic.w	r0, r0, #3
 8002858:	ea4f 0c4c 	mov.w	ip, ip, lsl #1
 800285c:	ea1c 0f0e 	tst.w	ip, lr
 8002860:	f100 0004 	add.w	r0, r0, #4
 8002864:	d0f8      	beq.n	8002858 <_malloc_r+0x12c>
 8002866:	eb07 0ac0 	add.w	sl, r7, r0, lsl #3
 800286a:	46d6      	mov	lr, sl
 800286c:	4681      	mov	r9, r0
 800286e:	f8de 300c 	ldr.w	r3, [lr, #12]
 8002872:	e00b      	b.n	800288c <_malloc_r+0x160>
 8002874:	6859      	ldr	r1, [r3, #4]
 8002876:	f021 0103 	bic.w	r1, r1, #3
 800287a:	1b4a      	subs	r2, r1, r5
 800287c:	2a0f      	cmp	r2, #15
 800287e:	461c      	mov	r4, r3
 8002880:	68db      	ldr	r3, [r3, #12]
 8002882:	f300 80c2 	bgt.w	8002a0a <_malloc_r+0x2de>
 8002886:	2a00      	cmp	r2, #0
 8002888:	f280 80d6 	bge.w	8002a38 <_malloc_r+0x30c>
 800288c:	459e      	cmp	lr, r3
 800288e:	d1f1      	bne.n	8002874 <_malloc_r+0x148>
 8002890:	f109 0901 	add.w	r9, r9, #1
 8002894:	f019 0f03 	tst.w	r9, #3
 8002898:	f10e 0e08 	add.w	lr, lr, #8
 800289c:	d1e7      	bne.n	800286e <_malloc_r+0x142>
 800289e:	e118      	b.n	8002ad2 <_malloc_r+0x3a6>
 80028a0:	230c      	movs	r3, #12
 80028a2:	6033      	str	r3, [r6, #0]
 80028a4:	2400      	movs	r4, #0
 80028a6:	e769      	b.n	800277c <_malloc_r+0x50>
 80028a8:	f44f 7300 	mov.w	r3, #512	@ 0x200
 80028ac:	2040      	movs	r0, #64	@ 0x40
 80028ae:	f04f 0e3f 	mov.w	lr, #63	@ 0x3f
 80028b2:	e780      	b.n	80027b6 <_malloc_r+0x8a>
 80028b4:	68bc      	ldr	r4, [r7, #8]
 80028b6:	6863      	ldr	r3, [r4, #4]
 80028b8:	f023 0903 	bic.w	r9, r3, #3
 80028bc:	45a9      	cmp	r9, r5
 80028be:	d303      	bcc.n	80028c8 <_malloc_r+0x19c>
 80028c0:	eba9 0305 	sub.w	r3, r9, r5
 80028c4:	2b0f      	cmp	r3, #15
 80028c6:	dc58      	bgt.n	800297a <_malloc_r+0x24e>
 80028c8:	f8df b190 	ldr.w	fp, [pc, #400]	@ 8002a5c <_malloc_r+0x330>
 80028cc:	f8db 2000 	ldr.w	r2, [fp]
 80028d0:	eb04 0309 	add.w	r3, r4, r9
 80028d4:	3210      	adds	r2, #16
 80028d6:	2008      	movs	r0, #8
 80028d8:	eb02 0805 	add.w	r8, r2, r5
 80028dc:	9300      	str	r3, [sp, #0]
 80028de:	f001 fc47 	bl	8004170 <sysconf>
 80028e2:	f8d7 1408 	ldr.w	r1, [r7, #1032]	@ 0x408
 80028e6:	3101      	adds	r1, #1
 80028e8:	4602      	mov	r2, r0
 80028ea:	d005      	beq.n	80028f8 <_malloc_r+0x1cc>
 80028ec:	f108 38ff 	add.w	r8, r8, #4294967295	@ 0xffffffff
 80028f0:	4480      	add	r8, r0
 80028f2:	4241      	negs	r1, r0
 80028f4:	ea01 0808 	and.w	r8, r1, r8
 80028f8:	4641      	mov	r1, r8
 80028fa:	4630      	mov	r0, r6
 80028fc:	9200      	str	r2, [sp, #0]
 80028fe:	f001 fe4b 	bl	8004598 <_sbrk_r>
 8002902:	f1b0 3fff 	cmp.w	r0, #4294967295	@ 0xffffffff
 8002906:	9a00      	ldr	r2, [sp, #0]
 8002908:	4682      	mov	sl, r0
 800290a:	f000 80d4 	beq.w	8002ab6 <_malloc_r+0x38a>
 800290e:	eb04 0309 	add.w	r3, r4, r9
 8002912:	4283      	cmp	r3, r0
 8002914:	f200 80cd 	bhi.w	8002ab2 <_malloc_r+0x386>
 8002918:	f8db 1004 	ldr.w	r1, [fp, #4]
 800291c:	4441      	add	r1, r8
 800291e:	f8cb 1004 	str.w	r1, [fp, #4]
 8002922:	4608      	mov	r0, r1
 8002924:	f102 3cff 	add.w	ip, r2, #4294967295	@ 0xffffffff
 8002928:	f040 80f5 	bne.w	8002b16 <_malloc_r+0x3ea>
 800292c:	ea1a 0f0c 	tst.w	sl, ip
 8002930:	f040 80f1 	bne.w	8002b16 <_malloc_r+0x3ea>
 8002934:	f8d7 a008 	ldr.w	sl, [r7, #8]
 8002938:	44c8      	add	r8, r9
 800293a:	f048 0001 	orr.w	r0, r8, #1
 800293e:	f8ca 0004 	str.w	r0, [sl, #4]
 8002942:	f8db 202c 	ldr.w	r2, [fp, #44]	@ 0x2c
 8002946:	428a      	cmp	r2, r1
 8002948:	f8db 2030 	ldr.w	r2, [fp, #48]	@ 0x30
 800294c:	bf38      	it	cc
 800294e:	f8cb 102c 	strcc.w	r1, [fp, #44]	@ 0x2c
 8002952:	428a      	cmp	r2, r1
 8002954:	bf38      	it	cc
 8002956:	f8cb 1030 	strcc.w	r1, [fp, #48]	@ 0x30
 800295a:	4654      	mov	r4, sl
 800295c:	f020 0803 	bic.w	r8, r0, #3
 8002960:	45a8      	cmp	r8, r5
 8002962:	eba8 0305 	sub.w	r3, r8, r5
 8002966:	d301      	bcc.n	800296c <_malloc_r+0x240>
 8002968:	2b0f      	cmp	r3, #15
 800296a:	dc06      	bgt.n	800297a <_malloc_r+0x24e>
 800296c:	4630      	mov	r0, r6
 800296e:	f001 fe11 	bl	8004594 <__malloc_unlock>
 8002972:	e797      	b.n	80028a4 <_malloc_r+0x178>
 8002974:	f8d7 e004 	ldr.w	lr, [r7, #4]
 8002978:	e762      	b.n	8002840 <_malloc_r+0x114>
 800297a:	1962      	adds	r2, r4, r5
 800297c:	f043 0301 	orr.w	r3, r3, #1
 8002980:	f045 0501 	orr.w	r5, r5, #1
 8002984:	6065      	str	r5, [r4, #4]
 8002986:	4630      	mov	r0, r6
 8002988:	60ba      	str	r2, [r7, #8]
 800298a:	6053      	str	r3, [r2, #4]
 800298c:	f001 fe02 	bl	8004594 <__malloc_unlock>
 8002990:	3408      	adds	r4, #8
 8002992:	4620      	mov	r0, r4
 8002994:	b003      	add	sp, #12
 8002996:	e8bd 8ff0 	ldmia.w	sp!, {r4, r5, r6, r7, r8, r9, sl, fp, pc}
 800299a:	68a2      	ldr	r2, [r4, #8]
 800299c:	4423      	add	r3, r4
 800299e:	60d1      	str	r1, [r2, #12]
 80029a0:	4630      	mov	r0, r6
 80029a2:	608a      	str	r2, [r1, #8]
 80029a4:	e6e3      	b.n	800276e <_malloc_r+0x42>
 80029a6:	68dc      	ldr	r4, [r3, #12]
 80029a8:	42a3      	cmp	r3, r4
 80029aa:	f47f aed7 	bne.w	800275c <_malloc_r+0x30>
 80029ae:	3002      	adds	r0, #2
 80029b0:	e717      	b.n	80027e2 <_malloc_r+0xb6>
 80029b2:	f5bc 6f20 	cmp.w	ip, #2560	@ 0xa00
 80029b6:	ea4f 225c 	mov.w	r2, ip, lsr #9
 80029ba:	d373      	bcc.n	8002aa4 <_malloc_r+0x378>
 80029bc:	2a14      	cmp	r2, #20
 80029be:	f200 810a 	bhi.w	8002bd6 <_malloc_r+0x4aa>
 80029c2:	f102 035c 	add.w	r3, r2, #92	@ 0x5c
 80029c6:	00db      	lsls	r3, r3, #3
 80029c8:	325b      	adds	r2, #91	@ 0x5b
 80029ca:	18f9      	adds	r1, r7, r3
 80029cc:	58fb      	ldr	r3, [r7, r3]
 80029ce:	3908      	subs	r1, #8
 80029d0:	4299      	cmp	r1, r3
 80029d2:	d103      	bne.n	80029dc <_malloc_r+0x2b0>
 80029d4:	e0e6      	b.n	8002ba4 <_malloc_r+0x478>
 80029d6:	689b      	ldr	r3, [r3, #8]
 80029d8:	4299      	cmp	r1, r3
 80029da:	d004      	beq.n	80029e6 <_malloc_r+0x2ba>
 80029dc:	685a      	ldr	r2, [r3, #4]
 80029de:	f022 0203 	bic.w	r2, r2, #3
 80029e2:	4562      	cmp	r2, ip
 80029e4:	d8f7      	bhi.n	80029d6 <_malloc_r+0x2aa>
 80029e6:	68d9      	ldr	r1, [r3, #12]
 80029e8:	e9c4 3102 	strd	r3, r1, [r4, #8]
 80029ec:	608c      	str	r4, [r1, #8]
 80029ee:	60dc      	str	r4, [r3, #12]
 80029f0:	e726      	b.n	8002840 <_malloc_r+0x114>
 80029f2:	2b14      	cmp	r3, #20
 80029f4:	d962      	bls.n	8002abc <_malloc_r+0x390>
 80029f6:	2b54      	cmp	r3, #84	@ 0x54
 80029f8:	f200 80f6 	bhi.w	8002be8 <_malloc_r+0x4bc>
 80029fc:	0b2b      	lsrs	r3, r5, #12
 80029fe:	f103 006f 	add.w	r0, r3, #111	@ 0x6f
 8002a02:	f103 0e6e 	add.w	lr, r3, #110	@ 0x6e
 8002a06:	00c3      	lsls	r3, r0, #3
 8002a08:	e6d5      	b.n	80027b6 <_malloc_r+0x8a>
 8002a0a:	f8d4 c008 	ldr.w	ip, [r4, #8]
 8002a0e:	4630      	mov	r0, r6
 8002a10:	1966      	adds	r6, r4, r5
 8002a12:	f045 0501 	orr.w	r5, r5, #1
 8002a16:	6065      	str	r5, [r4, #4]
 8002a18:	f8cc 300c 	str.w	r3, [ip, #12]
 8002a1c:	f8c3 c008 	str.w	ip, [r3, #8]
 8002a20:	f042 0301 	orr.w	r3, r2, #1
 8002a24:	e9c7 6604 	strd	r6, r6, [r7, #16]
 8002a28:	e9c6 8802 	strd	r8, r8, [r6, #8]
 8002a2c:	6073      	str	r3, [r6, #4]
 8002a2e:	5062      	str	r2, [r4, r1]
 8002a30:	f001 fdb0 	bl	8004594 <__malloc_unlock>
 8002a34:	3408      	adds	r4, #8
 8002a36:	e6a1      	b.n	800277c <_malloc_r+0x50>
 8002a38:	4421      	add	r1, r4
 8002a3a:	4630      	mov	r0, r6
 8002a3c:	684a      	ldr	r2, [r1, #4]
 8002a3e:	f042 0201 	orr.w	r2, r2, #1
 8002a42:	604a      	str	r2, [r1, #4]
 8002a44:	f854 2f08 	ldr.w	r2, [r4, #8]!
 8002a48:	60d3      	str	r3, [r2, #12]
 8002a4a:	609a      	str	r2, [r3, #8]
 8002a4c:	f001 fda2 	bl	8004594 <__malloc_unlock>
 8002a50:	e694      	b.n	800277c <_malloc_r+0x50>
 8002a52:	bf00      	nop
 8002a54:	20000138 	.word	0x20000138
 8002a58:	20000140 	.word	0x20000140
 8002a5c:	200007f8 	.word	0x200007f8
 8002a60:	44a4      	add	ip, r4
 8002a62:	4630      	mov	r0, r6
 8002a64:	f8dc 3004 	ldr.w	r3, [ip, #4]
 8002a68:	f043 0301 	orr.w	r3, r3, #1
 8002a6c:	f8cc 3004 	str.w	r3, [ip, #4]
 8002a70:	f001 fd90 	bl	8004594 <__malloc_unlock>
 8002a74:	3408      	adds	r4, #8
 8002a76:	e681      	b.n	800277c <_malloc_r+0x50>
 8002a78:	08e8      	lsrs	r0, r5, #3
 8002a7a:	f105 0308 	add.w	r3, r5, #8
 8002a7e:	e665      	b.n	800274c <_malloc_r+0x20>
 8002a80:	1962      	adds	r2, r4, r5
 8002a82:	f043 0101 	orr.w	r1, r3, #1
 8002a86:	f045 0501 	orr.w	r5, r5, #1
 8002a8a:	6065      	str	r5, [r4, #4]
 8002a8c:	4630      	mov	r0, r6
 8002a8e:	e9c7 2204 	strd	r2, r2, [r7, #16]
 8002a92:	e9c2 8802 	strd	r8, r8, [r2, #8]
 8002a96:	6051      	str	r1, [r2, #4]
 8002a98:	f844 300c 	str.w	r3, [r4, ip]
 8002a9c:	f001 fd7a 	bl	8004594 <__malloc_unlock>
 8002aa0:	3408      	adds	r4, #8
 8002aa2:	e66b      	b.n	800277c <_malloc_r+0x50>
 8002aa4:	ea4f 129c 	mov.w	r2, ip, lsr #6
 8002aa8:	f102 0339 	add.w	r3, r2, #57	@ 0x39
 8002aac:	00db      	lsls	r3, r3, #3
 8002aae:	3238      	adds	r2, #56	@ 0x38
 8002ab0:	e78b      	b.n	80029ca <_malloc_r+0x29e>
 8002ab2:	42bc      	cmp	r4, r7
 8002ab4:	d028      	beq.n	8002b08 <_malloc_r+0x3dc>
 8002ab6:	68bc      	ldr	r4, [r7, #8]
 8002ab8:	6860      	ldr	r0, [r4, #4]
 8002aba:	e74f      	b.n	800295c <_malloc_r+0x230>
 8002abc:	f103 005c 	add.w	r0, r3, #92	@ 0x5c
 8002ac0:	f103 0e5b 	add.w	lr, r3, #91	@ 0x5b
 8002ac4:	00c3      	lsls	r3, r0, #3
 8002ac6:	e676      	b.n	80027b6 <_malloc_r+0x8a>
 8002ac8:	f85a 3908 	ldr.w	r3, [sl], #-8
 8002acc:	4553      	cmp	r3, sl
 8002ace:	f040 80d8 	bne.w	8002c82 <_malloc_r+0x556>
 8002ad2:	f010 0f03 	tst.w	r0, #3
 8002ad6:	f100 30ff 	add.w	r0, r0, #4294967295	@ 0xffffffff
 8002ada:	d1f5      	bne.n	8002ac8 <_malloc_r+0x39c>
 8002adc:	687b      	ldr	r3, [r7, #4]
 8002ade:	ea23 030c 	bic.w	r3, r3, ip
 8002ae2:	607b      	str	r3, [r7, #4]
 8002ae4:	ea4f 0c4c 	mov.w	ip, ip, lsl #1
 8002ae8:	459c      	cmp	ip, r3
 8002aea:	f63f aee3 	bhi.w	80028b4 <_malloc_r+0x188>
 8002aee:	f1bc 0f00 	cmp.w	ip, #0
 8002af2:	d104      	bne.n	8002afe <_malloc_r+0x3d2>
 8002af4:	e6de      	b.n	80028b4 <_malloc_r+0x188>
 8002af6:	ea4f 0c4c 	mov.w	ip, ip, lsl #1
 8002afa:	f109 0904 	add.w	r9, r9, #4
 8002afe:	ea1c 0f03 	tst.w	ip, r3
 8002b02:	d0f8      	beq.n	8002af6 <_malloc_r+0x3ca>
 8002b04:	4648      	mov	r0, r9
 8002b06:	e6ae      	b.n	8002866 <_malloc_r+0x13a>
 8002b08:	f8db 0004 	ldr.w	r0, [fp, #4]
 8002b0c:	4440      	add	r0, r8
 8002b0e:	f8cb 0004 	str.w	r0, [fp, #4]
 8002b12:	f102 3cff 	add.w	ip, r2, #4294967295	@ 0xffffffff
 8002b16:	f8d7 1408 	ldr.w	r1, [r7, #1032]	@ 0x408
 8002b1a:	3101      	adds	r1, #1
 8002b1c:	d06e      	beq.n	8002bfc <_malloc_r+0x4d0>
 8002b1e:	eb04 0309 	add.w	r3, r4, r9
 8002b22:	ebaa 0303 	sub.w	r3, sl, r3
 8002b26:	4418      	add	r0, r3
 8002b28:	f8cb 0004 	str.w	r0, [fp, #4]
 8002b2c:	f01a 0307 	ands.w	r3, sl, #7
 8002b30:	9300      	str	r3, [sp, #0]
 8002b32:	d041      	beq.n	8002bb8 <_malloc_r+0x48c>
 8002b34:	f1c3 0108 	rsb	r1, r3, #8
 8002b38:	448a      	add	sl, r1
 8002b3a:	44d0      	add	r8, sl
 8002b3c:	440a      	add	r2, r1
 8002b3e:	ea08 010c 	and.w	r1, r8, ip
 8002b42:	1a52      	subs	r2, r2, r1
 8002b44:	ea02 010c 	and.w	r1, r2, ip
 8002b48:	4630      	mov	r0, r6
 8002b4a:	9101      	str	r1, [sp, #4]
 8002b4c:	f001 fd24 	bl	8004598 <_sbrk_r>
 8002b50:	1c42      	adds	r2, r0, #1
 8002b52:	d06f      	beq.n	8002c34 <_malloc_r+0x508>
 8002b54:	9901      	ldr	r1, [sp, #4]
 8002b56:	eba0 000a 	sub.w	r0, r0, sl
 8002b5a:	eb00 0801 	add.w	r8, r0, r1
 8002b5e:	f8db 2004 	ldr.w	r2, [fp, #4]
 8002b62:	f8c7 a008 	str.w	sl, [r7, #8]
 8002b66:	f048 0001 	orr.w	r0, r8, #1
 8002b6a:	4411      	add	r1, r2
 8002b6c:	42bc      	cmp	r4, r7
 8002b6e:	f8ca 0004 	str.w	r0, [sl, #4]
 8002b72:	f8cb 1004 	str.w	r1, [fp, #4]
 8002b76:	f43f aee4 	beq.w	8002942 <_malloc_r+0x216>
 8002b7a:	f1b9 0f0f 	cmp.w	r9, #15
 8002b7e:	d940      	bls.n	8002c02 <_malloc_r+0x4d6>
 8002b80:	6862      	ldr	r2, [r4, #4]
 8002b82:	f1a9 000c 	sub.w	r0, r9, #12
 8002b86:	f020 0007 	bic.w	r0, r0, #7
 8002b8a:	f002 0201 	and.w	r2, r2, #1
 8002b8e:	4302      	orrs	r2, r0
 8002b90:	6062      	str	r2, [r4, #4]
 8002b92:	2305      	movs	r3, #5
 8002b94:	1822      	adds	r2, r4, r0
 8002b96:	280f      	cmp	r0, #15
 8002b98:	e9c2 3301 	strd	r3, r3, [r2, #4]
 8002b9c:	d852      	bhi.n	8002c44 <_malloc_r+0x518>
 8002b9e:	f8da 0004 	ldr.w	r0, [sl, #4]
 8002ba2:	e6ce      	b.n	8002942 <_malloc_r+0x216>
 8002ba4:	1092      	asrs	r2, r2, #2
 8002ba6:	f04f 0c01 	mov.w	ip, #1
 8002baa:	fa0c f202 	lsl.w	r2, ip, r2
 8002bae:	ea4e 0e02 	orr.w	lr, lr, r2
 8002bb2:	f8c7 e004 	str.w	lr, [r7, #4]
 8002bb6:	e717      	b.n	80029e8 <_malloc_r+0x2bc>
 8002bb8:	eb0a 0108 	add.w	r1, sl, r8
 8002bbc:	ea01 010c 	and.w	r1, r1, ip
 8002bc0:	1a52      	subs	r2, r2, r1
 8002bc2:	ea02 010c 	and.w	r1, r2, ip
 8002bc6:	4630      	mov	r0, r6
 8002bc8:	9101      	str	r1, [sp, #4]
 8002bca:	f001 fce5 	bl	8004598 <_sbrk_r>
 8002bce:	1c43      	adds	r3, r0, #1
 8002bd0:	d1c0      	bne.n	8002b54 <_malloc_r+0x428>
 8002bd2:	9900      	ldr	r1, [sp, #0]
 8002bd4:	e7c3      	b.n	8002b5e <_malloc_r+0x432>
 8002bd6:	2a54      	cmp	r2, #84	@ 0x54
 8002bd8:	d817      	bhi.n	8002c0a <_malloc_r+0x4de>
 8002bda:	ea4f 321c 	mov.w	r2, ip, lsr #12
 8002bde:	f102 036f 	add.w	r3, r2, #111	@ 0x6f
 8002be2:	00db      	lsls	r3, r3, #3
 8002be4:	326e      	adds	r2, #110	@ 0x6e
 8002be6:	e6f0      	b.n	80029ca <_malloc_r+0x29e>
 8002be8:	f5b3 7faa 	cmp.w	r3, #340	@ 0x154
 8002bec:	d817      	bhi.n	8002c1e <_malloc_r+0x4f2>
 8002bee:	0beb      	lsrs	r3, r5, #15
 8002bf0:	f103 0078 	add.w	r0, r3, #120	@ 0x78
 8002bf4:	f103 0e77 	add.w	lr, r3, #119	@ 0x77
 8002bf8:	00c3      	lsls	r3, r0, #3
 8002bfa:	e5dc      	b.n	80027b6 <_malloc_r+0x8a>
 8002bfc:	f8c7 a408 	str.w	sl, [r7, #1032]	@ 0x408
 8002c00:	e794      	b.n	8002b2c <_malloc_r+0x400>
 8002c02:	2301      	movs	r3, #1
 8002c04:	f8ca 3004 	str.w	r3, [sl, #4]
 8002c08:	e6b0      	b.n	800296c <_malloc_r+0x240>
 8002c0a:	f5b2 7faa 	cmp.w	r2, #340	@ 0x154
 8002c0e:	d823      	bhi.n	8002c58 <_malloc_r+0x52c>
 8002c10:	ea4f 32dc 	mov.w	r2, ip, lsr #15
 8002c14:	f102 0378 	add.w	r3, r2, #120	@ 0x78
 8002c18:	00db      	lsls	r3, r3, #3
 8002c1a:	3277      	adds	r2, #119	@ 0x77
 8002c1c:	e6d5      	b.n	80029ca <_malloc_r+0x29e>
 8002c1e:	f240 5254 	movw	r2, #1364	@ 0x554
 8002c22:	4293      	cmp	r3, r2
 8002c24:	d823      	bhi.n	8002c6e <_malloc_r+0x542>
 8002c26:	0cab      	lsrs	r3, r5, #18
 8002c28:	f103 007d 	add.w	r0, r3, #125	@ 0x7d
 8002c2c:	f103 0e7c 	add.w	lr, r3, #124	@ 0x7c
 8002c30:	00c3      	lsls	r3, r0, #3
 8002c32:	e5c0      	b.n	80027b6 <_malloc_r+0x8a>
 8002c34:	9b00      	ldr	r3, [sp, #0]
 8002c36:	f1a3 0208 	sub.w	r2, r3, #8
 8002c3a:	4490      	add	r8, r2
 8002c3c:	eba8 080a 	sub.w	r8, r8, sl
 8002c40:	2100      	movs	r1, #0
 8002c42:	e78c      	b.n	8002b5e <_malloc_r+0x432>
 8002c44:	f104 0108 	add.w	r1, r4, #8
 8002c48:	4630      	mov	r0, r6
 8002c4a:	f001 f8b3 	bl	8003db4 <_free_r>
 8002c4e:	f8db 1004 	ldr.w	r1, [fp, #4]
 8002c52:	f8d7 a008 	ldr.w	sl, [r7, #8]
 8002c56:	e7a2      	b.n	8002b9e <_malloc_r+0x472>
 8002c58:	f240 5354 	movw	r3, #1364	@ 0x554
 8002c5c:	429a      	cmp	r2, r3
 8002c5e:	d80c      	bhi.n	8002c7a <_malloc_r+0x54e>
 8002c60:	ea4f 429c 	mov.w	r2, ip, lsr #18
 8002c64:	f102 037d 	add.w	r3, r2, #125	@ 0x7d
 8002c68:	00db      	lsls	r3, r3, #3
 8002c6a:	327c      	adds	r2, #124	@ 0x7c
 8002c6c:	e6ad      	b.n	80029ca <_malloc_r+0x29e>
 8002c6e:	f44f 737e 	mov.w	r3, #1016	@ 0x3f8
 8002c72:	207f      	movs	r0, #127	@ 0x7f
 8002c74:	f04f 0e7e 	mov.w	lr, #126	@ 0x7e
 8002c78:	e59d      	b.n	80027b6 <_malloc_r+0x8a>
 8002c7a:	f44f 737e 	mov.w	r3, #1016	@ 0x3f8
 8002c7e:	227e      	movs	r2, #126	@ 0x7e
 8002c80:	e6a3      	b.n	80029ca <_malloc_r+0x29e>
 8002c82:	687b      	ldr	r3, [r7, #4]
 8002c84:	e72e      	b.n	8002ae4 <_malloc_r+0x3b8>
 8002c86:	bf00      	nop

08002c88 <quorem>:
 8002c88:	e92d 4ff0 	stmdb	sp!, {r4, r5, r6, r7, r8, r9, sl, fp, lr}
 8002c8c:	6903      	ldr	r3, [r0, #16]
 8002c8e:	690c      	ldr	r4, [r1, #16]
 8002c90:	42a3      	cmp	r3, r4
 8002c92:	b083      	sub	sp, #12
 8002c94:	f2c0 808a 	blt.w	8002dac <quorem+0x124>
 8002c98:	3c01      	subs	r4, #1
 8002c9a:	f101 0514 	add.w	r5, r1, #20
 8002c9e:	f100 0814 	add.w	r8, r0, #20
 8002ca2:	f855 3024 	ldr.w	r3, [r5, r4, lsl #2]
 8002ca6:	f858 2024 	ldr.w	r2, [r8, r4, lsl #2]
 8002caa:	3301      	adds	r3, #1
 8002cac:	429a      	cmp	r2, r3
 8002cae:	468e      	mov	lr, r1
 8002cb0:	4681      	mov	r9, r0
 8002cb2:	ea4f 0184 	mov.w	r1, r4, lsl #2
 8002cb6:	eb05 0784 	add.w	r7, r5, r4, lsl #2
 8002cba:	eb08 0a84 	add.w	sl, r8, r4, lsl #2
 8002cbe:	fbb2 f6f3 	udiv	r6, r2, r3
 8002cc2:	d33a      	bcc.n	8002d3a <quorem+0xb2>
 8002cc4:	e9cd 1500 	strd	r1, r5, [sp]
 8002cc8:	2200      	movs	r2, #0
 8002cca:	46ac      	mov	ip, r5
 8002ccc:	4640      	mov	r0, r8
 8002cce:	4613      	mov	r3, r2
 8002cd0:	f85c 1b04 	ldr.w	r1, [ip], #4
 8002cd4:	6805      	ldr	r5, [r0, #0]
 8002cd6:	fa1f fb81 	uxth.w	fp, r1
 8002cda:	fb06 220b 	mla	r2, r6, fp, r2
 8002cde:	0c09      	lsrs	r1, r1, #16
 8002ce0:	ea4f 4b12 	mov.w	fp, r2, lsr #16
 8002ce4:	fb06 bb01 	mla	fp, r6, r1, fp
 8002ce8:	b292      	uxth	r2, r2
 8002cea:	b2a9      	uxth	r1, r5
 8002cec:	1a89      	subs	r1, r1, r2
 8002cee:	4419      	add	r1, r3
 8002cf0:	fa1f f38b 	uxth.w	r3, fp
 8002cf4:	ebc3 4321 	rsb	r3, r3, r1, asr #16
 8002cf8:	eb03 4315 	add.w	r3, r3, r5, lsr #16
 8002cfc:	b289      	uxth	r1, r1
 8002cfe:	ea41 4103 	orr.w	r1, r1, r3, lsl #16
 8002d02:	4567      	cmp	r7, ip
 8002d04:	f840 1b04 	str.w	r1, [r0], #4
 8002d08:	ea4f 421b 	mov.w	r2, fp, lsr #16
 8002d0c:	ea4f 4323 	mov.w	r3, r3, asr #16
 8002d10:	d2de      	bcs.n	8002cd0 <quorem+0x48>
 8002d12:	e9dd 1500 	ldrd	r1, r5, [sp]
 8002d16:	f858 3001 	ldr.w	r3, [r8, r1]
 8002d1a:	b973      	cbnz	r3, 8002d3a <quorem+0xb2>
 8002d1c:	f1aa 0a04 	sub.w	sl, sl, #4
 8002d20:	45d0      	cmp	r8, sl
 8002d22:	d304      	bcc.n	8002d2e <quorem+0xa6>
 8002d24:	e007      	b.n	8002d36 <quorem+0xae>
 8002d26:	45d0      	cmp	r8, sl
 8002d28:	f104 34ff 	add.w	r4, r4, #4294967295	@ 0xffffffff
 8002d2c:	d203      	bcs.n	8002d36 <quorem+0xae>
 8002d2e:	f85a 3904 	ldr.w	r3, [sl], #-4
 8002d32:	2b00      	cmp	r3, #0
 8002d34:	d0f7      	beq.n	8002d26 <quorem+0x9e>
 8002d36:	f8c9 4010 	str.w	r4, [r9, #16]
 8002d3a:	4671      	mov	r1, lr
 8002d3c:	4648      	mov	r0, r9
 8002d3e:	f001 ff67 	bl	8004c10 <__mcmp>
 8002d42:	2800      	cmp	r0, #0
 8002d44:	db2e      	blt.n	8002da4 <quorem+0x11c>
 8002d46:	4641      	mov	r1, r8
 8002d48:	2200      	movs	r2, #0
 8002d4a:	f855 0b04 	ldr.w	r0, [r5], #4
 8002d4e:	f8d1 c000 	ldr.w	ip, [r1]
 8002d52:	fa1f fe80 	uxth.w	lr, r0
 8002d56:	fa1f f38c 	uxth.w	r3, ip
 8002d5a:	eba3 030e 	sub.w	r3, r3, lr
 8002d5e:	4413      	add	r3, r2
 8002d60:	0c02      	lsrs	r2, r0, #16
 8002d62:	ebc2 4223 	rsb	r2, r2, r3, asr #16
 8002d66:	eb02 421c 	add.w	r2, r2, ip, lsr #16
 8002d6a:	b29b      	uxth	r3, r3
 8002d6c:	ea43 4302 	orr.w	r3, r3, r2, lsl #16
 8002d70:	42af      	cmp	r7, r5
 8002d72:	f841 3b04 	str.w	r3, [r1], #4
 8002d76:	ea4f 4222 	mov.w	r2, r2, asr #16
 8002d7a:	d2e6      	bcs.n	8002d4a <quorem+0xc2>
 8002d7c:	f858 2024 	ldr.w	r2, [r8, r4, lsl #2]
 8002d80:	eb08 0384 	add.w	r3, r8, r4, lsl #2
 8002d84:	b96a      	cbnz	r2, 8002da2 <quorem+0x11a>
 8002d86:	3b04      	subs	r3, #4
 8002d88:	4543      	cmp	r3, r8
 8002d8a:	d804      	bhi.n	8002d96 <quorem+0x10e>
 8002d8c:	e007      	b.n	8002d9e <quorem+0x116>
 8002d8e:	4598      	cmp	r8, r3
 8002d90:	f104 34ff 	add.w	r4, r4, #4294967295	@ 0xffffffff
 8002d94:	d203      	bcs.n	8002d9e <quorem+0x116>
 8002d96:	f853 2904 	ldr.w	r2, [r3], #-4
 8002d9a:	2a00      	cmp	r2, #0
 8002d9c:	d0f7      	beq.n	8002d8e <quorem+0x106>
 8002d9e:	f8c9 4010 	str.w	r4, [r9, #16]
 8002da2:	3601      	adds	r6, #1
 8002da4:	4630      	mov	r0, r6
 8002da6:	b003      	add	sp, #12
 8002da8:	e8bd 8ff0 	ldmia.w	sp!, {r4, r5, r6, r7, r8, r9, sl, fp, pc}
 8002dac:	2000      	movs	r0, #0
 8002dae:	b003      	add	sp, #12
 8002db0:	e8bd 8ff0 	ldmia.w	sp!, {r4, r5, r6, r7, r8, r9, sl, fp, pc}

08002db4 <_dtoa_r>:
 8002db4:	e92d 4ff0 	stmdb	sp!, {r4, r5, r6, r7, r8, r9, sl, fp, lr}
 8002db8:	6b81      	ldr	r1, [r0, #56]	@ 0x38
 8002dba:	b09b      	sub	sp, #108	@ 0x6c
 8002dbc:	4616      	mov	r6, r2
 8002dbe:	461f      	mov	r7, r3
 8002dc0:	e9cd 6706 	strd	r6, r7, [sp, #24]
 8002dc4:	9d27      	ldr	r5, [sp, #156]	@ 0x9c
 8002dc6:	9004      	str	r0, [sp, #16]
 8002dc8:	b149      	cbz	r1, 8002dde <_dtoa_r+0x2a>
 8002dca:	6bc2      	ldr	r2, [r0, #60]	@ 0x3c
 8002dcc:	604a      	str	r2, [r1, #4]
 8002dce:	2301      	movs	r3, #1
 8002dd0:	4093      	lsls	r3, r2
 8002dd2:	4604      	mov	r4, r0
 8002dd4:	608b      	str	r3, [r1, #8]
 8002dd6:	f001 fc5f 	bl	8004698 <_Bfree>
 8002dda:	2300      	movs	r3, #0
 8002ddc:	63a3      	str	r3, [r4, #56]	@ 0x38
 8002dde:	f1b7 0900 	subs.w	r9, r7, #0
 8002de2:	bfb4      	ite	lt
 8002de4:	2301      	movlt	r3, #1
 8002de6:	2300      	movge	r3, #0
 8002de8:	602b      	str	r3, [r5, #0]
 8002dea:	4b79      	ldr	r3, [pc, #484]	@ (8002fd0 <_dtoa_r+0x21c>)
 8002dec:	bfbc      	itt	lt
 8002dee:	f029 4900 	biclt.w	r9, r9, #2147483648	@ 0x80000000
 8002df2:	f8cd 901c 	strlt.w	r9, [sp, #28]
 8002df6:	ea33 0309 	bics.w	r3, r3, r9
 8002dfa:	f000 80ad 	beq.w	8002f58 <_dtoa_r+0x1a4>
 8002dfe:	e9dd 3406 	ldrd	r3, r4, [sp, #24]
 8002e02:	2200      	movs	r2, #0
 8002e04:	4618      	mov	r0, r3
 8002e06:	4621      	mov	r1, r4
 8002e08:	2300      	movs	r3, #0
 8002e0a:	e9cd 0102 	strd	r0, r1, [sp, #8]
 8002e0e:	f004 f92f 	bl	8007070 <__aeabi_dcmpeq>
 8002e12:	4680      	mov	r8, r0
 8002e14:	b168      	cbz	r0, 8002e32 <_dtoa_r+0x7e>
 8002e16:	9a26      	ldr	r2, [sp, #152]	@ 0x98
 8002e18:	2301      	movs	r3, #1
 8002e1a:	6013      	str	r3, [r2, #0]
 8002e1c:	9b28      	ldr	r3, [sp, #160]	@ 0xa0
 8002e1e:	b113      	cbz	r3, 8002e26 <_dtoa_r+0x72>
 8002e20:	9a28      	ldr	r2, [sp, #160]	@ 0xa0
 8002e22:	4b6c      	ldr	r3, [pc, #432]	@ (8002fd4 <_dtoa_r+0x220>)
 8002e24:	6013      	str	r3, [r2, #0]
 8002e26:	4b6c      	ldr	r3, [pc, #432]	@ (8002fd8 <_dtoa_r+0x224>)
 8002e28:	9305      	str	r3, [sp, #20]
 8002e2a:	9805      	ldr	r0, [sp, #20]
 8002e2c:	b01b      	add	sp, #108	@ 0x6c
 8002e2e:	e8bd 8ff0 	ldmia.w	sp!, {r4, r5, r6, r7, r8, r9, sl, fp, pc}
 8002e32:	ab18      	add	r3, sp, #96	@ 0x60
 8002e34:	9301      	str	r3, [sp, #4]
 8002e36:	ab19      	add	r3, sp, #100	@ 0x64
 8002e38:	9300      	str	r3, [sp, #0]
 8002e3a:	9804      	ldr	r0, [sp, #16]
 8002e3c:	e9dd 2302 	ldrd	r2, r3, [sp, #8]
 8002e40:	f002 f848 	bl	8004ed4 <__d2b>
 8002e44:	ea5f 5519 	movs.w	r5, r9, lsr #20
 8002e48:	4682      	mov	sl, r0
 8002e4a:	f040 809b 	bne.w	8002f84 <_dtoa_r+0x1d0>
 8002e4e:	e9dd 8518 	ldrd	r8, r5, [sp, #96]	@ 0x60
 8002e52:	4445      	add	r5, r8
 8002e54:	f205 4332 	addw	r3, r5, #1074	@ 0x432
 8002e58:	2b20      	cmp	r3, #32
 8002e5a:	f340 838f 	ble.w	800357c <_dtoa_r+0x7c8>
 8002e5e:	f1c3 0340 	rsb	r3, r3, #64	@ 0x40
 8002e62:	fa09 f903 	lsl.w	r9, r9, r3
 8002e66:	f205 4312 	addw	r3, r5, #1042	@ 0x412
 8002e6a:	fa26 f303 	lsr.w	r3, r6, r3
 8002e6e:	ea49 0003 	orr.w	r0, r9, r3
 8002e72:	f003 fe1b 	bl	8006aac <__aeabi_ui2d>
 8002e76:	2301      	movs	r3, #1
 8002e78:	3d01      	subs	r5, #1
 8002e7a:	f1a1 71f8 	sub.w	r1, r1, #32505856	@ 0x1f00000
 8002e7e:	9310      	str	r3, [sp, #64]	@ 0x40
 8002e80:	4b56      	ldr	r3, [pc, #344]	@ (8002fdc <_dtoa_r+0x228>)
 8002e82:	2200      	movs	r2, #0
 8002e84:	f003 fcd4 	bl	8006830 <__aeabi_dsub>
 8002e88:	a34b      	add	r3, pc, #300	@ (adr r3, 8002fb8 <_dtoa_r+0x204>)
 8002e8a:	e9d3 2300 	ldrd	r2, r3, [r3]
 8002e8e:	f003 fe87 	bl	8006ba0 <__aeabi_dmul>
 8002e92:	a34b      	add	r3, pc, #300	@ (adr r3, 8002fc0 <_dtoa_r+0x20c>)
 8002e94:	e9d3 2300 	ldrd	r2, r3, [r3]
 8002e98:	f003 fccc 	bl	8006834 <__adddf3>
 8002e9c:	4606      	mov	r6, r0
 8002e9e:	4628      	mov	r0, r5
 8002ea0:	460f      	mov	r7, r1
 8002ea2:	f003 fe13 	bl	8006acc <__aeabi_i2d>
 8002ea6:	a348      	add	r3, pc, #288	@ (adr r3, 8002fc8 <_dtoa_r+0x214>)
 8002ea8:	e9d3 2300 	ldrd	r2, r3, [r3]
 8002eac:	f003 fe78 	bl	8006ba0 <__aeabi_dmul>
 8002eb0:	4602      	mov	r2, r0
 8002eb2:	460b      	mov	r3, r1
 8002eb4:	4630      	mov	r0, r6
 8002eb6:	4639      	mov	r1, r7
 8002eb8:	f003 fcbc 	bl	8006834 <__adddf3>
 8002ebc:	4606      	mov	r6, r0
 8002ebe:	460f      	mov	r7, r1
 8002ec0:	f004 f91e 	bl	8007100 <__aeabi_d2iz>
 8002ec4:	2200      	movs	r2, #0
 8002ec6:	4604      	mov	r4, r0
 8002ec8:	9008      	str	r0, [sp, #32]
 8002eca:	2300      	movs	r3, #0
 8002ecc:	4630      	mov	r0, r6
 8002ece:	4639      	mov	r1, r7
 8002ed0:	f004 f8d8 	bl	8007084 <__aeabi_dcmplt>
 8002ed4:	2800      	cmp	r0, #0
 8002ed6:	f040 8327 	bne.w	8003528 <_dtoa_r+0x774>
 8002eda:	9c08      	ldr	r4, [sp, #32]
 8002edc:	eba8 0805 	sub.w	r8, r8, r5
 8002ee0:	f108 33ff 	add.w	r3, r8, #4294967295	@ 0xffffffff
 8002ee4:	2c16      	cmp	r4, #22
 8002ee6:	9309      	str	r3, [sp, #36]	@ 0x24
 8002ee8:	f200 818d 	bhi.w	8003206 <_dtoa_r+0x452>
 8002eec:	4b3c      	ldr	r3, [pc, #240]	@ (8002fe0 <_dtoa_r+0x22c>)
 8002eee:	eb03 03c4 	add.w	r3, r3, r4, lsl #3
 8002ef2:	e9d3 2300 	ldrd	r2, r3, [r3]
 8002ef6:	e9dd 0102 	ldrd	r0, r1, [sp, #8]
 8002efa:	f004 f8c3 	bl	8007084 <__aeabi_dcmplt>
 8002efe:	2800      	cmp	r0, #0
 8002f00:	d074      	beq.n	8002fec <_dtoa_r+0x238>
 8002f02:	1e63      	subs	r3, r4, #1
 8002f04:	9308      	str	r3, [sp, #32]
 8002f06:	2300      	movs	r3, #0
 8002f08:	930f      	str	r3, [sp, #60]	@ 0x3c
 8002f0a:	f108 33ff 	add.w	r3, r8, #4294967295	@ 0xffffffff
 8002f0e:	2b00      	cmp	r3, #0
 8002f10:	f2c0 8180 	blt.w	8003214 <_dtoa_r+0x460>
 8002f14:	2300      	movs	r3, #0
 8002f16:	930a      	str	r3, [sp, #40]	@ 0x28
 8002f18:	9b08      	ldr	r3, [sp, #32]
 8002f1a:	2b00      	cmp	r3, #0
 8002f1c:	da6c      	bge.n	8002ff8 <_dtoa_r+0x244>
 8002f1e:	9b08      	ldr	r3, [sp, #32]
 8002f20:	9a0a      	ldr	r2, [sp, #40]	@ 0x28
 8002f22:	930b      	str	r3, [sp, #44]	@ 0x2c
 8002f24:	1ad2      	subs	r2, r2, r3
 8002f26:	920a      	str	r2, [sp, #40]	@ 0x28
 8002f28:	425a      	negs	r2, r3
 8002f2a:	2300      	movs	r3, #0
 8002f2c:	9308      	str	r3, [sp, #32]
 8002f2e:	9b24      	ldr	r3, [sp, #144]	@ 0x90
 8002f30:	920e      	str	r2, [sp, #56]	@ 0x38
 8002f32:	2b09      	cmp	r3, #9
 8002f34:	d86a      	bhi.n	800300c <_dtoa_r+0x258>
 8002f36:	2b05      	cmp	r3, #5
 8002f38:	f340 8325 	ble.w	8003586 <_dtoa_r+0x7d2>
 8002f3c:	3b04      	subs	r3, #4
 8002f3e:	9324      	str	r3, [sp, #144]	@ 0x90
 8002f40:	2500      	movs	r5, #0
 8002f42:	9b24      	ldr	r3, [sp, #144]	@ 0x90
 8002f44:	3b02      	subs	r3, #2
 8002f46:	2b03      	cmp	r3, #3
 8002f48:	f200 8637 	bhi.w	8003bba <_dtoa_r+0xe06>
 8002f4c:	e8df f013 	tbh	[pc, r3, lsl #1]
 8002f50:	04700473 	.word	0x04700473
 8002f54:	044b0467 	.word	0x044b0467
 8002f58:	9a26      	ldr	r2, [sp, #152]	@ 0x98
 8002f5a:	f3c9 0913 	ubfx	r9, r9, #0, #20
 8002f5e:	f242 730f 	movw	r3, #9999	@ 0x270f
 8002f62:	ea59 0906 	orrs.w	r9, r9, r6
 8002f66:	6013      	str	r3, [r2, #0]
 8002f68:	d11c      	bne.n	8002fa4 <_dtoa_r+0x1f0>
 8002f6a:	9b28      	ldr	r3, [sp, #160]	@ 0xa0
 8002f6c:	2b00      	cmp	r3, #0
 8002f6e:	f000 8644 	beq.w	8003bfa <_dtoa_r+0xe46>
 8002f72:	4b1c      	ldr	r3, [pc, #112]	@ (8002fe4 <_dtoa_r+0x230>)
 8002f74:	9305      	str	r3, [sp, #20]
 8002f76:	3308      	adds	r3, #8
 8002f78:	9a28      	ldr	r2, [sp, #160]	@ 0xa0
 8002f7a:	9805      	ldr	r0, [sp, #20]
 8002f7c:	6013      	str	r3, [r2, #0]
 8002f7e:	b01b      	add	sp, #108	@ 0x6c
 8002f80:	e8bd 8ff0 	ldmia.w	sp!, {r4, r5, r6, r7, r8, r9, sl, fp, pc}
 8002f84:	e9dd 1202 	ldrd	r1, r2, [sp, #8]
 8002f88:	f3c2 0313 	ubfx	r3, r2, #0, #20
 8002f8c:	4608      	mov	r0, r1
 8002f8e:	f043 517f 	orr.w	r1, r3, #1069547520	@ 0x3fc00000
 8002f92:	f8cd 8040 	str.w	r8, [sp, #64]	@ 0x40
 8002f96:	f2a5 35ff 	subw	r5, r5, #1023	@ 0x3ff
 8002f9a:	f8dd 8060 	ldr.w	r8, [sp, #96]	@ 0x60
 8002f9e:	f441 1140 	orr.w	r1, r1, #3145728	@ 0x300000
 8002fa2:	e76d      	b.n	8002e80 <_dtoa_r+0xcc>
 8002fa4:	9b28      	ldr	r3, [sp, #160]	@ 0xa0
 8002fa6:	2b00      	cmp	r3, #0
 8002fa8:	f040 83f8 	bne.w	800379c <_dtoa_r+0x9e8>
 8002fac:	4b0e      	ldr	r3, [pc, #56]	@ (8002fe8 <_dtoa_r+0x234>)
 8002fae:	9305      	str	r3, [sp, #20]
 8002fb0:	e73b      	b.n	8002e2a <_dtoa_r+0x76>
 8002fb2:	bf00      	nop
 8002fb4:	f3af 8000 	nop.w
 8002fb8:	636f4361 	.word	0x636f4361
 8002fbc:	3fd287a7 	.word	0x3fd287a7
 8002fc0:	8b60c8b3 	.word	0x8b60c8b3
 8002fc4:	3fc68a28 	.word	0x3fc68a28
 8002fc8:	509f79fb 	.word	0x509f79fb
 8002fcc:	3fd34413 	.word	0x3fd34413
 8002fd0:	7ff00000 	.word	0x7ff00000
 8002fd4:	08007365 	.word	0x08007365
 8002fd8:	08007364 	.word	0x08007364
 8002fdc:	3ff80000 	.word	0x3ff80000
 8002fe0:	080075d0 	.word	0x080075d0
 8002fe4:	08007368 	.word	0x08007368
 8002fe8:	08007374 	.word	0x08007374
 8002fec:	f1b8 0f00 	cmp.w	r8, #0
 8002ff0:	f340 84a6 	ble.w	8003940 <_dtoa_r+0xb8c>
 8002ff4:	900f      	str	r0, [sp, #60]	@ 0x3c
 8002ff6:	900a      	str	r0, [sp, #40]	@ 0x28
 8002ff8:	e9dd 2308 	ldrd	r2, r3, [sp, #32]
 8002ffc:	4413      	add	r3, r2
 8002ffe:	9309      	str	r3, [sp, #36]	@ 0x24
 8003000:	2300      	movs	r3, #0
 8003002:	930e      	str	r3, [sp, #56]	@ 0x38
 8003004:	9b24      	ldr	r3, [sp, #144]	@ 0x90
 8003006:	920b      	str	r2, [sp, #44]	@ 0x2c
 8003008:	2b09      	cmp	r3, #9
 800300a:	d994      	bls.n	8002f36 <_dtoa_r+0x182>
 800300c:	2300      	movs	r3, #0
 800300e:	e9cd 3324 	strd	r3, r3, [sp, #144]	@ 0x90
 8003012:	2501      	movs	r5, #1
 8003014:	950c      	str	r5, [sp, #48]	@ 0x30
 8003016:	f04f 3bff 	mov.w	fp, #4294967295	@ 0xffffffff
 800301a:	9b04      	ldr	r3, [sp, #16]
 800301c:	f8cd b044 	str.w	fp, [sp, #68]	@ 0x44
 8003020:	2100      	movs	r1, #0
 8003022:	63d9      	str	r1, [r3, #60]	@ 0x3c
 8003024:	9804      	ldr	r0, [sp, #16]
 8003026:	f001 fb11 	bl	800464c <_Balloc>
 800302a:	9005      	str	r0, [sp, #20]
 800302c:	2800      	cmp	r0, #0
 800302e:	f000 85cd 	beq.w	8003bcc <_dtoa_r+0xe18>
 8003032:	e9dd 3204 	ldrd	r3, r2, [sp, #16]
 8003036:	f1bb 0f0e 	cmp.w	fp, #14
 800303a:	639a      	str	r2, [r3, #56]	@ 0x38
 800303c:	f200 8119 	bhi.w	8003272 <_dtoa_r+0x4be>
 8003040:	2d00      	cmp	r5, #0
 8003042:	f000 8116 	beq.w	8003272 <_dtoa_r+0x4be>
 8003046:	990b      	ldr	r1, [sp, #44]	@ 0x2c
 8003048:	2900      	cmp	r1, #0
 800304a:	f340 8449 	ble.w	80038e0 <_dtoa_r+0xb2c>
 800304e:	4bb4      	ldr	r3, [pc, #720]	@ (8003320 <_dtoa_r+0x56c>)
 8003050:	f001 020f 	and.w	r2, r1, #15
 8003054:	eb03 03c2 	add.w	r3, r3, r2, lsl #3
 8003058:	05c8      	lsls	r0, r1, #23
 800305a:	e9d3 8900 	ldrd	r8, r9, [r3]
 800305e:	ea4f 1521 	mov.w	r5, r1, asr #4
 8003062:	f140 840b 	bpl.w	800387c <_dtoa_r+0xac8>
 8003066:	4baf      	ldr	r3, [pc, #700]	@ (8003324 <_dtoa_r+0x570>)
 8003068:	e9dd 0102 	ldrd	r0, r1, [sp, #8]
 800306c:	e9d3 2308 	ldrd	r2, r3, [r3, #32]
 8003070:	f003 fec0 	bl	8006df4 <__aeabi_ddiv>
 8003074:	e9cd 0112 	strd	r0, r1, [sp, #72]	@ 0x48
 8003078:	f005 050f 	and.w	r5, r5, #15
 800307c:	2703      	movs	r7, #3
 800307e:	b17d      	cbz	r5, 80030a0 <_dtoa_r+0x2ec>
 8003080:	4ea8      	ldr	r6, [pc, #672]	@ (8003324 <_dtoa_r+0x570>)
 8003082:	07e9      	lsls	r1, r5, #31
 8003084:	d508      	bpl.n	8003098 <_dtoa_r+0x2e4>
 8003086:	4640      	mov	r0, r8
 8003088:	4649      	mov	r1, r9
 800308a:	e9d6 2300 	ldrd	r2, r3, [r6]
 800308e:	f003 fd87 	bl	8006ba0 <__aeabi_dmul>
 8003092:	3701      	adds	r7, #1
 8003094:	4680      	mov	r8, r0
 8003096:	4689      	mov	r9, r1
 8003098:	106d      	asrs	r5, r5, #1
 800309a:	f106 0608 	add.w	r6, r6, #8
 800309e:	d1f0      	bne.n	8003082 <_dtoa_r+0x2ce>
 80030a0:	4642      	mov	r2, r8
 80030a2:	464b      	mov	r3, r9
 80030a4:	e9dd 0112 	ldrd	r0, r1, [sp, #72]	@ 0x48
 80030a8:	f003 fea4 	bl	8006df4 <__aeabi_ddiv>
 80030ac:	4680      	mov	r8, r0
 80030ae:	4689      	mov	r9, r1
 80030b0:	9b0f      	ldr	r3, [sp, #60]	@ 0x3c
 80030b2:	b143      	cbz	r3, 80030c6 <_dtoa_r+0x312>
 80030b4:	4b9c      	ldr	r3, [pc, #624]	@ (8003328 <_dtoa_r+0x574>)
 80030b6:	2200      	movs	r2, #0
 80030b8:	4640      	mov	r0, r8
 80030ba:	4649      	mov	r1, r9
 80030bc:	f003 ffe2 	bl	8007084 <__aeabi_dcmplt>
 80030c0:	2800      	cmp	r0, #0
 80030c2:	f040 850a 	bne.w	8003ada <_dtoa_r+0xd26>
 80030c6:	4638      	mov	r0, r7
 80030c8:	f003 fd00 	bl	8006acc <__aeabi_i2d>
 80030cc:	4642      	mov	r2, r8
 80030ce:	464b      	mov	r3, r9
 80030d0:	f003 fd66 	bl	8006ba0 <__aeabi_dmul>
 80030d4:	4b95      	ldr	r3, [pc, #596]	@ (800332c <_dtoa_r+0x578>)
 80030d6:	2200      	movs	r2, #0
 80030d8:	f003 fbac 	bl	8006834 <__adddf3>
 80030dc:	f1a1 7350 	sub.w	r3, r1, #54525952	@ 0x3400000
 80030e0:	e9cd 0112 	strd	r0, r1, [sp, #72]	@ 0x48
 80030e4:	9313      	str	r3, [sp, #76]	@ 0x4c
 80030e6:	f1bb 0f00 	cmp.w	fp, #0
 80030ea:	f000 80a9 	beq.w	8003240 <_dtoa_r+0x48c>
 80030ee:	9b0b      	ldr	r3, [sp, #44]	@ 0x2c
 80030f0:	e9cd b316 	strd	fp, r3, [sp, #88]	@ 0x58
 80030f4:	4649      	mov	r1, r9
 80030f6:	4640      	mov	r0, r8
 80030f8:	f004 f802 	bl	8007100 <__aeabi_d2iz>
 80030fc:	4988      	ldr	r1, [pc, #544]	@ (8003320 <_dtoa_r+0x56c>)
 80030fe:	9c16      	ldr	r4, [sp, #88]	@ 0x58
 8003100:	eb01 03c4 	add.w	r3, r1, r4, lsl #3
 8003104:	e953 1202 	ldrd	r1, r2, [r3, #-8]
 8003108:	4605      	mov	r5, r0
 800310a:	e9cd 1214 	strd	r1, r2, [sp, #80]	@ 0x50
 800310e:	f003 fcdd 	bl	8006acc <__aeabi_i2d>
 8003112:	460b      	mov	r3, r1
 8003114:	4602      	mov	r2, r0
 8003116:	4649      	mov	r1, r9
 8003118:	4640      	mov	r0, r8
 800311a:	f003 fb89 	bl	8006830 <__aeabi_dsub>
 800311e:	9f05      	ldr	r7, [sp, #20]
 8003120:	9b0c      	ldr	r3, [sp, #48]	@ 0x30
 8003122:	3530      	adds	r5, #48	@ 0x30
 8003124:	1c7e      	adds	r6, r7, #1
 8003126:	b2ec      	uxtb	r4, r5
 8003128:	4680      	mov	r8, r0
 800312a:	4689      	mov	r9, r1
 800312c:	4635      	mov	r5, r6
 800312e:	2b00      	cmp	r3, #0
 8003130:	f000 846e 	beq.w	8003a10 <_dtoa_r+0xc5c>
 8003134:	e9dd 2314 	ldrd	r2, r3, [sp, #80]	@ 0x50
 8003138:	497d      	ldr	r1, [pc, #500]	@ (8003330 <_dtoa_r+0x57c>)
 800313a:	2000      	movs	r0, #0
 800313c:	f003 fe5a 	bl	8006df4 <__aeabi_ddiv>
 8003140:	e9dd 2312 	ldrd	r2, r3, [sp, #72]	@ 0x48
 8003144:	f003 fb74 	bl	8006830 <__aeabi_dsub>
 8003148:	703c      	strb	r4, [r7, #0]
 800314a:	4642      	mov	r2, r8
 800314c:	464b      	mov	r3, r9
 800314e:	4604      	mov	r4, r0
 8003150:	460d      	mov	r5, r1
 8003152:	f003 ffb5 	bl	80070c0 <__aeabi_dcmpgt>
 8003156:	2800      	cmp	r0, #0
 8003158:	f040 84b7 	bne.w	8003aca <_dtoa_r+0xd16>
 800315c:	f8cd b050 	str.w	fp, [sp, #80]	@ 0x50
 8003160:	2700      	movs	r7, #0
 8003162:	f8dd b058 	ldr.w	fp, [sp, #88]	@ 0x58
 8003166:	f8cd a048 	str.w	sl, [sp, #72]	@ 0x48
 800316a:	e02b      	b.n	80031c4 <_dtoa_r+0x410>
 800316c:	3701      	adds	r7, #1
 800316e:	455f      	cmp	r7, fp
 8003170:	f280 84fd 	bge.w	8003b6e <_dtoa_r+0xdba>
 8003174:	4b6f      	ldr	r3, [pc, #444]	@ (8003334 <_dtoa_r+0x580>)
 8003176:	4620      	mov	r0, r4
 8003178:	4629      	mov	r1, r5
 800317a:	2200      	movs	r2, #0
 800317c:	f003 fd10 	bl	8006ba0 <__aeabi_dmul>
 8003180:	4b6c      	ldr	r3, [pc, #432]	@ (8003334 <_dtoa_r+0x580>)
 8003182:	2200      	movs	r2, #0
 8003184:	4604      	mov	r4, r0
 8003186:	460d      	mov	r5, r1
 8003188:	4640      	mov	r0, r8
 800318a:	4649      	mov	r1, r9
 800318c:	f003 fd08 	bl	8006ba0 <__aeabi_dmul>
 8003190:	4689      	mov	r9, r1
 8003192:	4680      	mov	r8, r0
 8003194:	f003 ffb4 	bl	8007100 <__aeabi_d2iz>
 8003198:	4682      	mov	sl, r0
 800319a:	f003 fc97 	bl	8006acc <__aeabi_i2d>
 800319e:	4602      	mov	r2, r0
 80031a0:	460b      	mov	r3, r1
 80031a2:	4640      	mov	r0, r8
 80031a4:	4649      	mov	r1, r9
 80031a6:	f003 fb43 	bl	8006830 <__aeabi_dsub>
 80031aa:	f10a 0a30 	add.w	sl, sl, #48	@ 0x30
 80031ae:	f806 ab01 	strb.w	sl, [r6], #1
 80031b2:	4622      	mov	r2, r4
 80031b4:	462b      	mov	r3, r5
 80031b6:	4680      	mov	r8, r0
 80031b8:	4689      	mov	r9, r1
 80031ba:	f003 ff63 	bl	8007084 <__aeabi_dcmplt>
 80031be:	2800      	cmp	r0, #0
 80031c0:	f040 84d2 	bne.w	8003b68 <_dtoa_r+0xdb4>
 80031c4:	4642      	mov	r2, r8
 80031c6:	464b      	mov	r3, r9
 80031c8:	4957      	ldr	r1, [pc, #348]	@ (8003328 <_dtoa_r+0x574>)
 80031ca:	2000      	movs	r0, #0
 80031cc:	f003 fb30 	bl	8006830 <__aeabi_dsub>
 80031d0:	4622      	mov	r2, r4
 80031d2:	462b      	mov	r3, r5
 80031d4:	f003 ff56 	bl	8007084 <__aeabi_dcmplt>
 80031d8:	2800      	cmp	r0, #0
 80031da:	d0c7      	beq.n	800316c <_dtoa_r+0x3b8>
 80031dc:	9b17      	ldr	r3, [sp, #92]	@ 0x5c
 80031de:	f8dd a048 	ldr.w	sl, [sp, #72]	@ 0x48
 80031e2:	9a05      	ldr	r2, [sp, #20]
 80031e4:	4637      	mov	r7, r6
 80031e6:	f103 0801 	add.w	r8, r3, #1
 80031ea:	e002      	b.n	80031f2 <_dtoa_r+0x43e>
 80031ec:	4297      	cmp	r7, r2
 80031ee:	f000 849a 	beq.w	8003b26 <_dtoa_r+0xd72>
 80031f2:	463e      	mov	r6, r7
 80031f4:	f817 3d01 	ldrb.w	r3, [r7, #-1]!
 80031f8:	2b39      	cmp	r3, #57	@ 0x39
 80031fa:	d0f7      	beq.n	80031ec <_dtoa_r+0x438>
 80031fc:	3301      	adds	r3, #1
 80031fe:	b2db      	uxtb	r3, r3
 8003200:	703b      	strb	r3, [r7, #0]
 8003202:	4645      	mov	r5, r8
 8003204:	e17f      	b.n	8003506 <_dtoa_r+0x752>
 8003206:	2301      	movs	r3, #1
 8003208:	930f      	str	r3, [sp, #60]	@ 0x3c
 800320a:	f108 33ff 	add.w	r3, r8, #4294967295	@ 0xffffffff
 800320e:	2b00      	cmp	r3, #0
 8003210:	f6bf ae80 	bge.w	8002f14 <_dtoa_r+0x160>
 8003214:	f1c8 0301 	rsb	r3, r8, #1
 8003218:	930a      	str	r3, [sp, #40]	@ 0x28
 800321a:	2300      	movs	r3, #0
 800321c:	9309      	str	r3, [sp, #36]	@ 0x24
 800321e:	e67b      	b.n	8002f18 <_dtoa_r+0x164>
 8003220:	4638      	mov	r0, r7
 8003222:	f003 fc53 	bl	8006acc <__aeabi_i2d>
 8003226:	4642      	mov	r2, r8
 8003228:	464b      	mov	r3, r9
 800322a:	f003 fcb9 	bl	8006ba0 <__aeabi_dmul>
 800322e:	4b3f      	ldr	r3, [pc, #252]	@ (800332c <_dtoa_r+0x578>)
 8003230:	2200      	movs	r2, #0
 8003232:	f003 faff 	bl	8006834 <__adddf3>
 8003236:	f1a1 7350 	sub.w	r3, r1, #54525952	@ 0x3400000
 800323a:	e9cd 0112 	strd	r0, r1, [sp, #72]	@ 0x48
 800323e:	9313      	str	r3, [sp, #76]	@ 0x4c
 8003240:	4b3d      	ldr	r3, [pc, #244]	@ (8003338 <_dtoa_r+0x584>)
 8003242:	2200      	movs	r2, #0
 8003244:	4640      	mov	r0, r8
 8003246:	4649      	mov	r1, r9
 8003248:	f003 faf2 	bl	8006830 <__aeabi_dsub>
 800324c:	e9dd 4512 	ldrd	r4, r5, [sp, #72]	@ 0x48
 8003250:	4622      	mov	r2, r4
 8003252:	462b      	mov	r3, r5
 8003254:	4606      	mov	r6, r0
 8003256:	460f      	mov	r7, r1
 8003258:	f003 ff32 	bl	80070c0 <__aeabi_dcmpgt>
 800325c:	2800      	cmp	r0, #0
 800325e:	f040 8471 	bne.w	8003b44 <_dtoa_r+0xd90>
 8003262:	4630      	mov	r0, r6
 8003264:	4639      	mov	r1, r7
 8003266:	4622      	mov	r2, r4
 8003268:	f105 4300 	add.w	r3, r5, #2147483648	@ 0x80000000
 800326c:	f003 ff0a 	bl	8007084 <__aeabi_dcmplt>
 8003270:	bb28      	cbnz	r0, 80032be <_dtoa_r+0x50a>
 8003272:	9b19      	ldr	r3, [sp, #100]	@ 0x64
 8003274:	2b00      	cmp	r3, #0
 8003276:	f2c0 8091 	blt.w	800339c <_dtoa_r+0x5e8>
 800327a:	9a0b      	ldr	r2, [sp, #44]	@ 0x2c
 800327c:	2a0e      	cmp	r2, #14
 800327e:	f300 808d 	bgt.w	800339c <_dtoa_r+0x5e8>
 8003282:	4b27      	ldr	r3, [pc, #156]	@ (8003320 <_dtoa_r+0x56c>)
 8003284:	9a0b      	ldr	r2, [sp, #44]	@ 0x2c
 8003286:	eb03 03c2 	add.w	r3, r3, r2, lsl #3
 800328a:	e9d3 3400 	ldrd	r3, r4, [r3]
 800328e:	e9cd 3406 	strd	r3, r4, [sp, #24]
 8003292:	9b25      	ldr	r3, [sp, #148]	@ 0x94
 8003294:	2b00      	cmp	r3, #0
 8003296:	da19      	bge.n	80032cc <_dtoa_r+0x518>
 8003298:	f1bb 0f00 	cmp.w	fp, #0
 800329c:	dc16      	bgt.n	80032cc <_dtoa_r+0x518>
 800329e:	d10e      	bne.n	80032be <_dtoa_r+0x50a>
 80032a0:	4b25      	ldr	r3, [pc, #148]	@ (8003338 <_dtoa_r+0x584>)
 80032a2:	2200      	movs	r2, #0
 80032a4:	e9dd 0106 	ldrd	r0, r1, [sp, #24]
 80032a8:	f003 fc7a 	bl	8006ba0 <__aeabi_dmul>
 80032ac:	4602      	mov	r2, r0
 80032ae:	460b      	mov	r3, r1
 80032b0:	e9dd 0102 	ldrd	r0, r1, [sp, #8]
 80032b4:	f003 fef0 	bl	8007098 <__aeabi_dcmple>
 80032b8:	2800      	cmp	r0, #0
 80032ba:	f000 8443 	beq.w	8003b44 <_dtoa_r+0xd90>
 80032be:	2300      	movs	r3, #0
 80032c0:	9e05      	ldr	r6, [sp, #20]
 80032c2:	9302      	str	r3, [sp, #8]
 80032c4:	461f      	mov	r7, r3
 80032c6:	9b25      	ldr	r3, [sp, #148]	@ 0x94
 80032c8:	43dd      	mvns	r5, r3
 80032ca:	e22e      	b.n	800372a <_dtoa_r+0x976>
 80032cc:	9b05      	ldr	r3, [sp, #20]
 80032ce:	1c5d      	adds	r5, r3, #1
 80032d0:	e9dd 7806 	ldrd	r7, r8, [sp, #24]
 80032d4:	e9dd 0102 	ldrd	r0, r1, [sp, #8]
 80032d8:	463a      	mov	r2, r7
 80032da:	4643      	mov	r3, r8
 80032dc:	f003 fd8a 	bl	8006df4 <__aeabi_ddiv>
 80032e0:	f003 ff0e 	bl	8007100 <__aeabi_d2iz>
 80032e4:	4606      	mov	r6, r0
 80032e6:	f003 fbf1 	bl	8006acc <__aeabi_i2d>
 80032ea:	463a      	mov	r2, r7
 80032ec:	4643      	mov	r3, r8
 80032ee:	f003 fc57 	bl	8006ba0 <__aeabi_dmul>
 80032f2:	4602      	mov	r2, r0
 80032f4:	460b      	mov	r3, r1
 80032f6:	e9dd 0102 	ldrd	r0, r1, [sp, #8]
 80032fa:	f003 fa99 	bl	8006830 <__aeabi_dsub>
 80032fe:	9a05      	ldr	r2, [sp, #20]
 8003300:	f106 0330 	add.w	r3, r6, #48	@ 0x30
 8003304:	f1bb 0f01 	cmp.w	fp, #1
 8003308:	462f      	mov	r7, r5
 800330a:	7013      	strb	r3, [r2, #0]
 800330c:	f000 8323 	beq.w	8003956 <_dtoa_r+0xba2>
 8003310:	2501      	movs	r5, #1
 8003312:	f8cd a008 	str.w	sl, [sp, #8]
 8003316:	46a8      	mov	r8, r5
 8003318:	e9dd 9a06 	ldrd	r9, sl, [sp, #24]
 800331c:	e02c      	b.n	8003378 <_dtoa_r+0x5c4>
 800331e:	bf00      	nop
 8003320:	080075d0 	.word	0x080075d0
 8003324:	080076c0 	.word	0x080076c0
 8003328:	3ff00000 	.word	0x3ff00000
 800332c:	401c0000 	.word	0x401c0000
 8003330:	3fe00000 	.word	0x3fe00000
 8003334:	40240000 	.word	0x40240000
 8003338:	40140000 	.word	0x40140000
 800333c:	464a      	mov	r2, r9
 800333e:	4653      	mov	r3, sl
 8003340:	4620      	mov	r0, r4
 8003342:	4629      	mov	r1, r5
 8003344:	f003 fd56 	bl	8006df4 <__aeabi_ddiv>
 8003348:	f003 feda 	bl	8007100 <__aeabi_d2iz>
 800334c:	4606      	mov	r6, r0
 800334e:	f003 fbbd 	bl	8006acc <__aeabi_i2d>
 8003352:	464a      	mov	r2, r9
 8003354:	4653      	mov	r3, sl
 8003356:	f003 fc23 	bl	8006ba0 <__aeabi_dmul>
 800335a:	f108 0801 	add.w	r8, r8, #1
 800335e:	460b      	mov	r3, r1
 8003360:	4602      	mov	r2, r0
 8003362:	4629      	mov	r1, r5
 8003364:	4620      	mov	r0, r4
 8003366:	f003 fa63 	bl	8006830 <__aeabi_dsub>
 800336a:	f106 0330 	add.w	r3, r6, #48	@ 0x30
 800336e:	45d8      	cmp	r8, fp
 8003370:	f807 3b01 	strb.w	r3, [r7], #1
 8003374:	f000 82ed 	beq.w	8003952 <_dtoa_r+0xb9e>
 8003378:	4b84      	ldr	r3, [pc, #528]	@ (800358c <_dtoa_r+0x7d8>)
 800337a:	2200      	movs	r2, #0
 800337c:	f003 fc10 	bl	8006ba0 <__aeabi_dmul>
 8003380:	2200      	movs	r2, #0
 8003382:	2300      	movs	r3, #0
 8003384:	4604      	mov	r4, r0
 8003386:	460d      	mov	r5, r1
 8003388:	f003 fe72 	bl	8007070 <__aeabi_dcmpeq>
 800338c:	2800      	cmp	r0, #0
 800338e:	d0d5      	beq.n	800333c <_dtoa_r+0x588>
 8003390:	9d0b      	ldr	r5, [sp, #44]	@ 0x2c
 8003392:	f8dd a008 	ldr.w	sl, [sp, #8]
 8003396:	3501      	adds	r5, #1
 8003398:	463e      	mov	r6, r7
 800339a:	e0b4      	b.n	8003506 <_dtoa_r+0x752>
 800339c:	9a0c      	ldr	r2, [sp, #48]	@ 0x30
 800339e:	2a00      	cmp	r2, #0
 80033a0:	f040 80d8 	bne.w	8003554 <_dtoa_r+0x7a0>
 80033a4:	2300      	movs	r3, #0
 80033a6:	9e0e      	ldr	r6, [sp, #56]	@ 0x38
 80033a8:	9d0a      	ldr	r5, [sp, #40]	@ 0x28
 80033aa:	930c      	str	r3, [sp, #48]	@ 0x30
 80033ac:	461f      	mov	r7, r3
 80033ae:	b165      	cbz	r5, 80033ca <_dtoa_r+0x616>
 80033b0:	9909      	ldr	r1, [sp, #36]	@ 0x24
 80033b2:	2900      	cmp	r1, #0
 80033b4:	460b      	mov	r3, r1
 80033b6:	dd08      	ble.n	80033ca <_dtoa_r+0x616>
 80033b8:	9a0a      	ldr	r2, [sp, #40]	@ 0x28
 80033ba:	42a9      	cmp	r1, r5
 80033bc:	bfa8      	it	ge
 80033be:	462b      	movge	r3, r5
 80033c0:	1ad2      	subs	r2, r2, r3
 80033c2:	1aed      	subs	r5, r5, r3
 80033c4:	1acb      	subs	r3, r1, r3
 80033c6:	920a      	str	r2, [sp, #40]	@ 0x28
 80033c8:	9309      	str	r3, [sp, #36]	@ 0x24
 80033ca:	9b0e      	ldr	r3, [sp, #56]	@ 0x38
 80033cc:	b153      	cbz	r3, 80033e4 <_dtoa_r+0x630>
 80033ce:	9b0c      	ldr	r3, [sp, #48]	@ 0x30
 80033d0:	b113      	cbz	r3, 80033d8 <_dtoa_r+0x624>
 80033d2:	2e00      	cmp	r6, #0
 80033d4:	f040 82f8 	bne.w	80039c8 <_dtoa_r+0xc14>
 80033d8:	4651      	mov	r1, sl
 80033da:	9a0e      	ldr	r2, [sp, #56]	@ 0x38
 80033dc:	9804      	ldr	r0, [sp, #16]
 80033de:	f001 fb45 	bl	8004a6c <__pow5mult>
 80033e2:	4682      	mov	sl, r0
 80033e4:	9804      	ldr	r0, [sp, #16]
 80033e6:	2101      	movs	r1, #1
 80033e8:	f001 fa5c 	bl	80048a4 <__i2b>
 80033ec:	9b08      	ldr	r3, [sp, #32]
 80033ee:	9002      	str	r0, [sp, #8]
 80033f0:	2b00      	cmp	r3, #0
 80033f2:	f040 81be 	bne.w	8003772 <_dtoa_r+0x9be>
 80033f6:	9b24      	ldr	r3, [sp, #144]	@ 0x90
 80033f8:	2b01      	cmp	r3, #1
 80033fa:	f340 81d4 	ble.w	80037a6 <_dtoa_r+0x9f2>
 80033fe:	2001      	movs	r0, #1
 8003400:	9a09      	ldr	r2, [sp, #36]	@ 0x24
 8003402:	4410      	add	r0, r2
 8003404:	f010 001f 	ands.w	r0, r0, #31
 8003408:	f000 809b 	beq.w	8003542 <_dtoa_r+0x78e>
 800340c:	f1c0 0320 	rsb	r3, r0, #32
 8003410:	2b04      	cmp	r3, #4
 8003412:	f340 81e3 	ble.w	80037dc <_dtoa_r+0xa28>
 8003416:	9b0a      	ldr	r3, [sp, #40]	@ 0x28
 8003418:	f1c0 001c 	rsb	r0, r0, #28
 800341c:	4403      	add	r3, r0
 800341e:	4402      	add	r2, r0
 8003420:	930a      	str	r3, [sp, #40]	@ 0x28
 8003422:	4405      	add	r5, r0
 8003424:	9209      	str	r2, [sp, #36]	@ 0x24
 8003426:	9b0a      	ldr	r3, [sp, #40]	@ 0x28
 8003428:	2b00      	cmp	r3, #0
 800342a:	dd05      	ble.n	8003438 <_dtoa_r+0x684>
 800342c:	4651      	mov	r1, sl
 800342e:	9804      	ldr	r0, [sp, #16]
 8003430:	461a      	mov	r2, r3
 8003432:	f001 fb75 	bl	8004b20 <__lshift>
 8003436:	4682      	mov	sl, r0
 8003438:	9b09      	ldr	r3, [sp, #36]	@ 0x24
 800343a:	2b00      	cmp	r3, #0
 800343c:	dd05      	ble.n	800344a <_dtoa_r+0x696>
 800343e:	9902      	ldr	r1, [sp, #8]
 8003440:	9804      	ldr	r0, [sp, #16]
 8003442:	461a      	mov	r2, r3
 8003444:	f001 fb6c 	bl	8004b20 <__lshift>
 8003448:	9002      	str	r0, [sp, #8]
 800344a:	9b0f      	ldr	r3, [sp, #60]	@ 0x3c
 800344c:	2b00      	cmp	r3, #0
 800344e:	f040 8175 	bne.w	800373c <_dtoa_r+0x988>
 8003452:	f1bb 0f00 	cmp.w	fp, #0
 8003456:	f340 814c 	ble.w	80036f2 <_dtoa_r+0x93e>
 800345a:	9b0c      	ldr	r3, [sp, #48]	@ 0x30
 800345c:	2b00      	cmp	r3, #0
 800345e:	f040 80a4 	bne.w	80035aa <_dtoa_r+0x7f6>
 8003462:	9d0b      	ldr	r5, [sp, #44]	@ 0x2c
 8003464:	3501      	adds	r5, #1
 8003466:	f8dd 8014 	ldr.w	r8, [sp, #20]
 800346a:	9c02      	ldr	r4, [sp, #8]
 800346c:	f8dd 9010 	ldr.w	r9, [sp, #16]
 8003470:	2601      	movs	r6, #1
 8003472:	e007      	b.n	8003484 <_dtoa_r+0x6d0>
 8003474:	4651      	mov	r1, sl
 8003476:	2300      	movs	r3, #0
 8003478:	220a      	movs	r2, #10
 800347a:	4648      	mov	r0, r9
 800347c:	f001 f916 	bl	80046ac <__multadd>
 8003480:	3601      	adds	r6, #1
 8003482:	4682      	mov	sl, r0
 8003484:	4621      	mov	r1, r4
 8003486:	4650      	mov	r0, sl
 8003488:	f7ff fbfe 	bl	8002c88 <quorem>
 800348c:	45b3      	cmp	fp, r6
 800348e:	f100 0030 	add.w	r0, r0, #48	@ 0x30
 8003492:	f808 0b01 	strb.w	r0, [r8], #1
 8003496:	dced      	bgt.n	8003474 <_dtoa_r+0x6c0>
 8003498:	f1bb 0f00 	cmp.w	fp, #0
 800349c:	9b05      	ldr	r3, [sp, #20]
 800349e:	bfcc      	ite	gt
 80034a0:	465e      	movgt	r6, fp
 80034a2:	2601      	movle	r6, #1
 80034a4:	4681      	mov	r9, r0
 80034a6:	eb03 0b06 	add.w	fp, r3, r6
 80034aa:	2400      	movs	r4, #0
 80034ac:	4651      	mov	r1, sl
 80034ae:	2201      	movs	r2, #1
 80034b0:	9804      	ldr	r0, [sp, #16]
 80034b2:	f001 fb35 	bl	8004b20 <__lshift>
 80034b6:	9902      	ldr	r1, [sp, #8]
 80034b8:	4682      	mov	sl, r0
 80034ba:	f001 fba9 	bl	8004c10 <__mcmp>
 80034be:	2800      	cmp	r0, #0
 80034c0:	f340 81ef 	ble.w	80038a2 <_dtoa_r+0xaee>
 80034c4:	9a05      	ldr	r2, [sp, #20]
 80034c6:	e002      	b.n	80034ce <_dtoa_r+0x71a>
 80034c8:	4593      	cmp	fp, r2
 80034ca:	f000 8204 	beq.w	80038d6 <_dtoa_r+0xb22>
 80034ce:	465e      	mov	r6, fp
 80034d0:	f10b 3bff 	add.w	fp, fp, #4294967295	@ 0xffffffff
 80034d4:	f816 3c01 	ldrb.w	r3, [r6, #-1]
 80034d8:	2b39      	cmp	r3, #57	@ 0x39
 80034da:	d0f5      	beq.n	80034c8 <_dtoa_r+0x714>
 80034dc:	3301      	adds	r3, #1
 80034de:	f88b 3000 	strb.w	r3, [fp]
 80034e2:	f8dd 8010 	ldr.w	r8, [sp, #16]
 80034e6:	9902      	ldr	r1, [sp, #8]
 80034e8:	4640      	mov	r0, r8
 80034ea:	f001 f8d5 	bl	8004698 <_Bfree>
 80034ee:	b157      	cbz	r7, 8003506 <_dtoa_r+0x752>
 80034f0:	b12c      	cbz	r4, 80034fe <_dtoa_r+0x74a>
 80034f2:	42bc      	cmp	r4, r7
 80034f4:	d003      	beq.n	80034fe <_dtoa_r+0x74a>
 80034f6:	4621      	mov	r1, r4
 80034f8:	4640      	mov	r0, r8
 80034fa:	f001 f8cd 	bl	8004698 <_Bfree>
 80034fe:	9804      	ldr	r0, [sp, #16]
 8003500:	4639      	mov	r1, r7
 8003502:	f001 f8c9 	bl	8004698 <_Bfree>
 8003506:	9804      	ldr	r0, [sp, #16]
 8003508:	4651      	mov	r1, sl
 800350a:	f001 f8c5 	bl	8004698 <_Bfree>
 800350e:	2300      	movs	r3, #0
 8003510:	7033      	strb	r3, [r6, #0]
 8003512:	9b26      	ldr	r3, [sp, #152]	@ 0x98
 8003514:	601d      	str	r5, [r3, #0]
 8003516:	9b28      	ldr	r3, [sp, #160]	@ 0xa0
 8003518:	2b00      	cmp	r3, #0
 800351a:	f43f ac86 	beq.w	8002e2a <_dtoa_r+0x76>
 800351e:	9805      	ldr	r0, [sp, #20]
 8003520:	601e      	str	r6, [r3, #0]
 8003522:	b01b      	add	sp, #108	@ 0x6c
 8003524:	e8bd 8ff0 	ldmia.w	sp!, {r4, r5, r6, r7, r8, r9, sl, fp, pc}
 8003528:	4620      	mov	r0, r4
 800352a:	f003 facf 	bl	8006acc <__aeabi_i2d>
 800352e:	4632      	mov	r2, r6
 8003530:	463b      	mov	r3, r7
 8003532:	f003 fd9d 	bl	8007070 <__aeabi_dcmpeq>
 8003536:	2800      	cmp	r0, #0
 8003538:	f47f accf 	bne.w	8002eda <_dtoa_r+0x126>
 800353c:	1e63      	subs	r3, r4, #1
 800353e:	9308      	str	r3, [sp, #32]
 8003540:	e4cb      	b.n	8002eda <_dtoa_r+0x126>
 8003542:	231c      	movs	r3, #28
 8003544:	9a0a      	ldr	r2, [sp, #40]	@ 0x28
 8003546:	441a      	add	r2, r3
 8003548:	920a      	str	r2, [sp, #40]	@ 0x28
 800354a:	9a09      	ldr	r2, [sp, #36]	@ 0x24
 800354c:	441a      	add	r2, r3
 800354e:	441d      	add	r5, r3
 8003550:	9209      	str	r2, [sp, #36]	@ 0x24
 8003552:	e768      	b.n	8003426 <_dtoa_r+0x672>
 8003554:	9a24      	ldr	r2, [sp, #144]	@ 0x90
 8003556:	2a01      	cmp	r2, #1
 8003558:	f340 81ae 	ble.w	80038b8 <_dtoa_r+0xb04>
 800355c:	9b0e      	ldr	r3, [sp, #56]	@ 0x38
 800355e:	f10b 36ff 	add.w	r6, fp, #4294967295	@ 0xffffffff
 8003562:	42b3      	cmp	r3, r6
 8003564:	f2c0 816a 	blt.w	800383c <_dtoa_r+0xa88>
 8003568:	f1bb 0f00 	cmp.w	fp, #0
 800356c:	eba3 0606 	sub.w	r6, r3, r6
 8003570:	f280 82ec 	bge.w	8003b4c <_dtoa_r+0xd98>
 8003574:	9b0a      	ldr	r3, [sp, #40]	@ 0x28
 8003576:	eba3 050b 	sub.w	r5, r3, fp
 800357a:	e16d      	b.n	8003858 <_dtoa_r+0xaa4>
 800357c:	f1c3 0320 	rsb	r3, r3, #32
 8003580:	fa06 f003 	lsl.w	r0, r6, r3
 8003584:	e475      	b.n	8002e72 <_dtoa_r+0xbe>
 8003586:	2501      	movs	r5, #1
 8003588:	e4db      	b.n	8002f42 <_dtoa_r+0x18e>
 800358a:	bf00      	nop
 800358c:	40240000 	.word	0x40240000
 8003590:	4639      	mov	r1, r7
 8003592:	2300      	movs	r3, #0
 8003594:	9804      	ldr	r0, [sp, #16]
 8003596:	220a      	movs	r2, #10
 8003598:	f001 f888 	bl	80046ac <__multadd>
 800359c:	9b11      	ldr	r3, [sp, #68]	@ 0x44
 800359e:	2b00      	cmp	r3, #0
 80035a0:	4607      	mov	r7, r0
 80035a2:	f340 82fc 	ble.w	8003b9e <_dtoa_r+0xdea>
 80035a6:	960b      	str	r6, [sp, #44]	@ 0x2c
 80035a8:	469b      	mov	fp, r3
 80035aa:	2d00      	cmp	r5, #0
 80035ac:	dd05      	ble.n	80035ba <_dtoa_r+0x806>
 80035ae:	4639      	mov	r1, r7
 80035b0:	9804      	ldr	r0, [sp, #16]
 80035b2:	462a      	mov	r2, r5
 80035b4:	f001 fab4 	bl	8004b20 <__lshift>
 80035b8:	4607      	mov	r7, r0
 80035ba:	9b08      	ldr	r3, [sp, #32]
 80035bc:	2b00      	cmp	r3, #0
 80035be:	f040 81e7 	bne.w	8003990 <_dtoa_r+0xbdc>
 80035c2:	46b8      	mov	r8, r7
 80035c4:	9e05      	ldr	r6, [sp, #20]
 80035c6:	1e73      	subs	r3, r6, #1
 80035c8:	eb03 040b 	add.w	r4, r3, fp
 80035cc:	9b06      	ldr	r3, [sp, #24]
 80035ce:	940a      	str	r4, [sp, #40]	@ 0x28
 80035d0:	f003 0301 	and.w	r3, r3, #1
 80035d4:	9c04      	ldr	r4, [sp, #16]
 80035d6:	930c      	str	r3, [sp, #48]	@ 0x30
 80035d8:	9902      	ldr	r1, [sp, #8]
 80035da:	4650      	mov	r0, sl
 80035dc:	f7ff fb54 	bl	8002c88 <quorem>
 80035e0:	4639      	mov	r1, r7
 80035e2:	4683      	mov	fp, r0
 80035e4:	4650      	mov	r0, sl
 80035e6:	f001 fb13 	bl	8004c10 <__mcmp>
 80035ea:	9902      	ldr	r1, [sp, #8]
 80035ec:	4605      	mov	r5, r0
 80035ee:	4642      	mov	r2, r8
 80035f0:	4620      	mov	r0, r4
 80035f2:	f001 fb2d 	bl	8004c50 <__mdiff>
 80035f6:	68c3      	ldr	r3, [r0, #12]
 80035f8:	f10b 0930 	add.w	r9, fp, #48	@ 0x30
 80035fc:	4601      	mov	r1, r0
 80035fe:	bbab      	cbnz	r3, 800366c <_dtoa_r+0x8b8>
 8003600:	9009      	str	r0, [sp, #36]	@ 0x24
 8003602:	4650      	mov	r0, sl
 8003604:	f001 fb04 	bl	8004c10 <__mcmp>
 8003608:	9909      	ldr	r1, [sp, #36]	@ 0x24
 800360a:	9008      	str	r0, [sp, #32]
 800360c:	4620      	mov	r0, r4
 800360e:	f001 f843 	bl	8004698 <_Bfree>
 8003612:	9a08      	ldr	r2, [sp, #32]
 8003614:	2a00      	cmp	r2, #0
 8003616:	d154      	bne.n	80036c2 <_dtoa_r+0x90e>
 8003618:	9b24      	ldr	r3, [sp, #144]	@ 0x90
 800361a:	b91b      	cbnz	r3, 8003624 <_dtoa_r+0x870>
 800361c:	9b0c      	ldr	r3, [sp, #48]	@ 0x30
 800361e:	2b00      	cmp	r3, #0
 8003620:	f000 82ab 	beq.w	8003b7a <_dtoa_r+0xdc6>
 8003624:	2d00      	cmp	r5, #0
 8003626:	db3f      	blt.n	80036a8 <_dtoa_r+0x8f4>
 8003628:	9b0a      	ldr	r3, [sp, #40]	@ 0x28
 800362a:	46b3      	mov	fp, r6
 800362c:	429e      	cmp	r6, r3
 800362e:	f80b 9b01 	strb.w	r9, [fp], #1
 8003632:	f000 81c4 	beq.w	80039be <_dtoa_r+0xc0a>
 8003636:	4651      	mov	r1, sl
 8003638:	2300      	movs	r3, #0
 800363a:	220a      	movs	r2, #10
 800363c:	4620      	mov	r0, r4
 800363e:	f001 f835 	bl	80046ac <__multadd>
 8003642:	4547      	cmp	r7, r8
 8003644:	4682      	mov	sl, r0
 8003646:	4639      	mov	r1, r7
 8003648:	f04f 0300 	mov.w	r3, #0
 800364c:	f04f 020a 	mov.w	r2, #10
 8003650:	4620      	mov	r0, r4
 8003652:	d030      	beq.n	80036b6 <_dtoa_r+0x902>
 8003654:	f001 f82a 	bl	80046ac <__multadd>
 8003658:	4641      	mov	r1, r8
 800365a:	4607      	mov	r7, r0
 800365c:	2300      	movs	r3, #0
 800365e:	220a      	movs	r2, #10
 8003660:	4620      	mov	r0, r4
 8003662:	f001 f823 	bl	80046ac <__multadd>
 8003666:	465e      	mov	r6, fp
 8003668:	4680      	mov	r8, r0
 800366a:	e7b5      	b.n	80035d8 <_dtoa_r+0x824>
 800366c:	9804      	ldr	r0, [sp, #16]
 800366e:	f001 f813 	bl	8004698 <_Bfree>
 8003672:	2d00      	cmp	r5, #0
 8003674:	db06      	blt.n	8003684 <_dtoa_r+0x8d0>
 8003676:	9b06      	ldr	r3, [sp, #24]
 8003678:	f003 0201 	and.w	r2, r3, #1
 800367c:	9b24      	ldr	r3, [sp, #144]	@ 0x90
 800367e:	431d      	orrs	r5, r3
 8003680:	432a      	orrs	r2, r5
 8003682:	d129      	bne.n	80036d8 <_dtoa_r+0x924>
 8003684:	4651      	mov	r1, sl
 8003686:	2201      	movs	r2, #1
 8003688:	9804      	ldr	r0, [sp, #16]
 800368a:	f001 fa49 	bl	8004b20 <__lshift>
 800368e:	9902      	ldr	r1, [sp, #8]
 8003690:	4682      	mov	sl, r0
 8003692:	f001 fabd 	bl	8004c10 <__mcmp>
 8003696:	2800      	cmp	r0, #0
 8003698:	f340 80f7 	ble.w	800388a <_dtoa_r+0xad6>
 800369c:	f1b9 0f39 	cmp.w	r9, #57	@ 0x39
 80036a0:	f000 8246 	beq.w	8003b30 <_dtoa_r+0xd7c>
 80036a4:	f10b 0931 	add.w	r9, fp, #49	@ 0x31
 80036a8:	9d0b      	ldr	r5, [sp, #44]	@ 0x2c
 80036aa:	f806 9b01 	strb.w	r9, [r6], #1
 80036ae:	463c      	mov	r4, r7
 80036b0:	3501      	adds	r5, #1
 80036b2:	4647      	mov	r7, r8
 80036b4:	e715      	b.n	80034e2 <_dtoa_r+0x72e>
 80036b6:	f000 fff9 	bl	80046ac <__multadd>
 80036ba:	465e      	mov	r6, fp
 80036bc:	4607      	mov	r7, r0
 80036be:	4680      	mov	r8, r0
 80036c0:	e78a      	b.n	80035d8 <_dtoa_r+0x824>
 80036c2:	2d00      	cmp	r5, #0
 80036c4:	f2c0 8290 	blt.w	8003be8 <_dtoa_r+0xe34>
 80036c8:	9b24      	ldr	r3, [sp, #144]	@ 0x90
 80036ca:	431d      	orrs	r5, r3
 80036cc:	9b0c      	ldr	r3, [sp, #48]	@ 0x30
 80036ce:	431d      	orrs	r5, r3
 80036d0:	f000 828a 	beq.w	8003be8 <_dtoa_r+0xe34>
 80036d4:	2a00      	cmp	r2, #0
 80036d6:	dda7      	ble.n	8003628 <_dtoa_r+0x874>
 80036d8:	f1b9 0f39 	cmp.w	r9, #57	@ 0x39
 80036dc:	f000 8228 	beq.w	8003b30 <_dtoa_r+0xd7c>
 80036e0:	9d0b      	ldr	r5, [sp, #44]	@ 0x2c
 80036e2:	f109 0301 	add.w	r3, r9, #1
 80036e6:	463c      	mov	r4, r7
 80036e8:	f806 3b01 	strb.w	r3, [r6], #1
 80036ec:	3501      	adds	r5, #1
 80036ee:	4647      	mov	r7, r8
 80036f0:	e6f7      	b.n	80034e2 <_dtoa_r+0x72e>
 80036f2:	9b24      	ldr	r3, [sp, #144]	@ 0x90
 80036f4:	2b02      	cmp	r3, #2
 80036f6:	f77f aeb0 	ble.w	800345a <_dtoa_r+0x6a6>
 80036fa:	f1bb 0f00 	cmp.w	fp, #0
 80036fe:	f040 8126 	bne.w	800394e <_dtoa_r+0xb9a>
 8003702:	9902      	ldr	r1, [sp, #8]
 8003704:	9804      	ldr	r0, [sp, #16]
 8003706:	465b      	mov	r3, fp
 8003708:	2205      	movs	r2, #5
 800370a:	f000 ffcf 	bl	80046ac <__multadd>
 800370e:	4601      	mov	r1, r0
 8003710:	9002      	str	r0, [sp, #8]
 8003712:	4650      	mov	r0, sl
 8003714:	f001 fa7c 	bl	8004c10 <__mcmp>
 8003718:	2800      	cmp	r0, #0
 800371a:	f340 8118 	ble.w	800394e <_dtoa_r+0xb9a>
 800371e:	9e05      	ldr	r6, [sp, #20]
 8003720:	9d0b      	ldr	r5, [sp, #44]	@ 0x2c
 8003722:	2331      	movs	r3, #49	@ 0x31
 8003724:	f806 3b01 	strb.w	r3, [r6], #1
 8003728:	3501      	adds	r5, #1
 800372a:	9902      	ldr	r1, [sp, #8]
 800372c:	9804      	ldr	r0, [sp, #16]
 800372e:	f000 ffb3 	bl	8004698 <_Bfree>
 8003732:	3501      	adds	r5, #1
 8003734:	2f00      	cmp	r7, #0
 8003736:	f47f aee2 	bne.w	80034fe <_dtoa_r+0x74a>
 800373a:	e6e4      	b.n	8003506 <_dtoa_r+0x752>
 800373c:	9902      	ldr	r1, [sp, #8]
 800373e:	4650      	mov	r0, sl
 8003740:	f001 fa66 	bl	8004c10 <__mcmp>
 8003744:	2800      	cmp	r0, #0
 8003746:	f6bf ae84 	bge.w	8003452 <_dtoa_r+0x69e>
 800374a:	4651      	mov	r1, sl
 800374c:	2300      	movs	r3, #0
 800374e:	9804      	ldr	r0, [sp, #16]
 8003750:	9c0b      	ldr	r4, [sp, #44]	@ 0x2c
 8003752:	220a      	movs	r2, #10
 8003754:	f000 ffaa 	bl	80046ac <__multadd>
 8003758:	9b0c      	ldr	r3, [sp, #48]	@ 0x30
 800375a:	1e66      	subs	r6, r4, #1
 800375c:	4682      	mov	sl, r0
 800375e:	2b00      	cmp	r3, #0
 8003760:	f47f af16 	bne.w	8003590 <_dtoa_r+0x7dc>
 8003764:	9b11      	ldr	r3, [sp, #68]	@ 0x44
 8003766:	2b00      	cmp	r3, #0
 8003768:	f340 820e 	ble.w	8003b88 <_dtoa_r+0xdd4>
 800376c:	9d0b      	ldr	r5, [sp, #44]	@ 0x2c
 800376e:	469b      	mov	fp, r3
 8003770:	e679      	b.n	8003466 <_dtoa_r+0x6b2>
 8003772:	4601      	mov	r1, r0
 8003774:	461a      	mov	r2, r3
 8003776:	9804      	ldr	r0, [sp, #16]
 8003778:	f001 f978 	bl	8004a6c <__pow5mult>
 800377c:	9b24      	ldr	r3, [sp, #144]	@ 0x90
 800377e:	9002      	str	r0, [sp, #8]
 8003780:	2b01      	cmp	r3, #1
 8003782:	dd6f      	ble.n	8003864 <_dtoa_r+0xab0>
 8003784:	2300      	movs	r3, #0
 8003786:	9308      	str	r3, [sp, #32]
 8003788:	9a02      	ldr	r2, [sp, #8]
 800378a:	6913      	ldr	r3, [r2, #16]
 800378c:	eb02 0383 	add.w	r3, r2, r3, lsl #2
 8003790:	6918      	ldr	r0, [r3, #16]
 8003792:	f001 f835 	bl	8004800 <__hi0bits>
 8003796:	f1c0 0020 	rsb	r0, r0, #32
 800379a:	e631      	b.n	8003400 <_dtoa_r+0x64c>
 800379c:	4b98      	ldr	r3, [pc, #608]	@ (8003a00 <_dtoa_r+0xc4c>)
 800379e:	9305      	str	r3, [sp, #20]
 80037a0:	3303      	adds	r3, #3
 80037a2:	f7ff bbe9 	b.w	8002f78 <_dtoa_r+0x1c4>
 80037a6:	9b06      	ldr	r3, [sp, #24]
 80037a8:	2b00      	cmp	r3, #0
 80037aa:	f47f ae28 	bne.w	80033fe <_dtoa_r+0x64a>
 80037ae:	e9dd 1206 	ldrd	r1, r2, [sp, #24]
 80037b2:	f3c2 0313 	ubfx	r3, r2, #0, #20
 80037b6:	2b00      	cmp	r3, #0
 80037b8:	f47f ae21 	bne.w	80033fe <_dtoa_r+0x64a>
 80037bc:	4b91      	ldr	r3, [pc, #580]	@ (8003a04 <_dtoa_r+0xc50>)
 80037be:	4013      	ands	r3, r2
 80037c0:	b133      	cbz	r3, 80037d0 <_dtoa_r+0xa1c>
 80037c2:	9b0a      	ldr	r3, [sp, #40]	@ 0x28
 80037c4:	3301      	adds	r3, #1
 80037c6:	930a      	str	r3, [sp, #40]	@ 0x28
 80037c8:	9b09      	ldr	r3, [sp, #36]	@ 0x24
 80037ca:	3301      	adds	r3, #1
 80037cc:	9309      	str	r3, [sp, #36]	@ 0x24
 80037ce:	2301      	movs	r3, #1
 80037d0:	9a08      	ldr	r2, [sp, #32]
 80037d2:	9308      	str	r3, [sp, #32]
 80037d4:	2a00      	cmp	r2, #0
 80037d6:	f43f ae12 	beq.w	80033fe <_dtoa_r+0x64a>
 80037da:	e7d5      	b.n	8003788 <_dtoa_r+0x9d4>
 80037dc:	f43f ae23 	beq.w	8003426 <_dtoa_r+0x672>
 80037e0:	f1c0 033c 	rsb	r3, r0, #60	@ 0x3c
 80037e4:	e6ae      	b.n	8003544 <_dtoa_r+0x790>
 80037e6:	2301      	movs	r3, #1
 80037e8:	930c      	str	r3, [sp, #48]	@ 0x30
 80037ea:	9b25      	ldr	r3, [sp, #148]	@ 0x94
 80037ec:	9a0b      	ldr	r2, [sp, #44]	@ 0x2c
 80037ee:	4413      	add	r3, r2
 80037f0:	f103 0b01 	add.w	fp, r3, #1
 80037f4:	465e      	mov	r6, fp
 80037f6:	2e01      	cmp	r6, #1
 80037f8:	9311      	str	r3, [sp, #68]	@ 0x44
 80037fa:	bfb8      	it	lt
 80037fc:	2601      	movlt	r6, #1
 80037fe:	2e17      	cmp	r6, #23
 8003800:	f340 81f6 	ble.w	8003bf0 <_dtoa_r+0xe3c>
 8003804:	2201      	movs	r2, #1
 8003806:	2304      	movs	r3, #4
 8003808:	005b      	lsls	r3, r3, #1
 800380a:	f103 0014 	add.w	r0, r3, #20
 800380e:	42b0      	cmp	r0, r6
 8003810:	4611      	mov	r1, r2
 8003812:	f102 0201 	add.w	r2, r2, #1
 8003816:	d9f7      	bls.n	8003808 <_dtoa_r+0xa54>
 8003818:	9b04      	ldr	r3, [sp, #16]
 800381a:	63d9      	str	r1, [r3, #60]	@ 0x3c
 800381c:	e402      	b.n	8003024 <_dtoa_r+0x270>
 800381e:	2301      	movs	r3, #1
 8003820:	930c      	str	r3, [sp, #48]	@ 0x30
 8003822:	9b25      	ldr	r3, [sp, #148]	@ 0x94
 8003824:	2b00      	cmp	r3, #0
 8003826:	dd37      	ble.n	8003898 <_dtoa_r+0xae4>
 8003828:	9311      	str	r3, [sp, #68]	@ 0x44
 800382a:	469b      	mov	fp, r3
 800382c:	461e      	mov	r6, r3
 800382e:	e7e6      	b.n	80037fe <_dtoa_r+0xa4a>
 8003830:	2300      	movs	r3, #0
 8003832:	930c      	str	r3, [sp, #48]	@ 0x30
 8003834:	e7d9      	b.n	80037ea <_dtoa_r+0xa36>
 8003836:	2300      	movs	r3, #0
 8003838:	930c      	str	r3, [sp, #48]	@ 0x30
 800383a:	e7f2      	b.n	8003822 <_dtoa_r+0xa6e>
 800383c:	9b0e      	ldr	r3, [sp, #56]	@ 0x38
 800383e:	9a08      	ldr	r2, [sp, #32]
 8003840:	960e      	str	r6, [sp, #56]	@ 0x38
 8003842:	1af3      	subs	r3, r6, r3
 8003844:	441a      	add	r2, r3
 8003846:	9b09      	ldr	r3, [sp, #36]	@ 0x24
 8003848:	9208      	str	r2, [sp, #32]
 800384a:	445b      	add	r3, fp
 800384c:	9309      	str	r3, [sp, #36]	@ 0x24
 800384e:	9b0a      	ldr	r3, [sp, #40]	@ 0x28
 8003850:	461d      	mov	r5, r3
 8003852:	445b      	add	r3, fp
 8003854:	930a      	str	r3, [sp, #40]	@ 0x28
 8003856:	2600      	movs	r6, #0
 8003858:	9804      	ldr	r0, [sp, #16]
 800385a:	2101      	movs	r1, #1
 800385c:	f001 f822 	bl	80048a4 <__i2b>
 8003860:	4607      	mov	r7, r0
 8003862:	e5a4      	b.n	80033ae <_dtoa_r+0x5fa>
 8003864:	9b06      	ldr	r3, [sp, #24]
 8003866:	2b00      	cmp	r3, #0
 8003868:	d18c      	bne.n	8003784 <_dtoa_r+0x9d0>
 800386a:	e9dd 0106 	ldrd	r0, r1, [sp, #24]
 800386e:	f3c1 0313 	ubfx	r3, r1, #0, #20
 8003872:	460a      	mov	r2, r1
 8003874:	2b00      	cmp	r3, #0
 8003876:	d0a1      	beq.n	80037bc <_dtoa_r+0xa08>
 8003878:	9008      	str	r0, [sp, #32]
 800387a:	e785      	b.n	8003788 <_dtoa_r+0x9d4>
 800387c:	e9dd 3402 	ldrd	r3, r4, [sp, #8]
 8003880:	2702      	movs	r7, #2
 8003882:	e9cd 3412 	strd	r3, r4, [sp, #72]	@ 0x48
 8003886:	f7ff bbfa 	b.w	800307e <_dtoa_r+0x2ca>
 800388a:	f47f af0d 	bne.w	80036a8 <_dtoa_r+0x8f4>
 800388e:	f019 0f01 	tst.w	r9, #1
 8003892:	f47f af03 	bne.w	800369c <_dtoa_r+0x8e8>
 8003896:	e707      	b.n	80036a8 <_dtoa_r+0x8f4>
 8003898:	2301      	movs	r3, #1
 800389a:	9325      	str	r3, [sp, #148]	@ 0x94
 800389c:	469b      	mov	fp, r3
 800389e:	f7ff bbbc 	b.w	800301a <_dtoa_r+0x266>
 80038a2:	d103      	bne.n	80038ac <_dtoa_r+0xaf8>
 80038a4:	f019 0f01 	tst.w	r9, #1
 80038a8:	f47f ae0c 	bne.w	80034c4 <_dtoa_r+0x710>
 80038ac:	465e      	mov	r6, fp
 80038ae:	f81b 3d01 	ldrb.w	r3, [fp, #-1]!
 80038b2:	2b30      	cmp	r3, #48	@ 0x30
 80038b4:	d0fa      	beq.n	80038ac <_dtoa_r+0xaf8>
 80038b6:	e614      	b.n	80034e2 <_dtoa_r+0x72e>
 80038b8:	9a10      	ldr	r2, [sp, #64]	@ 0x40
 80038ba:	2a00      	cmp	r2, #0
 80038bc:	f000 809c 	beq.w	80039f8 <_dtoa_r+0xc44>
 80038c0:	f203 4333 	addw	r3, r3, #1075	@ 0x433
 80038c4:	9a09      	ldr	r2, [sp, #36]	@ 0x24
 80038c6:	9e0e      	ldr	r6, [sp, #56]	@ 0x38
 80038c8:	441a      	add	r2, r3
 80038ca:	9209      	str	r2, [sp, #36]	@ 0x24
 80038cc:	9a0a      	ldr	r2, [sp, #40]	@ 0x28
 80038ce:	4615      	mov	r5, r2
 80038d0:	441a      	add	r2, r3
 80038d2:	920a      	str	r2, [sp, #40]	@ 0x28
 80038d4:	e7c0      	b.n	8003858 <_dtoa_r+0xaa4>
 80038d6:	9a05      	ldr	r2, [sp, #20]
 80038d8:	2331      	movs	r3, #49	@ 0x31
 80038da:	3501      	adds	r5, #1
 80038dc:	7013      	strb	r3, [r2, #0]
 80038de:	e600      	b.n	80034e2 <_dtoa_r+0x72e>
 80038e0:	f000 80f6 	beq.w	8003ad0 <_dtoa_r+0xd1c>
 80038e4:	9a0b      	ldr	r2, [sp, #44]	@ 0x2c
 80038e6:	4b48      	ldr	r3, [pc, #288]	@ (8003a08 <_dtoa_r+0xc54>)
 80038e8:	4255      	negs	r5, r2
 80038ea:	f005 020f 	and.w	r2, r5, #15
 80038ee:	eb03 03c2 	add.w	r3, r3, r2, lsl #3
 80038f2:	e9d3 2300 	ldrd	r2, r3, [r3]
 80038f6:	e9dd 0102 	ldrd	r0, r1, [sp, #8]
 80038fa:	f003 f951 	bl	8006ba0 <__aeabi_dmul>
 80038fe:	112d      	asrs	r5, r5, #4
 8003900:	e9cd 0112 	strd	r0, r1, [sp, #72]	@ 0x48
 8003904:	f000 8154 	beq.w	8003bb0 <_dtoa_r+0xdfc>
 8003908:	4e40      	ldr	r6, [pc, #256]	@ (8003a0c <_dtoa_r+0xc58>)
 800390a:	2300      	movs	r3, #0
 800390c:	2702      	movs	r7, #2
 800390e:	4680      	mov	r8, r0
 8003910:	4689      	mov	r9, r1
 8003912:	07ea      	lsls	r2, r5, #31
 8003914:	d509      	bpl.n	800392a <_dtoa_r+0xb76>
 8003916:	e9d6 2300 	ldrd	r2, r3, [r6]
 800391a:	4640      	mov	r0, r8
 800391c:	4649      	mov	r1, r9
 800391e:	f003 f93f 	bl	8006ba0 <__aeabi_dmul>
 8003922:	3701      	adds	r7, #1
 8003924:	4680      	mov	r8, r0
 8003926:	4689      	mov	r9, r1
 8003928:	2301      	movs	r3, #1
 800392a:	106d      	asrs	r5, r5, #1
 800392c:	f106 0608 	add.w	r6, r6, #8
 8003930:	d1ef      	bne.n	8003912 <_dtoa_r+0xb5e>
 8003932:	2b00      	cmp	r3, #0
 8003934:	f47f abbc 	bne.w	80030b0 <_dtoa_r+0x2fc>
 8003938:	e9dd 8912 	ldrd	r8, r9, [sp, #72]	@ 0x48
 800393c:	f7ff bbb8 	b.w	80030b0 <_dtoa_r+0x2fc>
 8003940:	f1c8 0301 	rsb	r3, r8, #1
 8003944:	9009      	str	r0, [sp, #36]	@ 0x24
 8003946:	930a      	str	r3, [sp, #40]	@ 0x28
 8003948:	900f      	str	r0, [sp, #60]	@ 0x3c
 800394a:	f7ff bb55 	b.w	8002ff8 <_dtoa_r+0x244>
 800394e:	9e05      	ldr	r6, [sp, #20]
 8003950:	e4b9      	b.n	80032c6 <_dtoa_r+0x512>
 8003952:	f8dd a008 	ldr.w	sl, [sp, #8]
 8003956:	4602      	mov	r2, r0
 8003958:	460b      	mov	r3, r1
 800395a:	f002 ff6b 	bl	8006834 <__adddf3>
 800395e:	9d0b      	ldr	r5, [sp, #44]	@ 0x2c
 8003960:	e9cd 0102 	strd	r0, r1, [sp, #8]
 8003964:	3501      	adds	r5, #1
 8003966:	4602      	mov	r2, r0
 8003968:	460b      	mov	r3, r1
 800396a:	e9dd 0106 	ldrd	r0, r1, [sp, #24]
 800396e:	46a8      	mov	r8, r5
 8003970:	f003 fb88 	bl	8007084 <__aeabi_dcmplt>
 8003974:	b940      	cbnz	r0, 8003988 <_dtoa_r+0xbd4>
 8003976:	e9dd 2302 	ldrd	r2, r3, [sp, #8]
 800397a:	e9dd 0106 	ldrd	r0, r1, [sp, #24]
 800397e:	f003 fb77 	bl	8007070 <__aeabi_dcmpeq>
 8003982:	b118      	cbz	r0, 800398c <_dtoa_r+0xbd8>
 8003984:	07f3      	lsls	r3, r6, #31
 8003986:	d501      	bpl.n	800398c <_dtoa_r+0xbd8>
 8003988:	9a05      	ldr	r2, [sp, #20]
 800398a:	e432      	b.n	80031f2 <_dtoa_r+0x43e>
 800398c:	463e      	mov	r6, r7
 800398e:	e5ba      	b.n	8003506 <_dtoa_r+0x752>
 8003990:	6879      	ldr	r1, [r7, #4]
 8003992:	9804      	ldr	r0, [sp, #16]
 8003994:	f000 fe5a 	bl	800464c <_Balloc>
 8003998:	4605      	mov	r5, r0
 800399a:	2800      	cmp	r0, #0
 800399c:	f000 811d 	beq.w	8003bda <_dtoa_r+0xe26>
 80039a0:	693b      	ldr	r3, [r7, #16]
 80039a2:	3302      	adds	r3, #2
 80039a4:	009a      	lsls	r2, r3, #2
 80039a6:	f107 010c 	add.w	r1, r7, #12
 80039aa:	300c      	adds	r0, #12
 80039ac:	f000 fb46 	bl	800403c <memcpy>
 80039b0:	9804      	ldr	r0, [sp, #16]
 80039b2:	4629      	mov	r1, r5
 80039b4:	2201      	movs	r2, #1
 80039b6:	f001 f8b3 	bl	8004b20 <__lshift>
 80039ba:	4680      	mov	r8, r0
 80039bc:	e602      	b.n	80035c4 <_dtoa_r+0x810>
 80039be:	9d0b      	ldr	r5, [sp, #44]	@ 0x2c
 80039c0:	463c      	mov	r4, r7
 80039c2:	3501      	adds	r5, #1
 80039c4:	4647      	mov	r7, r8
 80039c6:	e571      	b.n	80034ac <_dtoa_r+0x6f8>
 80039c8:	9c04      	ldr	r4, [sp, #16]
 80039ca:	4639      	mov	r1, r7
 80039cc:	4632      	mov	r2, r6
 80039ce:	4620      	mov	r0, r4
 80039d0:	f001 f84c 	bl	8004a6c <__pow5mult>
 80039d4:	4652      	mov	r2, sl
 80039d6:	4601      	mov	r1, r0
 80039d8:	4607      	mov	r7, r0
 80039da:	4620      	mov	r0, r4
 80039dc:	f000 ff90 	bl	8004900 <__multiply>
 80039e0:	4651      	mov	r1, sl
 80039e2:	4680      	mov	r8, r0
 80039e4:	4620      	mov	r0, r4
 80039e6:	f000 fe57 	bl	8004698 <_Bfree>
 80039ea:	9b0e      	ldr	r3, [sp, #56]	@ 0x38
 80039ec:	1b9b      	subs	r3, r3, r6
 80039ee:	46c2      	mov	sl, r8
 80039f0:	930e      	str	r3, [sp, #56]	@ 0x38
 80039f2:	f43f acf7 	beq.w	80033e4 <_dtoa_r+0x630>
 80039f6:	e4ef      	b.n	80033d8 <_dtoa_r+0x624>
 80039f8:	9b18      	ldr	r3, [sp, #96]	@ 0x60
 80039fa:	f1c3 0336 	rsb	r3, r3, #54	@ 0x36
 80039fe:	e761      	b.n	80038c4 <_dtoa_r+0xb10>
 8003a00:	08007374 	.word	0x08007374
 8003a04:	7ff00000 	.word	0x7ff00000
 8003a08:	080075d0 	.word	0x080075d0
 8003a0c:	080076c0 	.word	0x080076c0
 8003a10:	e9dd 2314 	ldrd	r2, r3, [sp, #80]	@ 0x50
 8003a14:	e9dd 0112 	ldrd	r0, r1, [sp, #72]	@ 0x48
 8003a18:	f003 f8c2 	bl	8006ba0 <__aeabi_dmul>
 8003a1c:	9b05      	ldr	r3, [sp, #20]
 8003a1e:	701c      	strb	r4, [r3, #0]
 8003a20:	9b16      	ldr	r3, [sp, #88]	@ 0x58
 8003a22:	2b01      	cmp	r3, #1
 8003a24:	e9cd 010c 	strd	r0, r1, [sp, #48]	@ 0x30
 8003a28:	f000 80c0 	beq.w	8003bac <_dtoa_r+0xdf8>
 8003a2c:	9f16      	ldr	r7, [sp, #88]	@ 0x58
 8003a2e:	9b05      	ldr	r3, [sp, #20]
 8003a30:	441f      	add	r7, r3
 8003a32:	4b7a      	ldr	r3, [pc, #488]	@ (8003c1c <_dtoa_r+0xe68>)
 8003a34:	2200      	movs	r2, #0
 8003a36:	4640      	mov	r0, r8
 8003a38:	4649      	mov	r1, r9
 8003a3a:	f003 f8b1 	bl	8006ba0 <__aeabi_dmul>
 8003a3e:	4689      	mov	r9, r1
 8003a40:	4680      	mov	r8, r0
 8003a42:	f003 fb5d 	bl	8007100 <__aeabi_d2iz>
 8003a46:	4604      	mov	r4, r0
 8003a48:	f003 f840 	bl	8006acc <__aeabi_i2d>
 8003a4c:	3430      	adds	r4, #48	@ 0x30
 8003a4e:	4602      	mov	r2, r0
 8003a50:	460b      	mov	r3, r1
 8003a52:	4640      	mov	r0, r8
 8003a54:	4649      	mov	r1, r9
 8003a56:	f002 feeb 	bl	8006830 <__aeabi_dsub>
 8003a5a:	f806 4b01 	strb.w	r4, [r6], #1
 8003a5e:	42be      	cmp	r6, r7
 8003a60:	4680      	mov	r8, r0
 8003a62:	4689      	mov	r9, r1
 8003a64:	d1e5      	bne.n	8003a32 <_dtoa_r+0xc7e>
 8003a66:	4b6e      	ldr	r3, [pc, #440]	@ (8003c20 <_dtoa_r+0xe6c>)
 8003a68:	2200      	movs	r2, #0
 8003a6a:	e9dd 010c 	ldrd	r0, r1, [sp, #48]	@ 0x30
 8003a6e:	f002 fee1 	bl	8006834 <__adddf3>
 8003a72:	4602      	mov	r2, r0
 8003a74:	460b      	mov	r3, r1
 8003a76:	4640      	mov	r0, r8
 8003a78:	4649      	mov	r1, r9
 8003a7a:	f003 fb21 	bl	80070c0 <__aeabi_dcmpgt>
 8003a7e:	2800      	cmp	r0, #0
 8003a80:	d16c      	bne.n	8003b5c <_dtoa_r+0xda8>
 8003a82:	e9dd 230c 	ldrd	r2, r3, [sp, #48]	@ 0x30
 8003a86:	4966      	ldr	r1, [pc, #408]	@ (8003c20 <_dtoa_r+0xe6c>)
 8003a88:	2000      	movs	r0, #0
 8003a8a:	f002 fed1 	bl	8006830 <__aeabi_dsub>
 8003a8e:	4602      	mov	r2, r0
 8003a90:	460b      	mov	r3, r1
 8003a92:	4640      	mov	r0, r8
 8003a94:	4649      	mov	r1, r9
 8003a96:	f003 faf5 	bl	8007084 <__aeabi_dcmplt>
 8003a9a:	b980      	cbnz	r0, 8003abe <_dtoa_r+0xd0a>
 8003a9c:	9b19      	ldr	r3, [sp, #100]	@ 0x64
 8003a9e:	2b00      	cmp	r3, #0
 8003aa0:	f6ff ac80 	blt.w	80033a4 <_dtoa_r+0x5f0>
 8003aa4:	9b0b      	ldr	r3, [sp, #44]	@ 0x2c
 8003aa6:	2b0e      	cmp	r3, #14
 8003aa8:	f73f ac7c 	bgt.w	80033a4 <_dtoa_r+0x5f0>
 8003aac:	4b5d      	ldr	r3, [pc, #372]	@ (8003c24 <_dtoa_r+0xe70>)
 8003aae:	9a0b      	ldr	r2, [sp, #44]	@ 0x2c
 8003ab0:	eb03 03c2 	add.w	r3, r3, r2, lsl #3
 8003ab4:	e9d3 3400 	ldrd	r3, r4, [r3]
 8003ab8:	e9cd 3406 	strd	r3, r4, [sp, #24]
 8003abc:	e408      	b.n	80032d0 <_dtoa_r+0x51c>
 8003abe:	463e      	mov	r6, r7
 8003ac0:	3f01      	subs	r7, #1
 8003ac2:	f816 3c01 	ldrb.w	r3, [r6, #-1]
 8003ac6:	2b30      	cmp	r3, #48	@ 0x30
 8003ac8:	d0f9      	beq.n	8003abe <_dtoa_r+0xd0a>
 8003aca:	9d17      	ldr	r5, [sp, #92]	@ 0x5c
 8003acc:	3501      	adds	r5, #1
 8003ace:	e51a      	b.n	8003506 <_dtoa_r+0x752>
 8003ad0:	e9dd 8902 	ldrd	r8, r9, [sp, #8]
 8003ad4:	2702      	movs	r7, #2
 8003ad6:	f7ff baeb 	b.w	80030b0 <_dtoa_r+0x2fc>
 8003ada:	f1bb 0f00 	cmp.w	fp, #0
 8003ade:	f43f ab9f 	beq.w	8003220 <_dtoa_r+0x46c>
 8003ae2:	9c11      	ldr	r4, [sp, #68]	@ 0x44
 8003ae4:	2c00      	cmp	r4, #0
 8003ae6:	f77f abc4 	ble.w	8003272 <_dtoa_r+0x4be>
 8003aea:	9b0b      	ldr	r3, [sp, #44]	@ 0x2c
 8003aec:	3b01      	subs	r3, #1
 8003aee:	2200      	movs	r2, #0
 8003af0:	4640      	mov	r0, r8
 8003af2:	4649      	mov	r1, r9
 8003af4:	9317      	str	r3, [sp, #92]	@ 0x5c
 8003af6:	4b49      	ldr	r3, [pc, #292]	@ (8003c1c <_dtoa_r+0xe68>)
 8003af8:	f003 f852 	bl	8006ba0 <__aeabi_dmul>
 8003afc:	4680      	mov	r8, r0
 8003afe:	4689      	mov	r9, r1
 8003b00:	1c78      	adds	r0, r7, #1
 8003b02:	f002 ffe3 	bl	8006acc <__aeabi_i2d>
 8003b06:	4642      	mov	r2, r8
 8003b08:	464b      	mov	r3, r9
 8003b0a:	f003 f849 	bl	8006ba0 <__aeabi_dmul>
 8003b0e:	4b46      	ldr	r3, [pc, #280]	@ (8003c28 <_dtoa_r+0xe74>)
 8003b10:	2200      	movs	r2, #0
 8003b12:	f002 fe8f 	bl	8006834 <__adddf3>
 8003b16:	f1a1 7350 	sub.w	r3, r1, #54525952	@ 0x3400000
 8003b1a:	e9cd 0112 	strd	r0, r1, [sp, #72]	@ 0x48
 8003b1e:	9416      	str	r4, [sp, #88]	@ 0x58
 8003b20:	9313      	str	r3, [sp, #76]	@ 0x4c
 8003b22:	f7ff bae7 	b.w	80030f4 <_dtoa_r+0x340>
 8003b26:	f108 0801 	add.w	r8, r8, #1
 8003b2a:	2331      	movs	r3, #49	@ 0x31
 8003b2c:	f7ff bb68 	b.w	8003200 <_dtoa_r+0x44c>
 8003b30:	9d0b      	ldr	r5, [sp, #44]	@ 0x2c
 8003b32:	9a05      	ldr	r2, [sp, #20]
 8003b34:	46b3      	mov	fp, r6
 8003b36:	2339      	movs	r3, #57	@ 0x39
 8003b38:	463c      	mov	r4, r7
 8003b3a:	f80b 3b01 	strb.w	r3, [fp], #1
 8003b3e:	3501      	adds	r5, #1
 8003b40:	4647      	mov	r7, r8
 8003b42:	e4c4      	b.n	80034ce <_dtoa_r+0x71a>
 8003b44:	2300      	movs	r3, #0
 8003b46:	9302      	str	r3, [sp, #8]
 8003b48:	461f      	mov	r7, r3
 8003b4a:	e5e8      	b.n	800371e <_dtoa_r+0x96a>
 8003b4c:	9b09      	ldr	r3, [sp, #36]	@ 0x24
 8003b4e:	445b      	add	r3, fp
 8003b50:	9309      	str	r3, [sp, #36]	@ 0x24
 8003b52:	9b0a      	ldr	r3, [sp, #40]	@ 0x28
 8003b54:	461d      	mov	r5, r3
 8003b56:	445b      	add	r3, fp
 8003b58:	930a      	str	r3, [sp, #40]	@ 0x28
 8003b5a:	e67d      	b.n	8003858 <_dtoa_r+0xaa4>
 8003b5c:	9b17      	ldr	r3, [sp, #92]	@ 0x5c
 8003b5e:	9a05      	ldr	r2, [sp, #20]
 8003b60:	f103 0801 	add.w	r8, r3, #1
 8003b64:	f7ff bb45 	b.w	80031f2 <_dtoa_r+0x43e>
 8003b68:	f8dd a048 	ldr.w	sl, [sp, #72]	@ 0x48
 8003b6c:	e7ad      	b.n	8003aca <_dtoa_r+0xd16>
 8003b6e:	f8dd a048 	ldr.w	sl, [sp, #72]	@ 0x48
 8003b72:	f8dd b050 	ldr.w	fp, [sp, #80]	@ 0x50
 8003b76:	f7ff bb7c 	b.w	8003272 <_dtoa_r+0x4be>
 8003b7a:	f1b9 0f39 	cmp.w	r9, #57	@ 0x39
 8003b7e:	d0d7      	beq.n	8003b30 <_dtoa_r+0xd7c>
 8003b80:	2d00      	cmp	r5, #0
 8003b82:	f73f ad8f 	bgt.w	80036a4 <_dtoa_r+0x8f0>
 8003b86:	e58f      	b.n	80036a8 <_dtoa_r+0x8f4>
 8003b88:	9b24      	ldr	r3, [sp, #144]	@ 0x90
 8003b8a:	2b02      	cmp	r3, #2
 8003b8c:	dc03      	bgt.n	8003b96 <_dtoa_r+0xde2>
 8003b8e:	9d0b      	ldr	r5, [sp, #44]	@ 0x2c
 8003b90:	f8dd b044 	ldr.w	fp, [sp, #68]	@ 0x44
 8003b94:	e467      	b.n	8003466 <_dtoa_r+0x6b2>
 8003b96:	f8dd b044 	ldr.w	fp, [sp, #68]	@ 0x44
 8003b9a:	960b      	str	r6, [sp, #44]	@ 0x2c
 8003b9c:	e5ad      	b.n	80036fa <_dtoa_r+0x946>
 8003b9e:	9b24      	ldr	r3, [sp, #144]	@ 0x90
 8003ba0:	2b02      	cmp	r3, #2
 8003ba2:	dcf8      	bgt.n	8003b96 <_dtoa_r+0xde2>
 8003ba4:	f8dd b044 	ldr.w	fp, [sp, #68]	@ 0x44
 8003ba8:	960b      	str	r6, [sp, #44]	@ 0x2c
 8003baa:	e4fe      	b.n	80035aa <_dtoa_r+0x7f6>
 8003bac:	4637      	mov	r7, r6
 8003bae:	e75a      	b.n	8003a66 <_dtoa_r+0xcb2>
 8003bb0:	e9dd 8912 	ldrd	r8, r9, [sp, #72]	@ 0x48
 8003bb4:	2702      	movs	r7, #2
 8003bb6:	f7ff ba7b 	b.w	80030b0 <_dtoa_r+0x2fc>
 8003bba:	9b04      	ldr	r3, [sp, #16]
 8003bbc:	2500      	movs	r5, #0
 8003bbe:	63dd      	str	r5, [r3, #60]	@ 0x3c
 8003bc0:	4629      	mov	r1, r5
 8003bc2:	4618      	mov	r0, r3
 8003bc4:	f000 fd42 	bl	800464c <_Balloc>
 8003bc8:	9005      	str	r0, [sp, #20]
 8003bca:	b9d0      	cbnz	r0, 8003c02 <_dtoa_r+0xe4e>
 8003bcc:	4b17      	ldr	r3, [pc, #92]	@ (8003c2c <_dtoa_r+0xe78>)
 8003bce:	4818      	ldr	r0, [pc, #96]	@ (8003c30 <_dtoa_r+0xe7c>)
 8003bd0:	2200      	movs	r2, #0
 8003bd2:	f240 11af 	movw	r1, #431	@ 0x1af
 8003bd6:	f000 fd13 	bl	8004600 <__assert_func>
 8003bda:	4b14      	ldr	r3, [pc, #80]	@ (8003c2c <_dtoa_r+0xe78>)
 8003bdc:	4814      	ldr	r0, [pc, #80]	@ (8003c30 <_dtoa_r+0xe7c>)
 8003bde:	462a      	mov	r2, r5
 8003be0:	f240 21ef 	movw	r1, #751	@ 0x2ef
 8003be4:	f000 fd0c 	bl	8004600 <__assert_func>
 8003be8:	2a00      	cmp	r2, #0
 8003bea:	f73f ad4b 	bgt.w	8003684 <_dtoa_r+0x8d0>
 8003bee:	e55b      	b.n	80036a8 <_dtoa_r+0x8f4>
 8003bf0:	9b04      	ldr	r3, [sp, #16]
 8003bf2:	2100      	movs	r1, #0
 8003bf4:	63d9      	str	r1, [r3, #60]	@ 0x3c
 8003bf6:	f7ff ba15 	b.w	8003024 <_dtoa_r+0x270>
 8003bfa:	4b0e      	ldr	r3, [pc, #56]	@ (8003c34 <_dtoa_r+0xe80>)
 8003bfc:	9305      	str	r3, [sp, #20]
 8003bfe:	f7ff b914 	b.w	8002e2a <_dtoa_r+0x76>
 8003c02:	e9dd 3204 	ldrd	r3, r2, [sp, #16]
 8003c06:	f04f 3bff 	mov.w	fp, #4294967295	@ 0xffffffff
 8003c0a:	639a      	str	r2, [r3, #56]	@ 0x38
 8003c0c:	2301      	movs	r3, #1
 8003c0e:	9525      	str	r5, [sp, #148]	@ 0x94
 8003c10:	f8cd b044 	str.w	fp, [sp, #68]	@ 0x44
 8003c14:	930c      	str	r3, [sp, #48]	@ 0x30
 8003c16:	f7ff bb2c 	b.w	8003272 <_dtoa_r+0x4be>
 8003c1a:	bf00      	nop
 8003c1c:	40240000 	.word	0x40240000
 8003c20:	3fe00000 	.word	0x3fe00000
 8003c24:	080075d0 	.word	0x080075d0
 8003c28:	401c0000 	.word	0x401c0000
 8003c2c:	08007378 	.word	0x08007378
 8003c30:	0800738c 	.word	0x0800738c
 8003c34:	08007368 	.word	0x08007368

08003c38 <__swsetup_r>:
 8003c38:	b538      	push	{r3, r4, r5, lr}
 8003c3a:	4b2f      	ldr	r3, [pc, #188]	@ (8003cf8 <__swsetup_r+0xc0>)
 8003c3c:	681b      	ldr	r3, [r3, #0]
 8003c3e:	4605      	mov	r5, r0
 8003c40:	460c      	mov	r4, r1
 8003c42:	b113      	cbz	r3, 8003c4a <__swsetup_r+0x12>
 8003c44:	6b5a      	ldr	r2, [r3, #52]	@ 0x34
 8003c46:	2a00      	cmp	r2, #0
 8003c48:	d04b      	beq.n	8003ce2 <__swsetup_r+0xaa>
 8003c4a:	f9b4 300c 	ldrsh.w	r3, [r4, #12]
 8003c4e:	0718      	lsls	r0, r3, #28
 8003c50:	d51c      	bpl.n	8003c8c <__swsetup_r+0x54>
 8003c52:	6922      	ldr	r2, [r4, #16]
 8003c54:	b322      	cbz	r2, 8003ca0 <__swsetup_r+0x68>
 8003c56:	f013 0101 	ands.w	r1, r3, #1
 8003c5a:	d007      	beq.n	8003c6c <__swsetup_r+0x34>
 8003c5c:	6961      	ldr	r1, [r4, #20]
 8003c5e:	2000      	movs	r0, #0
 8003c60:	4249      	negs	r1, r1
 8003c62:	60a0      	str	r0, [r4, #8]
 8003c64:	61a1      	str	r1, [r4, #24]
 8003c66:	b13a      	cbz	r2, 8003c78 <__swsetup_r+0x40>
 8003c68:	2000      	movs	r0, #0
 8003c6a:	bd38      	pop	{r3, r4, r5, pc}
 8003c6c:	0798      	lsls	r0, r3, #30
 8003c6e:	bf58      	it	pl
 8003c70:	6961      	ldrpl	r1, [r4, #20]
 8003c72:	60a1      	str	r1, [r4, #8]
 8003c74:	2a00      	cmp	r2, #0
 8003c76:	d1f7      	bne.n	8003c68 <__swsetup_r+0x30>
 8003c78:	0619      	lsls	r1, r3, #24
 8003c7a:	bf58      	it	pl
 8003c7c:	4610      	movpl	r0, r2
 8003c7e:	d5f4      	bpl.n	8003c6a <__swsetup_r+0x32>
 8003c80:	f043 0340 	orr.w	r3, r3, #64	@ 0x40
 8003c84:	81a3      	strh	r3, [r4, #12]
 8003c86:	f04f 30ff 	mov.w	r0, #4294967295	@ 0xffffffff
 8003c8a:	bd38      	pop	{r3, r4, r5, pc}
 8003c8c:	06d9      	lsls	r1, r3, #27
 8003c8e:	d52c      	bpl.n	8003cea <__swsetup_r+0xb2>
 8003c90:	075a      	lsls	r2, r3, #29
 8003c92:	d412      	bmi.n	8003cba <__swsetup_r+0x82>
 8003c94:	6922      	ldr	r2, [r4, #16]
 8003c96:	f043 0308 	orr.w	r3, r3, #8
 8003c9a:	81a3      	strh	r3, [r4, #12]
 8003c9c:	2a00      	cmp	r2, #0
 8003c9e:	d1da      	bne.n	8003c56 <__swsetup_r+0x1e>
 8003ca0:	f403 7120 	and.w	r1, r3, #640	@ 0x280
 8003ca4:	f5b1 7f00 	cmp.w	r1, #512	@ 0x200
 8003ca8:	d0d5      	beq.n	8003c56 <__swsetup_r+0x1e>
 8003caa:	4621      	mov	r1, r4
 8003cac:	4628      	mov	r0, r5
 8003cae:	f001 fa1d 	bl	80050ec <__smakebuf_r>
 8003cb2:	f9b4 300c 	ldrsh.w	r3, [r4, #12]
 8003cb6:	6922      	ldr	r2, [r4, #16]
 8003cb8:	e7cd      	b.n	8003c56 <__swsetup_r+0x1e>
 8003cba:	6b21      	ldr	r1, [r4, #48]	@ 0x30
 8003cbc:	b151      	cbz	r1, 8003cd4 <__swsetup_r+0x9c>
 8003cbe:	f104 0240 	add.w	r2, r4, #64	@ 0x40
 8003cc2:	4291      	cmp	r1, r2
 8003cc4:	d004      	beq.n	8003cd0 <__swsetup_r+0x98>
 8003cc6:	4628      	mov	r0, r5
 8003cc8:	f000 f874 	bl	8003db4 <_free_r>
 8003ccc:	f9b4 300c 	ldrsh.w	r3, [r4, #12]
 8003cd0:	2200      	movs	r2, #0
 8003cd2:	6322      	str	r2, [r4, #48]	@ 0x30
 8003cd4:	6922      	ldr	r2, [r4, #16]
 8003cd6:	2100      	movs	r1, #0
 8003cd8:	e9c4 2100 	strd	r2, r1, [r4]
 8003cdc:	f023 0324 	bic.w	r3, r3, #36	@ 0x24
 8003ce0:	e7d9      	b.n	8003c96 <__swsetup_r+0x5e>
 8003ce2:	4618      	mov	r0, r3
 8003ce4:	f7fc feb0 	bl	8000a48 <__sinit>
 8003ce8:	e7af      	b.n	8003c4a <__swsetup_r+0x12>
 8003cea:	2209      	movs	r2, #9
 8003cec:	f043 0340 	orr.w	r3, r3, #64	@ 0x40
 8003cf0:	602a      	str	r2, [r5, #0]
 8003cf2:	81a3      	strh	r3, [r4, #12]
 8003cf4:	e7c7      	b.n	8003c86 <__swsetup_r+0x4e>
 8003cf6:	bf00      	nop
 8003cf8:	20000000 	.word	0x20000000

08003cfc <_malloc_trim_r>:
 8003cfc:	e92d 43f8 	stmdb	sp!, {r3, r4, r5, r6, r7, r8, r9, lr}
 8003d00:	4606      	mov	r6, r0
 8003d02:	2008      	movs	r0, #8
 8003d04:	4689      	mov	r9, r1
 8003d06:	f000 fa33 	bl	8004170 <sysconf>
 8003d0a:	f8df 809c 	ldr.w	r8, [pc, #156]	@ 8003da8 <_malloc_trim_r+0xac>
 8003d0e:	4605      	mov	r5, r0
 8003d10:	4630      	mov	r0, r6
 8003d12:	f000 fc3d 	bl	8004590 <__malloc_lock>
 8003d16:	f8d8 3008 	ldr.w	r3, [r8, #8]
 8003d1a:	685f      	ldr	r7, [r3, #4]
 8003d1c:	f027 0703 	bic.w	r7, r7, #3
 8003d20:	f1a7 0411 	sub.w	r4, r7, #17
 8003d24:	eba4 0409 	sub.w	r4, r4, r9
 8003d28:	442c      	add	r4, r5
 8003d2a:	fbb4 f4f5 	udiv	r4, r4, r5
 8003d2e:	3c01      	subs	r4, #1
 8003d30:	fb05 f404 	mul.w	r4, r5, r4
 8003d34:	42a5      	cmp	r5, r4
 8003d36:	dc08      	bgt.n	8003d4a <_malloc_trim_r+0x4e>
 8003d38:	2100      	movs	r1, #0
 8003d3a:	4630      	mov	r0, r6
 8003d3c:	f000 fc2c 	bl	8004598 <_sbrk_r>
 8003d40:	f8d8 3008 	ldr.w	r3, [r8, #8]
 8003d44:	443b      	add	r3, r7
 8003d46:	4298      	cmp	r0, r3
 8003d48:	d005      	beq.n	8003d56 <_malloc_trim_r+0x5a>
 8003d4a:	4630      	mov	r0, r6
 8003d4c:	f000 fc22 	bl	8004594 <__malloc_unlock>
 8003d50:	2000      	movs	r0, #0
 8003d52:	e8bd 83f8 	ldmia.w	sp!, {r3, r4, r5, r6, r7, r8, r9, pc}
 8003d56:	4261      	negs	r1, r4
 8003d58:	4630      	mov	r0, r6
 8003d5a:	f000 fc1d 	bl	8004598 <_sbrk_r>
 8003d5e:	3001      	adds	r0, #1
 8003d60:	d00f      	beq.n	8003d82 <_malloc_trim_r+0x86>
 8003d62:	4a12      	ldr	r2, [pc, #72]	@ (8003dac <_malloc_trim_r+0xb0>)
 8003d64:	f8d8 3008 	ldr.w	r3, [r8, #8]
 8003d68:	1b3f      	subs	r7, r7, r4
 8003d6a:	f047 0701 	orr.w	r7, r7, #1
 8003d6e:	605f      	str	r7, [r3, #4]
 8003d70:	6813      	ldr	r3, [r2, #0]
 8003d72:	4630      	mov	r0, r6
 8003d74:	1b1b      	subs	r3, r3, r4
 8003d76:	6013      	str	r3, [r2, #0]
 8003d78:	f000 fc0c 	bl	8004594 <__malloc_unlock>
 8003d7c:	2001      	movs	r0, #1
 8003d7e:	e8bd 83f8 	ldmia.w	sp!, {r3, r4, r5, r6, r7, r8, r9, pc}
 8003d82:	2100      	movs	r1, #0
 8003d84:	4630      	mov	r0, r6
 8003d86:	f000 fc07 	bl	8004598 <_sbrk_r>
 8003d8a:	f8d8 2008 	ldr.w	r2, [r8, #8]
 8003d8e:	1a83      	subs	r3, r0, r2
 8003d90:	2b0f      	cmp	r3, #15
 8003d92:	ddda      	ble.n	8003d4a <_malloc_trim_r+0x4e>
 8003d94:	f043 0301 	orr.w	r3, r3, #1
 8003d98:	6053      	str	r3, [r2, #4]
 8003d9a:	4b05      	ldr	r3, [pc, #20]	@ (8003db0 <_malloc_trim_r+0xb4>)
 8003d9c:	4903      	ldr	r1, [pc, #12]	@ (8003dac <_malloc_trim_r+0xb0>)
 8003d9e:	681b      	ldr	r3, [r3, #0]
 8003da0:	1ac0      	subs	r0, r0, r3
 8003da2:	6008      	str	r0, [r1, #0]
 8003da4:	e7d1      	b.n	8003d4a <_malloc_trim_r+0x4e>
 8003da6:	bf00      	nop
 8003da8:	20000138 	.word	0x20000138
 8003dac:	200007fc 	.word	0x200007fc
 8003db0:	20000540 	.word	0x20000540

08003db4 <_free_r>:
 8003db4:	2900      	cmp	r1, #0
 8003db6:	d07c      	beq.n	8003eb2 <_free_r+0xfe>
 8003db8:	b5f8      	push	{r3, r4, r5, r6, r7, lr}
 8003dba:	460c      	mov	r4, r1
 8003dbc:	4606      	mov	r6, r0
 8003dbe:	f000 fbe7 	bl	8004590 <__malloc_lock>
 8003dc2:	f854 3c04 	ldr.w	r3, [r4, #-4]
 8003dc6:	4f76      	ldr	r7, [pc, #472]	@ (8003fa0 <_free_r+0x1ec>)
 8003dc8:	f1a4 0508 	sub.w	r5, r4, #8
 8003dcc:	f023 0101 	bic.w	r1, r3, #1
 8003dd0:	1868      	adds	r0, r5, r1
 8003dd2:	f8d7 c008 	ldr.w	ip, [r7, #8]
 8003dd6:	6842      	ldr	r2, [r0, #4]
 8003dd8:	4584      	cmp	ip, r0
 8003dda:	f022 0203 	bic.w	r2, r2, #3
 8003dde:	f000 8083 	beq.w	8003ee8 <_free_r+0x134>
 8003de2:	07db      	lsls	r3, r3, #31
 8003de4:	6042      	str	r2, [r0, #4]
 8003de6:	eb00 0c02 	add.w	ip, r0, r2
 8003dea:	d433      	bmi.n	8003e54 <_free_r+0xa0>
 8003dec:	f854 4c08 	ldr.w	r4, [r4, #-8]
 8003df0:	f8dc 3004 	ldr.w	r3, [ip, #4]
 8003df4:	1b2d      	subs	r5, r5, r4
 8003df6:	4421      	add	r1, r4
 8003df8:	68ac      	ldr	r4, [r5, #8]
 8003dfa:	f107 0c08 	add.w	ip, r7, #8
 8003dfe:	4564      	cmp	r4, ip
 8003e00:	f003 0301 	and.w	r3, r3, #1
 8003e04:	d064      	beq.n	8003ed0 <_free_r+0x11c>
 8003e06:	f8d5 e00c 	ldr.w	lr, [r5, #12]
 8003e0a:	f8c4 e00c 	str.w	lr, [r4, #12]
 8003e0e:	f8ce 4008 	str.w	r4, [lr, #8]
 8003e12:	2b00      	cmp	r3, #0
 8003e14:	f000 8081 	beq.w	8003f1a <_free_r+0x166>
 8003e18:	f041 0301 	orr.w	r3, r1, #1
 8003e1c:	606b      	str	r3, [r5, #4]
 8003e1e:	6001      	str	r1, [r0, #0]
 8003e20:	f5b1 7f00 	cmp.w	r1, #512	@ 0x200
 8003e24:	d222      	bcs.n	8003e6c <_free_r+0xb8>
 8003e26:	6878      	ldr	r0, [r7, #4]
 8003e28:	08cb      	lsrs	r3, r1, #3
 8003e2a:	2201      	movs	r2, #1
 8003e2c:	0949      	lsrs	r1, r1, #5
 8003e2e:	3301      	adds	r3, #1
 8003e30:	408a      	lsls	r2, r1
 8003e32:	4302      	orrs	r2, r0
 8003e34:	f857 1033 	ldr.w	r1, [r7, r3, lsl #3]
 8003e38:	607a      	str	r2, [r7, #4]
 8003e3a:	eb07 02c3 	add.w	r2, r7, r3, lsl #3
 8003e3e:	3a08      	subs	r2, #8
 8003e40:	e9c5 1202 	strd	r1, r2, [r5, #8]
 8003e44:	f847 5033 	str.w	r5, [r7, r3, lsl #3]
 8003e48:	60cd      	str	r5, [r1, #12]
 8003e4a:	4630      	mov	r0, r6
 8003e4c:	e8bd 40f8 	ldmia.w	sp!, {r3, r4, r5, r6, r7, lr}
 8003e50:	f000 bba0 	b.w	8004594 <__malloc_unlock>
 8003e54:	f8dc 3004 	ldr.w	r3, [ip, #4]
 8003e58:	07db      	lsls	r3, r3, #31
 8003e5a:	d52b      	bpl.n	8003eb4 <_free_r+0x100>
 8003e5c:	f041 0301 	orr.w	r3, r1, #1
 8003e60:	f5b1 7f00 	cmp.w	r1, #512	@ 0x200
 8003e64:	f844 3c04 	str.w	r3, [r4, #-4]
 8003e68:	6001      	str	r1, [r0, #0]
 8003e6a:	d3dc      	bcc.n	8003e26 <_free_r+0x72>
 8003e6c:	f5b1 6f20 	cmp.w	r1, #2560	@ 0xa00
 8003e70:	ea4f 2351 	mov.w	r3, r1, lsr #9
 8003e74:	d253      	bcs.n	8003f1e <_free_r+0x16a>
 8003e76:	098b      	lsrs	r3, r1, #6
 8003e78:	f103 0039 	add.w	r0, r3, #57	@ 0x39
 8003e7c:	f103 0238 	add.w	r2, r3, #56	@ 0x38
 8003e80:	00c3      	lsls	r3, r0, #3
 8003e82:	18f8      	adds	r0, r7, r3
 8003e84:	58fb      	ldr	r3, [r7, r3]
 8003e86:	3808      	subs	r0, #8
 8003e88:	4298      	cmp	r0, r3
 8003e8a:	d103      	bne.n	8003e94 <_free_r+0xe0>
 8003e8c:	e061      	b.n	8003f52 <_free_r+0x19e>
 8003e8e:	689b      	ldr	r3, [r3, #8]
 8003e90:	4298      	cmp	r0, r3
 8003e92:	d004      	beq.n	8003e9e <_free_r+0xea>
 8003e94:	685a      	ldr	r2, [r3, #4]
 8003e96:	f022 0203 	bic.w	r2, r2, #3
 8003e9a:	428a      	cmp	r2, r1
 8003e9c:	d8f7      	bhi.n	8003e8e <_free_r+0xda>
 8003e9e:	68d8      	ldr	r0, [r3, #12]
 8003ea0:	e9c5 3002 	strd	r3, r0, [r5, #8]
 8003ea4:	6085      	str	r5, [r0, #8]
 8003ea6:	60dd      	str	r5, [r3, #12]
 8003ea8:	4630      	mov	r0, r6
 8003eaa:	e8bd 40f8 	ldmia.w	sp!, {r3, r4, r5, r6, r7, lr}
 8003eae:	f000 bb71 	b.w	8004594 <__malloc_unlock>
 8003eb2:	4770      	bx	lr
 8003eb4:	4411      	add	r1, r2
 8003eb6:	f107 0c08 	add.w	ip, r7, #8
 8003eba:	6883      	ldr	r3, [r0, #8]
 8003ebc:	4563      	cmp	r3, ip
 8003ebe:	d03f      	beq.n	8003f40 <_free_r+0x18c>
 8003ec0:	68c2      	ldr	r2, [r0, #12]
 8003ec2:	60da      	str	r2, [r3, #12]
 8003ec4:	6093      	str	r3, [r2, #8]
 8003ec6:	f041 0301 	orr.w	r3, r1, #1
 8003eca:	606b      	str	r3, [r5, #4]
 8003ecc:	5069      	str	r1, [r5, r1]
 8003ece:	e7a7      	b.n	8003e20 <_free_r+0x6c>
 8003ed0:	2b00      	cmp	r3, #0
 8003ed2:	d15f      	bne.n	8003f94 <_free_r+0x1e0>
 8003ed4:	440a      	add	r2, r1
 8003ed6:	e9d0 1302 	ldrd	r1, r3, [r0, #8]
 8003eda:	60cb      	str	r3, [r1, #12]
 8003edc:	6099      	str	r1, [r3, #8]
 8003ede:	f042 0301 	orr.w	r3, r2, #1
 8003ee2:	606b      	str	r3, [r5, #4]
 8003ee4:	50aa      	str	r2, [r5, r2]
 8003ee6:	e7b0      	b.n	8003e4a <_free_r+0x96>
 8003ee8:	440a      	add	r2, r1
 8003eea:	07d9      	lsls	r1, r3, #31
 8003eec:	d407      	bmi.n	8003efe <_free_r+0x14a>
 8003eee:	f854 3c08 	ldr.w	r3, [r4, #-8]
 8003ef2:	1aed      	subs	r5, r5, r3
 8003ef4:	441a      	add	r2, r3
 8003ef6:	e9d5 1302 	ldrd	r1, r3, [r5, #8]
 8003efa:	60cb      	str	r3, [r1, #12]
 8003efc:	6099      	str	r1, [r3, #8]
 8003efe:	f042 0301 	orr.w	r3, r2, #1
 8003f02:	606b      	str	r3, [r5, #4]
 8003f04:	4b27      	ldr	r3, [pc, #156]	@ (8003fa4 <_free_r+0x1f0>)
 8003f06:	60bd      	str	r5, [r7, #8]
 8003f08:	681b      	ldr	r3, [r3, #0]
 8003f0a:	4293      	cmp	r3, r2
 8003f0c:	d89d      	bhi.n	8003e4a <_free_r+0x96>
 8003f0e:	4b26      	ldr	r3, [pc, #152]	@ (8003fa8 <_free_r+0x1f4>)
 8003f10:	4630      	mov	r0, r6
 8003f12:	6819      	ldr	r1, [r3, #0]
 8003f14:	f7ff fef2 	bl	8003cfc <_malloc_trim_r>
 8003f18:	e797      	b.n	8003e4a <_free_r+0x96>
 8003f1a:	4411      	add	r1, r2
 8003f1c:	e7cd      	b.n	8003eba <_free_r+0x106>
 8003f1e:	2b14      	cmp	r3, #20
 8003f20:	d908      	bls.n	8003f34 <_free_r+0x180>
 8003f22:	2b54      	cmp	r3, #84	@ 0x54
 8003f24:	d81d      	bhi.n	8003f62 <_free_r+0x1ae>
 8003f26:	0b0b      	lsrs	r3, r1, #12
 8003f28:	f103 006f 	add.w	r0, r3, #111	@ 0x6f
 8003f2c:	f103 026e 	add.w	r2, r3, #110	@ 0x6e
 8003f30:	00c3      	lsls	r3, r0, #3
 8003f32:	e7a6      	b.n	8003e82 <_free_r+0xce>
 8003f34:	f103 005c 	add.w	r0, r3, #92	@ 0x5c
 8003f38:	f103 025b 	add.w	r2, r3, #91	@ 0x5b
 8003f3c:	00c3      	lsls	r3, r0, #3
 8003f3e:	e7a0      	b.n	8003e82 <_free_r+0xce>
 8003f40:	f041 0301 	orr.w	r3, r1, #1
 8003f44:	e9c7 5504 	strd	r5, r5, [r7, #16]
 8003f48:	e9c5 cc02 	strd	ip, ip, [r5, #8]
 8003f4c:	606b      	str	r3, [r5, #4]
 8003f4e:	5069      	str	r1, [r5, r1]
 8003f50:	e77b      	b.n	8003e4a <_free_r+0x96>
 8003f52:	6879      	ldr	r1, [r7, #4]
 8003f54:	1092      	asrs	r2, r2, #2
 8003f56:	2401      	movs	r4, #1
 8003f58:	fa04 f202 	lsl.w	r2, r4, r2
 8003f5c:	430a      	orrs	r2, r1
 8003f5e:	607a      	str	r2, [r7, #4]
 8003f60:	e79e      	b.n	8003ea0 <_free_r+0xec>
 8003f62:	f5b3 7faa 	cmp.w	r3, #340	@ 0x154
 8003f66:	d806      	bhi.n	8003f76 <_free_r+0x1c2>
 8003f68:	0bcb      	lsrs	r3, r1, #15
 8003f6a:	f103 0078 	add.w	r0, r3, #120	@ 0x78
 8003f6e:	f103 0277 	add.w	r2, r3, #119	@ 0x77
 8003f72:	00c3      	lsls	r3, r0, #3
 8003f74:	e785      	b.n	8003e82 <_free_r+0xce>
 8003f76:	f240 5254 	movw	r2, #1364	@ 0x554
 8003f7a:	4293      	cmp	r3, r2
 8003f7c:	d806      	bhi.n	8003f8c <_free_r+0x1d8>
 8003f7e:	0c8b      	lsrs	r3, r1, #18
 8003f80:	f103 007d 	add.w	r0, r3, #125	@ 0x7d
 8003f84:	f103 027c 	add.w	r2, r3, #124	@ 0x7c
 8003f88:	00c3      	lsls	r3, r0, #3
 8003f8a:	e77a      	b.n	8003e82 <_free_r+0xce>
 8003f8c:	f44f 737e 	mov.w	r3, #1016	@ 0x3f8
 8003f90:	227e      	movs	r2, #126	@ 0x7e
 8003f92:	e776      	b.n	8003e82 <_free_r+0xce>
 8003f94:	f041 0301 	orr.w	r3, r1, #1
 8003f98:	606b      	str	r3, [r5, #4]
 8003f9a:	6001      	str	r1, [r0, #0]
 8003f9c:	e755      	b.n	8003e4a <_free_r+0x96>
 8003f9e:	bf00      	nop
 8003fa0:	20000138 	.word	0x20000138
 8003fa4:	20000544 	.word	0x20000544
 8003fa8:	200007f8 	.word	0x200007f8

08003fac <_fclose_r>:
 8003fac:	b570      	push	{r4, r5, r6, lr}
 8003fae:	b139      	cbz	r1, 8003fc0 <_fclose_r+0x14>
 8003fb0:	4606      	mov	r6, r0
 8003fb2:	460c      	mov	r4, r1
 8003fb4:	b108      	cbz	r0, 8003fba <_fclose_r+0xe>
 8003fb6:	6b43      	ldr	r3, [r0, #52]	@ 0x34
 8003fb8:	b383      	cbz	r3, 800401c <_fclose_r+0x70>
 8003fba:	f9b4 300c 	ldrsh.w	r3, [r4, #12]
 8003fbe:	b913      	cbnz	r3, 8003fc6 <_fclose_r+0x1a>
 8003fc0:	2500      	movs	r5, #0
 8003fc2:	4628      	mov	r0, r5
 8003fc4:	bd70      	pop	{r4, r5, r6, pc}
 8003fc6:	4621      	mov	r1, r4
 8003fc8:	4630      	mov	r0, r6
 8003fca:	f7fe fa61 	bl	8002490 <__sflush_r>
 8003fce:	6ae3      	ldr	r3, [r4, #44]	@ 0x2c
 8003fd0:	4605      	mov	r5, r0
 8003fd2:	b133      	cbz	r3, 8003fe2 <_fclose_r+0x36>
 8003fd4:	69e1      	ldr	r1, [r4, #28]
 8003fd6:	4630      	mov	r0, r6
 8003fd8:	4798      	blx	r3
 8003fda:	2800      	cmp	r0, #0
 8003fdc:	bfb8      	it	lt
 8003fde:	f04f 35ff 	movlt.w	r5, #4294967295	@ 0xffffffff
 8003fe2:	89a3      	ldrh	r3, [r4, #12]
 8003fe4:	061b      	lsls	r3, r3, #24
 8003fe6:	d41c      	bmi.n	8004022 <_fclose_r+0x76>
 8003fe8:	6b21      	ldr	r1, [r4, #48]	@ 0x30
 8003fea:	b141      	cbz	r1, 8003ffe <_fclose_r+0x52>
 8003fec:	f104 0340 	add.w	r3, r4, #64	@ 0x40
 8003ff0:	4299      	cmp	r1, r3
 8003ff2:	d002      	beq.n	8003ffa <_fclose_r+0x4e>
 8003ff4:	4630      	mov	r0, r6
 8003ff6:	f7ff fedd 	bl	8003db4 <_free_r>
 8003ffa:	2300      	movs	r3, #0
 8003ffc:	6323      	str	r3, [r4, #48]	@ 0x30
 8003ffe:	6c61      	ldr	r1, [r4, #68]	@ 0x44
 8004000:	b121      	cbz	r1, 800400c <_fclose_r+0x60>
 8004002:	4630      	mov	r0, r6
 8004004:	f7ff fed6 	bl	8003db4 <_free_r>
 8004008:	2300      	movs	r3, #0
 800400a:	6463      	str	r3, [r4, #68]	@ 0x44
 800400c:	f7fc fd2c 	bl	8000a68 <__sfp_lock_acquire>
 8004010:	2300      	movs	r3, #0
 8004012:	81a3      	strh	r3, [r4, #12]
 8004014:	f7fc fd2a 	bl	8000a6c <__sfp_lock_release>
 8004018:	4628      	mov	r0, r5
 800401a:	bd70      	pop	{r4, r5, r6, pc}
 800401c:	f7fc fd14 	bl	8000a48 <__sinit>
 8004020:	e7cb      	b.n	8003fba <_fclose_r+0xe>
 8004022:	6921      	ldr	r1, [r4, #16]
 8004024:	4630      	mov	r0, r6
 8004026:	f7ff fec5 	bl	8003db4 <_free_r>
 800402a:	e7dd      	b.n	8003fe8 <_fclose_r+0x3c>

0800402c <fclose>:
 800402c:	4b02      	ldr	r3, [pc, #8]	@ (8004038 <fclose+0xc>)
 800402e:	4601      	mov	r1, r0
 8004030:	6818      	ldr	r0, [r3, #0]
 8004032:	f7ff bfbb 	b.w	8003fac <_fclose_r>
 8004036:	bf00      	nop
 8004038:	20000000 	.word	0x20000000

0800403c <memcpy>:
 800403c:	4684      	mov	ip, r0
 800403e:	ea41 0300 	orr.w	r3, r1, r0
 8004042:	f013 0303 	ands.w	r3, r3, #3
 8004046:	d16d      	bne.n	8004124 <memcpy+0xe8>
 8004048:	3a40      	subs	r2, #64	@ 0x40
 800404a:	d341      	bcc.n	80040d0 <memcpy+0x94>
 800404c:	f851 3b04 	ldr.w	r3, [r1], #4
 8004050:	f840 3b04 	str.w	r3, [r0], #4
 8004054:	f851 3b04 	ldr.w	r3, [r1], #4
 8004058:	f840 3b04 	str.w	r3, [r0], #4
 800405c:	f851 3b04 	ldr.w	r3, [r1], #4
 8004060:	f840 3b04 	str.w	r3, [r0], #4
 8004064:	f851 3b04 	ldr.w	r3, [r1], #4
 8004068:	f840 3b04 	str.w	r3, [r0], #4
 800406c:	f851 3b04 	ldr.w	r3, [r1], #4
 8004070:	f840 3b04 	str.w	r3, [r0], #4
 8004074:	f851 3b04 	ldr.w	r3, [r1], #4
 8004078:	f840 3b04 	str.w	r3, [r0], #4
 800407c:	f851 3b04 	ldr.w	r3, [r1], #4
 8004080:	f840 3b04 	str.w	r3, [r0], #4
 8004084:	f851 3b04 	ldr.w	r3, [r1], #4
 8004088:	f840 3b04 	str.w	r3, [r0], #4
 800408c:	f851 3b04 	ldr.w	r3, [r1], #4
 8004090:	f840 3b04 	str.w	r3, [r0], #4
 8004094:	f851 3b04 	ldr.w	r3, [r1], #4
 8004098:	f840 3b04 	str.w	r3, [r0], #4
 800409c:	f851 3b04 	ldr.w	r3, [r1], #4
 80040a0:	f840 3b04 	str.w	r3, [r0], #4
 80040a4:	f851 3b04 	ldr.w	r3, [r1], #4
 80040a8:	f840 3b04 	str.w	r3, [r0], #4
 80040ac:	f851 3b04 	ldr.w	r3, [r1], #4
 80040b0:	f840 3b04 	str.w	r3, [r0], #4
 80040b4:	f851 3b04 	ldr.w	r3, [r1], #4
 80040b8:	f840 3b04 	str.w	r3, [r0], #4
 80040bc:	f851 3b04 	ldr.w	r3, [r1], #4
 80040c0:	f840 3b04 	str.w	r3, [r0], #4
 80040c4:	f851 3b04 	ldr.w	r3, [r1], #4
 80040c8:	f840 3b04 	str.w	r3, [r0], #4
 80040cc:	3a40      	subs	r2, #64	@ 0x40
 80040ce:	d2bd      	bcs.n	800404c <memcpy+0x10>
 80040d0:	3230      	adds	r2, #48	@ 0x30
 80040d2:	d311      	bcc.n	80040f8 <memcpy+0xbc>
 80040d4:	f851 3b04 	ldr.w	r3, [r1], #4
 80040d8:	f840 3b04 	str.w	r3, [r0], #4
 80040dc:	f851 3b04 	ldr.w	r3, [r1], #4
 80040e0:	f840 3b04 	str.w	r3, [r0], #4
 80040e4:	f851 3b04 	ldr.w	r3, [r1], #4
 80040e8:	f840 3b04 	str.w	r3, [r0], #4
 80040ec:	f851 3b04 	ldr.w	r3, [r1], #4
 80040f0:	f840 3b04 	str.w	r3, [r0], #4
 80040f4:	3a10      	subs	r2, #16
 80040f6:	d2ed      	bcs.n	80040d4 <memcpy+0x98>
 80040f8:	320c      	adds	r2, #12
 80040fa:	d305      	bcc.n	8004108 <memcpy+0xcc>
 80040fc:	f851 3b04 	ldr.w	r3, [r1], #4
 8004100:	f840 3b04 	str.w	r3, [r0], #4
 8004104:	3a04      	subs	r2, #4
 8004106:	d2f9      	bcs.n	80040fc <memcpy+0xc0>
 8004108:	3204      	adds	r2, #4
 800410a:	d008      	beq.n	800411e <memcpy+0xe2>
 800410c:	07d2      	lsls	r2, r2, #31
 800410e:	bf1c      	itt	ne
 8004110:	f811 3b01 	ldrbne.w	r3, [r1], #1
 8004114:	f800 3b01 	strbne.w	r3, [r0], #1
 8004118:	d301      	bcc.n	800411e <memcpy+0xe2>
 800411a:	880b      	ldrh	r3, [r1, #0]
 800411c:	8003      	strh	r3, [r0, #0]
 800411e:	4660      	mov	r0, ip
 8004120:	4770      	bx	lr
 8004122:	bf00      	nop
 8004124:	2a08      	cmp	r2, #8
 8004126:	d313      	bcc.n	8004150 <memcpy+0x114>
 8004128:	078b      	lsls	r3, r1, #30
 800412a:	d08d      	beq.n	8004048 <memcpy+0xc>
 800412c:	f010 0303 	ands.w	r3, r0, #3
 8004130:	d08a      	beq.n	8004048 <memcpy+0xc>
 8004132:	f1c3 0304 	rsb	r3, r3, #4
 8004136:	1ad2      	subs	r2, r2, r3
 8004138:	07db      	lsls	r3, r3, #31
 800413a:	bf1c      	itt	ne
 800413c:	f811 3b01 	ldrbne.w	r3, [r1], #1
 8004140:	f800 3b01 	strbne.w	r3, [r0], #1
 8004144:	d380      	bcc.n	8004048 <memcpy+0xc>
 8004146:	f831 3b02 	ldrh.w	r3, [r1], #2
 800414a:	f820 3b02 	strh.w	r3, [r0], #2
 800414e:	e77b      	b.n	8004048 <memcpy+0xc>
 8004150:	3a04      	subs	r2, #4
 8004152:	d3d9      	bcc.n	8004108 <memcpy+0xcc>
 8004154:	3a01      	subs	r2, #1
 8004156:	f811 3b01 	ldrb.w	r3, [r1], #1
 800415a:	f800 3b01 	strb.w	r3, [r0], #1
 800415e:	d2f9      	bcs.n	8004154 <memcpy+0x118>
 8004160:	780b      	ldrb	r3, [r1, #0]
 8004162:	7003      	strb	r3, [r0, #0]
 8004164:	784b      	ldrb	r3, [r1, #1]
 8004166:	7043      	strb	r3, [r0, #1]
 8004168:	788b      	ldrb	r3, [r1, #2]
 800416a:	7083      	strb	r3, [r0, #2]
 800416c:	4660      	mov	r0, ip
 800416e:	4770      	bx	lr

08004170 <sysconf>:
 8004170:	2808      	cmp	r0, #8
 8004172:	d102      	bne.n	800417a <sysconf+0xa>
 8004174:	f44f 5080 	mov.w	r0, #4096	@ 0x1000
 8004178:	4770      	bx	lr
 800417a:	b508      	push	{r3, lr}
 800417c:	f7fc fb4c 	bl	8000818 <__errno>
 8004180:	2316      	movs	r3, #22
 8004182:	6003      	str	r3, [r0, #0]
 8004184:	f04f 30ff 	mov.w	r0, #4294967295	@ 0xffffffff
 8004188:	bd08      	pop	{r3, pc}
 800418a:	bf00      	nop

0800418c <__sread>:
 800418c:	b510      	push	{r4, lr}
 800418e:	460c      	mov	r4, r1
 8004190:	f9b1 100e 	ldrsh.w	r1, [r1, #14]
 8004194:	f001 fa62 	bl	800565c <_read_r>
 8004198:	2800      	cmp	r0, #0
 800419a:	db03      	blt.n	80041a4 <__sread+0x18>
 800419c:	6d23      	ldr	r3, [r4, #80]	@ 0x50
 800419e:	4403      	add	r3, r0
 80041a0:	6523      	str	r3, [r4, #80]	@ 0x50
 80041a2:	bd10      	pop	{r4, pc}
 80041a4:	89a3      	ldrh	r3, [r4, #12]
 80041a6:	f423 5380 	bic.w	r3, r3, #4096	@ 0x1000
 80041aa:	81a3      	strh	r3, [r4, #12]
 80041ac:	bd10      	pop	{r4, pc}
 80041ae:	bf00      	nop

080041b0 <__seofread>:
 80041b0:	2000      	movs	r0, #0
 80041b2:	4770      	bx	lr

080041b4 <__swrite>:
 80041b4:	e92d 41f0 	stmdb	sp!, {r4, r5, r6, r7, r8, lr}
 80041b8:	460c      	mov	r4, r1
 80041ba:	f9b1 100c 	ldrsh.w	r1, [r1, #12]
 80041be:	461f      	mov	r7, r3
 80041c0:	05cb      	lsls	r3, r1, #23
 80041c2:	4605      	mov	r5, r0
 80041c4:	4616      	mov	r6, r2
 80041c6:	d40b      	bmi.n	80041e0 <__swrite+0x2c>
 80041c8:	f421 5180 	bic.w	r1, r1, #4096	@ 0x1000
 80041cc:	81a1      	strh	r1, [r4, #12]
 80041ce:	463b      	mov	r3, r7
 80041d0:	f9b4 100e 	ldrsh.w	r1, [r4, #14]
 80041d4:	4632      	mov	r2, r6
 80041d6:	4628      	mov	r0, r5
 80041d8:	e8bd 41f0 	ldmia.w	sp!, {r4, r5, r6, r7, r8, lr}
 80041dc:	f000 b9c2 	b.w	8004564 <_write_r>
 80041e0:	f9b4 100e 	ldrsh.w	r1, [r4, #14]
 80041e4:	2302      	movs	r3, #2
 80041e6:	2200      	movs	r2, #0
 80041e8:	f001 fa88 	bl	80056fc <_lseek_r>
 80041ec:	f9b4 100c 	ldrsh.w	r1, [r4, #12]
 80041f0:	e7ea      	b.n	80041c8 <__swrite+0x14>
 80041f2:	bf00      	nop

080041f4 <__sseek>:
 80041f4:	b510      	push	{r4, lr}
 80041f6:	460c      	mov	r4, r1
 80041f8:	f9b1 100e 	ldrsh.w	r1, [r1, #14]
 80041fc:	f001 fa7e 	bl	80056fc <_lseek_r>
 8004200:	f9b4 300c 	ldrsh.w	r3, [r4, #12]
 8004204:	1c42      	adds	r2, r0, #1
 8004206:	bf0e      	itee	eq
 8004208:	f423 5380 	biceq.w	r3, r3, #4096	@ 0x1000
 800420c:	f443 5380 	orrne.w	r3, r3, #4096	@ 0x1000
 8004210:	6520      	strne	r0, [r4, #80]	@ 0x50
 8004212:	81a3      	strh	r3, [r4, #12]
 8004214:	bd10      	pop	{r4, pc}
 8004216:	bf00      	nop

08004218 <__sclose>:
 8004218:	f9b1 100e 	ldrsh.w	r1, [r1, #14]
 800421c:	f000 b9ce 	b.w	80045bc <_close_r>

08004220 <_realloc_r>:
 8004220:	e92d 4ff8 	stmdb	sp!, {r3, r4, r5, r6, r7, r8, r9, sl, fp, lr}
 8004224:	4616      	mov	r6, r2
 8004226:	2900      	cmp	r1, #0
 8004228:	f000 8096 	beq.w	8004358 <_realloc_r+0x138>
 800422c:	460c      	mov	r4, r1
 800422e:	4680      	mov	r8, r0
 8004230:	f106 050b 	add.w	r5, r6, #11
 8004234:	f000 f9ac 	bl	8004590 <__malloc_lock>
 8004238:	f854 1c04 	ldr.w	r1, [r4, #-4]
 800423c:	2d16      	cmp	r5, #22
 800423e:	f1a4 0908 	sub.w	r9, r4, #8
 8004242:	f021 0703 	bic.w	r7, r1, #3
 8004246:	d858      	bhi.n	80042fa <_realloc_r+0xda>
 8004248:	2510      	movs	r5, #16
 800424a:	42ae      	cmp	r6, r5
 800424c:	d858      	bhi.n	8004300 <_realloc_r+0xe0>
 800424e:	42af      	cmp	r7, r5
 8004250:	da60      	bge.n	8004314 <_realloc_r+0xf4>
 8004252:	4bbe      	ldr	r3, [pc, #760]	@ (800454c <_realloc_r+0x32c>)
 8004254:	689a      	ldr	r2, [r3, #8]
 8004256:	eb09 0c07 	add.w	ip, r9, r7
 800425a:	4562      	cmp	r2, ip
 800425c:	f8dc 0004 	ldr.w	r0, [ip, #4]
 8004260:	f000 8090 	beq.w	8004384 <_realloc_r+0x164>
 8004264:	f020 0301 	bic.w	r3, r0, #1
 8004268:	4463      	add	r3, ip
 800426a:	685b      	ldr	r3, [r3, #4]
 800426c:	07db      	lsls	r3, r3, #31
 800426e:	d468      	bmi.n	8004342 <_realloc_r+0x122>
 8004270:	f020 0003 	bic.w	r0, r0, #3
 8004274:	183b      	adds	r3, r7, r0
 8004276:	429d      	cmp	r5, r3
 8004278:	dd47      	ble.n	800430a <_realloc_r+0xea>
 800427a:	07cb      	lsls	r3, r1, #31
 800427c:	d412      	bmi.n	80042a4 <_realloc_r+0x84>
 800427e:	f854 3c08 	ldr.w	r3, [r4, #-8]
 8004282:	eba9 0b03 	sub.w	fp, r9, r3
 8004286:	f8db 3004 	ldr.w	r3, [fp, #4]
 800428a:	f023 0203 	bic.w	r2, r3, #3
 800428e:	4410      	add	r0, r2
 8004290:	eb00 0a07 	add.w	sl, r0, r7
 8004294:	4555      	cmp	r5, sl
 8004296:	f340 80f6 	ble.w	8004486 <_realloc_r+0x266>
 800429a:	eb07 0a02 	add.w	sl, r7, r2
 800429e:	4555      	cmp	r5, sl
 80042a0:	f340 80cc 	ble.w	800443c <_realloc_r+0x21c>
 80042a4:	4631      	mov	r1, r6
 80042a6:	4640      	mov	r0, r8
 80042a8:	f7fe fa40 	bl	800272c <_malloc_r>
 80042ac:	4606      	mov	r6, r0
 80042ae:	2800      	cmp	r0, #0
 80042b0:	f000 8120 	beq.w	80044f4 <_realloc_r+0x2d4>
 80042b4:	f854 3c04 	ldr.w	r3, [r4, #-4]
 80042b8:	f023 0301 	bic.w	r3, r3, #1
 80042bc:	444b      	add	r3, r9
 80042be:	f1a0 0208 	sub.w	r2, r0, #8
 80042c2:	4293      	cmp	r3, r2
 80042c4:	f000 80b4 	beq.w	8004430 <_realloc_r+0x210>
 80042c8:	1f3a      	subs	r2, r7, #4
 80042ca:	2a24      	cmp	r2, #36	@ 0x24
 80042cc:	f200 80d7 	bhi.w	800447e <_realloc_r+0x25e>
 80042d0:	2a13      	cmp	r2, #19
 80042d2:	f200 80a2 	bhi.w	800441a <_realloc_r+0x1fa>
 80042d6:	4603      	mov	r3, r0
 80042d8:	4622      	mov	r2, r4
 80042da:	6811      	ldr	r1, [r2, #0]
 80042dc:	6019      	str	r1, [r3, #0]
 80042de:	6851      	ldr	r1, [r2, #4]
 80042e0:	6059      	str	r1, [r3, #4]
 80042e2:	6892      	ldr	r2, [r2, #8]
 80042e4:	609a      	str	r2, [r3, #8]
 80042e6:	4621      	mov	r1, r4
 80042e8:	4640      	mov	r0, r8
 80042ea:	f7ff fd63 	bl	8003db4 <_free_r>
 80042ee:	4640      	mov	r0, r8
 80042f0:	f000 f950 	bl	8004594 <__malloc_unlock>
 80042f4:	4630      	mov	r0, r6
 80042f6:	e8bd 8ff8 	ldmia.w	sp!, {r3, r4, r5, r6, r7, r8, r9, sl, fp, pc}
 80042fa:	f035 0507 	bics.w	r5, r5, #7
 80042fe:	d5a4      	bpl.n	800424a <_realloc_r+0x2a>
 8004300:	230c      	movs	r3, #12
 8004302:	f8c8 3000 	str.w	r3, [r8]
 8004306:	2600      	movs	r6, #0
 8004308:	e018      	b.n	800433c <_realloc_r+0x11c>
 800430a:	461f      	mov	r7, r3
 800430c:	e9dc 2302 	ldrd	r2, r3, [ip, #8]
 8004310:	60d3      	str	r3, [r2, #12]
 8004312:	609a      	str	r2, [r3, #8]
 8004314:	f8d9 3004 	ldr.w	r3, [r9, #4]
 8004318:	1b7a      	subs	r2, r7, r5
 800431a:	2a0f      	cmp	r2, #15
 800431c:	f003 0301 	and.w	r3, r3, #1
 8004320:	eb09 0007 	add.w	r0, r9, r7
 8004324:	d81d      	bhi.n	8004362 <_realloc_r+0x142>
 8004326:	433b      	orrs	r3, r7
 8004328:	f8c9 3004 	str.w	r3, [r9, #4]
 800432c:	6843      	ldr	r3, [r0, #4]
 800432e:	f043 0301 	orr.w	r3, r3, #1
 8004332:	6043      	str	r3, [r0, #4]
 8004334:	4640      	mov	r0, r8
 8004336:	f000 f92d 	bl	8004594 <__malloc_unlock>
 800433a:	4626      	mov	r6, r4
 800433c:	4630      	mov	r0, r6
 800433e:	e8bd 8ff8 	ldmia.w	sp!, {r3, r4, r5, r6, r7, r8, r9, sl, fp, pc}
 8004342:	07c9      	lsls	r1, r1, #31
 8004344:	d4ae      	bmi.n	80042a4 <_realloc_r+0x84>
 8004346:	f854 3c08 	ldr.w	r3, [r4, #-8]
 800434a:	eba9 0b03 	sub.w	fp, r9, r3
 800434e:	f8db 3004 	ldr.w	r3, [fp, #4]
 8004352:	f023 0203 	bic.w	r2, r3, #3
 8004356:	e7a0      	b.n	800429a <_realloc_r+0x7a>
 8004358:	e8bd 4ff8 	ldmia.w	sp!, {r3, r4, r5, r6, r7, r8, r9, sl, fp, lr}
 800435c:	4611      	mov	r1, r2
 800435e:	f7fe b9e5 	b.w	800272c <_malloc_r>
 8004362:	eb09 0105 	add.w	r1, r9, r5
 8004366:	432b      	orrs	r3, r5
 8004368:	f042 0201 	orr.w	r2, r2, #1
 800436c:	f8c9 3004 	str.w	r3, [r9, #4]
 8004370:	604a      	str	r2, [r1, #4]
 8004372:	6843      	ldr	r3, [r0, #4]
 8004374:	f043 0301 	orr.w	r3, r3, #1
 8004378:	6043      	str	r3, [r0, #4]
 800437a:	3108      	adds	r1, #8
 800437c:	4640      	mov	r0, r8
 800437e:	f7ff fd19 	bl	8003db4 <_free_r>
 8004382:	e7d7      	b.n	8004334 <_realloc_r+0x114>
 8004384:	f020 0003 	bic.w	r0, r0, #3
 8004388:	19c2      	adds	r2, r0, r7
 800438a:	f105 0c10 	add.w	ip, r5, #16
 800438e:	4562      	cmp	r2, ip
 8004390:	f280 8091 	bge.w	80044b6 <_realloc_r+0x296>
 8004394:	07ca      	lsls	r2, r1, #31
 8004396:	d485      	bmi.n	80042a4 <_realloc_r+0x84>
 8004398:	f854 2c08 	ldr.w	r2, [r4, #-8]
 800439c:	eba9 0b02 	sub.w	fp, r9, r2
 80043a0:	f8db 2004 	ldr.w	r2, [fp, #4]
 80043a4:	f022 0203 	bic.w	r2, r2, #3
 80043a8:	4410      	add	r0, r2
 80043aa:	eb00 0a07 	add.w	sl, r0, r7
 80043ae:	45d4      	cmp	ip, sl
 80043b0:	f73f af73 	bgt.w	800429a <_realloc_r+0x7a>
 80043b4:	465e      	mov	r6, fp
 80043b6:	f8db 100c 	ldr.w	r1, [fp, #12]
 80043ba:	f856 0f08 	ldr.w	r0, [r6, #8]!
 80043be:	1f3a      	subs	r2, r7, #4
 80043c0:	2a24      	cmp	r2, #36	@ 0x24
 80043c2:	60c1      	str	r1, [r0, #12]
 80043c4:	6088      	str	r0, [r1, #8]
 80043c6:	f200 80ae 	bhi.w	8004526 <_realloc_r+0x306>
 80043ca:	2a13      	cmp	r2, #19
 80043cc:	f240 80a9 	bls.w	8004522 <_realloc_r+0x302>
 80043d0:	6821      	ldr	r1, [r4, #0]
 80043d2:	f8cb 1008 	str.w	r1, [fp, #8]
 80043d6:	6861      	ldr	r1, [r4, #4]
 80043d8:	f8cb 100c 	str.w	r1, [fp, #12]
 80043dc:	2a1b      	cmp	r2, #27
 80043de:	f200 80a8 	bhi.w	8004532 <_realloc_r+0x312>
 80043e2:	3408      	adds	r4, #8
 80043e4:	f10b 0210 	add.w	r2, fp, #16
 80043e8:	6821      	ldr	r1, [r4, #0]
 80043ea:	6011      	str	r1, [r2, #0]
 80043ec:	6861      	ldr	r1, [r4, #4]
 80043ee:	6051      	str	r1, [r2, #4]
 80043f0:	68a1      	ldr	r1, [r4, #8]
 80043f2:	6091      	str	r1, [r2, #8]
 80043f4:	eb0b 0105 	add.w	r1, fp, r5
 80043f8:	ebaa 0205 	sub.w	r2, sl, r5
 80043fc:	f042 0201 	orr.w	r2, r2, #1
 8004400:	6099      	str	r1, [r3, #8]
 8004402:	604a      	str	r2, [r1, #4]
 8004404:	f8db 3004 	ldr.w	r3, [fp, #4]
 8004408:	f003 0301 	and.w	r3, r3, #1
 800440c:	432b      	orrs	r3, r5
 800440e:	4640      	mov	r0, r8
 8004410:	f8cb 3004 	str.w	r3, [fp, #4]
 8004414:	f000 f8be 	bl	8004594 <__malloc_unlock>
 8004418:	e790      	b.n	800433c <_realloc_r+0x11c>
 800441a:	6823      	ldr	r3, [r4, #0]
 800441c:	6003      	str	r3, [r0, #0]
 800441e:	6863      	ldr	r3, [r4, #4]
 8004420:	6043      	str	r3, [r0, #4]
 8004422:	2a1b      	cmp	r2, #27
 8004424:	d83c      	bhi.n	80044a0 <_realloc_r+0x280>
 8004426:	f104 0208 	add.w	r2, r4, #8
 800442a:	f100 0308 	add.w	r3, r0, #8
 800442e:	e754      	b.n	80042da <_realloc_r+0xba>
 8004430:	f850 3c04 	ldr.w	r3, [r0, #-4]
 8004434:	f023 0303 	bic.w	r3, r3, #3
 8004438:	441f      	add	r7, r3
 800443a:	e76b      	b.n	8004314 <_realloc_r+0xf4>
 800443c:	1f3a      	subs	r2, r7, #4
 800443e:	465e      	mov	r6, fp
 8004440:	f8db 300c 	ldr.w	r3, [fp, #12]
 8004444:	f856 1f08 	ldr.w	r1, [r6, #8]!
 8004448:	2a24      	cmp	r2, #36	@ 0x24
 800444a:	60cb      	str	r3, [r1, #12]
 800444c:	6099      	str	r1, [r3, #8]
 800444e:	d822      	bhi.n	8004496 <_realloc_r+0x276>
 8004450:	2a13      	cmp	r2, #19
 8004452:	d91e      	bls.n	8004492 <_realloc_r+0x272>
 8004454:	6823      	ldr	r3, [r4, #0]
 8004456:	f8cb 3008 	str.w	r3, [fp, #8]
 800445a:	6863      	ldr	r3, [r4, #4]
 800445c:	f8cb 300c 	str.w	r3, [fp, #12]
 8004460:	2a1b      	cmp	r2, #27
 8004462:	d83b      	bhi.n	80044dc <_realloc_r+0x2bc>
 8004464:	3408      	adds	r4, #8
 8004466:	f10b 0310 	add.w	r3, fp, #16
 800446a:	6822      	ldr	r2, [r4, #0]
 800446c:	601a      	str	r2, [r3, #0]
 800446e:	6862      	ldr	r2, [r4, #4]
 8004470:	605a      	str	r2, [r3, #4]
 8004472:	68a2      	ldr	r2, [r4, #8]
 8004474:	609a      	str	r2, [r3, #8]
 8004476:	4634      	mov	r4, r6
 8004478:	4657      	mov	r7, sl
 800447a:	46d9      	mov	r9, fp
 800447c:	e74a      	b.n	8004314 <_realloc_r+0xf4>
 800447e:	4621      	mov	r1, r4
 8004480:	f7fe f8d4 	bl	800262c <memmove>
 8004484:	e72f      	b.n	80042e6 <_realloc_r+0xc6>
 8004486:	e9dc 1302 	ldrd	r1, r3, [ip, #8]
 800448a:	1f3a      	subs	r2, r7, #4
 800448c:	60cb      	str	r3, [r1, #12]
 800448e:	6099      	str	r1, [r3, #8]
 8004490:	e7d5      	b.n	800443e <_realloc_r+0x21e>
 8004492:	4633      	mov	r3, r6
 8004494:	e7e9      	b.n	800446a <_realloc_r+0x24a>
 8004496:	4621      	mov	r1, r4
 8004498:	4630      	mov	r0, r6
 800449a:	f7fe f8c7 	bl	800262c <memmove>
 800449e:	e7ea      	b.n	8004476 <_realloc_r+0x256>
 80044a0:	68a3      	ldr	r3, [r4, #8]
 80044a2:	6083      	str	r3, [r0, #8]
 80044a4:	68e3      	ldr	r3, [r4, #12]
 80044a6:	60c3      	str	r3, [r0, #12]
 80044a8:	2a24      	cmp	r2, #36	@ 0x24
 80044aa:	d027      	beq.n	80044fc <_realloc_r+0x2dc>
 80044ac:	f104 0210 	add.w	r2, r4, #16
 80044b0:	f100 0310 	add.w	r3, r0, #16
 80044b4:	e711      	b.n	80042da <_realloc_r+0xba>
 80044b6:	eb09 0105 	add.w	r1, r9, r5
 80044ba:	6099      	str	r1, [r3, #8]
 80044bc:	1b53      	subs	r3, r2, r5
 80044be:	f043 0301 	orr.w	r3, r3, #1
 80044c2:	604b      	str	r3, [r1, #4]
 80044c4:	f854 3c04 	ldr.w	r3, [r4, #-4]
 80044c8:	f003 0301 	and.w	r3, r3, #1
 80044cc:	432b      	orrs	r3, r5
 80044ce:	4640      	mov	r0, r8
 80044d0:	f844 3c04 	str.w	r3, [r4, #-4]
 80044d4:	f000 f85e 	bl	8004594 <__malloc_unlock>
 80044d8:	4626      	mov	r6, r4
 80044da:	e72f      	b.n	800433c <_realloc_r+0x11c>
 80044dc:	68a3      	ldr	r3, [r4, #8]
 80044de:	f8cb 3010 	str.w	r3, [fp, #16]
 80044e2:	68e3      	ldr	r3, [r4, #12]
 80044e4:	f8cb 3014 	str.w	r3, [fp, #20]
 80044e8:	2a24      	cmp	r2, #36	@ 0x24
 80044ea:	d010      	beq.n	800450e <_realloc_r+0x2ee>
 80044ec:	3410      	adds	r4, #16
 80044ee:	f10b 0318 	add.w	r3, fp, #24
 80044f2:	e7ba      	b.n	800446a <_realloc_r+0x24a>
 80044f4:	4640      	mov	r0, r8
 80044f6:	f000 f84d 	bl	8004594 <__malloc_unlock>
 80044fa:	e704      	b.n	8004306 <_realloc_r+0xe6>
 80044fc:	6923      	ldr	r3, [r4, #16]
 80044fe:	6103      	str	r3, [r0, #16]
 8004500:	6961      	ldr	r1, [r4, #20]
 8004502:	6141      	str	r1, [r0, #20]
 8004504:	f104 0218 	add.w	r2, r4, #24
 8004508:	f100 0318 	add.w	r3, r0, #24
 800450c:	e6e5      	b.n	80042da <_realloc_r+0xba>
 800450e:	6923      	ldr	r3, [r4, #16]
 8004510:	f8cb 3018 	str.w	r3, [fp, #24]
 8004514:	6963      	ldr	r3, [r4, #20]
 8004516:	f8cb 301c 	str.w	r3, [fp, #28]
 800451a:	3418      	adds	r4, #24
 800451c:	f10b 0320 	add.w	r3, fp, #32
 8004520:	e7a3      	b.n	800446a <_realloc_r+0x24a>
 8004522:	4632      	mov	r2, r6
 8004524:	e760      	b.n	80043e8 <_realloc_r+0x1c8>
 8004526:	4621      	mov	r1, r4
 8004528:	4630      	mov	r0, r6
 800452a:	f7fe f87f 	bl	800262c <memmove>
 800452e:	4b07      	ldr	r3, [pc, #28]	@ (800454c <_realloc_r+0x32c>)
 8004530:	e760      	b.n	80043f4 <_realloc_r+0x1d4>
 8004532:	68a1      	ldr	r1, [r4, #8]
 8004534:	f8cb 1010 	str.w	r1, [fp, #16]
 8004538:	68e1      	ldr	r1, [r4, #12]
 800453a:	f8cb 1014 	str.w	r1, [fp, #20]
 800453e:	2a24      	cmp	r2, #36	@ 0x24
 8004540:	d006      	beq.n	8004550 <_realloc_r+0x330>
 8004542:	3410      	adds	r4, #16
 8004544:	f10b 0218 	add.w	r2, fp, #24
 8004548:	e74e      	b.n	80043e8 <_realloc_r+0x1c8>
 800454a:	bf00      	nop
 800454c:	20000138 	.word	0x20000138
 8004550:	6922      	ldr	r2, [r4, #16]
 8004552:	f8cb 2018 	str.w	r2, [fp, #24]
 8004556:	6962      	ldr	r2, [r4, #20]
 8004558:	f8cb 201c 	str.w	r2, [fp, #28]
 800455c:	3418      	adds	r4, #24
 800455e:	f10b 0220 	add.w	r2, fp, #32
 8004562:	e741      	b.n	80043e8 <_realloc_r+0x1c8>

08004564 <_write_r>:
 8004564:	b538      	push	{r3, r4, r5, lr}
 8004566:	460c      	mov	r4, r1
 8004568:	4d08      	ldr	r5, [pc, #32]	@ (800458c <_write_r+0x28>)
 800456a:	4684      	mov	ip, r0
 800456c:	4611      	mov	r1, r2
 800456e:	4620      	mov	r0, r4
 8004570:	461a      	mov	r2, r3
 8004572:	2300      	movs	r3, #0
 8004574:	602b      	str	r3, [r5, #0]
 8004576:	4664      	mov	r4, ip
 8004578:	f002 fe22 	bl	80071c0 <_write>
 800457c:	1c43      	adds	r3, r0, #1
 800457e:	d000      	beq.n	8004582 <_write_r+0x1e>
 8004580:	bd38      	pop	{r3, r4, r5, pc}
 8004582:	682b      	ldr	r3, [r5, #0]
 8004584:	2b00      	cmp	r3, #0
 8004586:	d0fb      	beq.n	8004580 <_write_r+0x1c>
 8004588:	6023      	str	r3, [r4, #0]
 800458a:	bd38      	pop	{r3, r4, r5, pc}
 800458c:	20000830 	.word	0x20000830

08004590 <__malloc_lock>:
 8004590:	4770      	bx	lr
 8004592:	bf00      	nop

08004594 <__malloc_unlock>:
 8004594:	4770      	bx	lr
 8004596:	bf00      	nop

08004598 <_sbrk_r>:
 8004598:	b538      	push	{r3, r4, r5, lr}
 800459a:	4d07      	ldr	r5, [pc, #28]	@ (80045b8 <_sbrk_r+0x20>)
 800459c:	2200      	movs	r2, #0
 800459e:	4604      	mov	r4, r0
 80045a0:	4608      	mov	r0, r1
 80045a2:	602a      	str	r2, [r5, #0]
 80045a4:	f7fc f89a 	bl	80006dc <_sbrk>
 80045a8:	1c43      	adds	r3, r0, #1
 80045aa:	d000      	beq.n	80045ae <_sbrk_r+0x16>
 80045ac:	bd38      	pop	{r3, r4, r5, pc}
 80045ae:	682b      	ldr	r3, [r5, #0]
 80045b0:	2b00      	cmp	r3, #0
 80045b2:	d0fb      	beq.n	80045ac <_sbrk_r+0x14>
 80045b4:	6023      	str	r3, [r4, #0]
 80045b6:	bd38      	pop	{r3, r4, r5, pc}
 80045b8:	20000830 	.word	0x20000830

080045bc <_close_r>:
 80045bc:	b538      	push	{r3, r4, r5, lr}
 80045be:	4d07      	ldr	r5, [pc, #28]	@ (80045dc <_close_r+0x20>)
 80045c0:	2200      	movs	r2, #0
 80045c2:	4604      	mov	r4, r0
 80045c4:	4608      	mov	r0, r1
 80045c6:	602a      	str	r2, [r5, #0]
 80045c8:	f002 fdc2 	bl	8007150 <_close>
 80045cc:	1c43      	adds	r3, r0, #1
 80045ce:	d000      	beq.n	80045d2 <_close_r+0x16>
 80045d0:	bd38      	pop	{r3, r4, r5, pc}
 80045d2:	682b      	ldr	r3, [r5, #0]
 80045d4:	2b00      	cmp	r3, #0
 80045d6:	d0fb      	beq.n	80045d0 <_close_r+0x14>
 80045d8:	6023      	str	r3, [r4, #0]
 80045da:	bd38      	pop	{r3, r4, r5, pc}
 80045dc:	20000830 	.word	0x20000830

080045e0 <__sprint_r>:
 80045e0:	6893      	ldr	r3, [r2, #8]
 80045e2:	b510      	push	{r4, lr}
 80045e4:	4614      	mov	r4, r2
 80045e6:	b91b      	cbnz	r3, 80045f0 <__sprint_r+0x10>
 80045e8:	4618      	mov	r0, r3
 80045ea:	2300      	movs	r3, #0
 80045ec:	6063      	str	r3, [r4, #4]
 80045ee:	bd10      	pop	{r4, pc}
 80045f0:	f7fc fa90 	bl	8000b14 <__sfvwrite_r>
 80045f4:	2300      	movs	r3, #0
 80045f6:	60a3      	str	r3, [r4, #8]
 80045f8:	2300      	movs	r3, #0
 80045fa:	6063      	str	r3, [r4, #4]
 80045fc:	bd10      	pop	{r4, pc}
 80045fe:	bf00      	nop

08004600 <__assert_func>:
 8004600:	b500      	push	{lr}
 8004602:	4c0b      	ldr	r4, [pc, #44]	@ (8004630 <__assert_func+0x30>)
 8004604:	6825      	ldr	r5, [r4, #0]
 8004606:	4614      	mov	r4, r2
 8004608:	68ee      	ldr	r6, [r5, #12]
 800460a:	461a      	mov	r2, r3
 800460c:	b085      	sub	sp, #20
 800460e:	4603      	mov	r3, r0
 8004610:	460d      	mov	r5, r1
 8004612:	b14c      	cbz	r4, 8004628 <__assert_func+0x28>
 8004614:	4907      	ldr	r1, [pc, #28]	@ (8004634 <__assert_func+0x34>)
 8004616:	9500      	str	r5, [sp, #0]
 8004618:	e9cd 1401 	strd	r1, r4, [sp, #4]
 800461c:	4630      	mov	r0, r6
 800461e:	4906      	ldr	r1, [pc, #24]	@ (8004638 <__assert_func+0x38>)
 8004620:	f001 f840 	bl	80056a4 <fiprintf>
 8004624:	f000 ffdc 	bl	80055e0 <abort>
 8004628:	4904      	ldr	r1, [pc, #16]	@ (800463c <__assert_func+0x3c>)
 800462a:	460c      	mov	r4, r1
 800462c:	e7f3      	b.n	8004616 <__assert_func+0x16>
 800462e:	bf00      	nop
 8004630:	20000000 	.word	0x20000000
 8004634:	080073b8 	.word	0x080073b8
 8004638:	080073c8 	.word	0x080073c8
 800463c:	08007218 	.word	0x08007218

08004640 <__assert>:
 8004640:	b508      	push	{r3, lr}
 8004642:	4613      	mov	r3, r2
 8004644:	2200      	movs	r2, #0
 8004646:	f7ff ffdb 	bl	8004600 <__assert_func>
 800464a:	bf00      	nop

0800464c <_Balloc>:
 800464c:	6c43      	ldr	r3, [r0, #68]	@ 0x44
 800464e:	b570      	push	{r4, r5, r6, lr}
 8004650:	4605      	mov	r5, r0
 8004652:	460c      	mov	r4, r1
 8004654:	b14b      	cbz	r3, 800466a <_Balloc+0x1e>
 8004656:	f853 0024 	ldr.w	r0, [r3, r4, lsl #2]
 800465a:	b180      	cbz	r0, 800467e <_Balloc+0x32>
 800465c:	6802      	ldr	r2, [r0, #0]
 800465e:	f843 2024 	str.w	r2, [r3, r4, lsl #2]
 8004662:	2300      	movs	r3, #0
 8004664:	e9c0 3303 	strd	r3, r3, [r0, #12]
 8004668:	bd70      	pop	{r4, r5, r6, pc}
 800466a:	2221      	movs	r2, #33	@ 0x21
 800466c:	2104      	movs	r1, #4
 800466e:	f000 ffbf 	bl	80055f0 <_calloc_r>
 8004672:	4603      	mov	r3, r0
 8004674:	6468      	str	r0, [r5, #68]	@ 0x44
 8004676:	2800      	cmp	r0, #0
 8004678:	d1ed      	bne.n	8004656 <_Balloc+0xa>
 800467a:	2000      	movs	r0, #0
 800467c:	bd70      	pop	{r4, r5, r6, pc}
 800467e:	2101      	movs	r1, #1
 8004680:	fa01 f604 	lsl.w	r6, r1, r4
 8004684:	1d72      	adds	r2, r6, #5
 8004686:	0092      	lsls	r2, r2, #2
 8004688:	4628      	mov	r0, r5
 800468a:	f000 ffb1 	bl	80055f0 <_calloc_r>
 800468e:	2800      	cmp	r0, #0
 8004690:	d0f3      	beq.n	800467a <_Balloc+0x2e>
 8004692:	e9c0 4601 	strd	r4, r6, [r0, #4]
 8004696:	e7e4      	b.n	8004662 <_Balloc+0x16>

08004698 <_Bfree>:
 8004698:	b131      	cbz	r1, 80046a8 <_Bfree+0x10>
 800469a:	6c43      	ldr	r3, [r0, #68]	@ 0x44
 800469c:	684a      	ldr	r2, [r1, #4]
 800469e:	f853 0022 	ldr.w	r0, [r3, r2, lsl #2]
 80046a2:	6008      	str	r0, [r1, #0]
 80046a4:	f843 1022 	str.w	r1, [r3, r2, lsl #2]
 80046a8:	4770      	bx	lr
 80046aa:	bf00      	nop

080046ac <__multadd>:
 80046ac:	e92d 41f0 	stmdb	sp!, {r4, r5, r6, r7, r8, lr}
 80046b0:	690d      	ldr	r5, [r1, #16]
 80046b2:	4607      	mov	r7, r0
 80046b4:	460e      	mov	r6, r1
 80046b6:	461c      	mov	r4, r3
 80046b8:	f101 0e14 	add.w	lr, r1, #20
 80046bc:	2000      	movs	r0, #0
 80046be:	f8de 1000 	ldr.w	r1, [lr]
 80046c2:	b28b      	uxth	r3, r1
 80046c4:	fb02 4303 	mla	r3, r2, r3, r4
 80046c8:	ea4f 4c13 	mov.w	ip, r3, lsr #16
 80046cc:	0c09      	lsrs	r1, r1, #16
 80046ce:	fb02 cc01 	mla	ip, r2, r1, ip
 80046d2:	3001      	adds	r0, #1
 80046d4:	b29b      	uxth	r3, r3
 80046d6:	eb03 430c 	add.w	r3, r3, ip, lsl #16
 80046da:	4285      	cmp	r5, r0
 80046dc:	f84e 3b04 	str.w	r3, [lr], #4
 80046e0:	ea4f 441c 	mov.w	r4, ip, lsr #16
 80046e4:	dceb      	bgt.n	80046be <__multadd+0x12>
 80046e6:	b13c      	cbz	r4, 80046f8 <__multadd+0x4c>
 80046e8:	68b3      	ldr	r3, [r6, #8]
 80046ea:	42ab      	cmp	r3, r5
 80046ec:	dd07      	ble.n	80046fe <__multadd+0x52>
 80046ee:	eb06 0385 	add.w	r3, r6, r5, lsl #2
 80046f2:	3501      	adds	r5, #1
 80046f4:	615c      	str	r4, [r3, #20]
 80046f6:	6135      	str	r5, [r6, #16]
 80046f8:	4630      	mov	r0, r6
 80046fa:	e8bd 81f0 	ldmia.w	sp!, {r4, r5, r6, r7, r8, pc}
 80046fe:	6871      	ldr	r1, [r6, #4]
 8004700:	4638      	mov	r0, r7
 8004702:	3101      	adds	r1, #1
 8004704:	f7ff ffa2 	bl	800464c <_Balloc>
 8004708:	4680      	mov	r8, r0
 800470a:	b1a8      	cbz	r0, 8004738 <__multadd+0x8c>
 800470c:	6932      	ldr	r2, [r6, #16]
 800470e:	3202      	adds	r2, #2
 8004710:	f106 010c 	add.w	r1, r6, #12
 8004714:	0092      	lsls	r2, r2, #2
 8004716:	300c      	adds	r0, #12
 8004718:	f7ff fc90 	bl	800403c <memcpy>
 800471c:	6c7b      	ldr	r3, [r7, #68]	@ 0x44
 800471e:	6872      	ldr	r2, [r6, #4]
 8004720:	f853 1022 	ldr.w	r1, [r3, r2, lsl #2]
 8004724:	6031      	str	r1, [r6, #0]
 8004726:	f843 6022 	str.w	r6, [r3, r2, lsl #2]
 800472a:	4646      	mov	r6, r8
 800472c:	eb06 0385 	add.w	r3, r6, r5, lsl #2
 8004730:	3501      	adds	r5, #1
 8004732:	615c      	str	r4, [r3, #20]
 8004734:	6135      	str	r5, [r6, #16]
 8004736:	e7df      	b.n	80046f8 <__multadd+0x4c>
 8004738:	4b02      	ldr	r3, [pc, #8]	@ (8004744 <__multadd+0x98>)
 800473a:	4803      	ldr	r0, [pc, #12]	@ (8004748 <__multadd+0x9c>)
 800473c:	4642      	mov	r2, r8
 800473e:	21ba      	movs	r1, #186	@ 0xba
 8004740:	f7ff ff5e 	bl	8004600 <__assert_func>
 8004744:	08007378 	.word	0x08007378
 8004748:	080073f8 	.word	0x080073f8

0800474c <__s2b>:
 800474c:	e92d 43f8 	stmdb	sp!, {r3, r4, r5, r6, r7, r8, r9, lr}
 8004750:	4617      	mov	r7, r2
 8004752:	4a28      	ldr	r2, [pc, #160]	@ (80047f4 <__s2b+0xa8>)
 8004754:	461e      	mov	r6, r3
 8004756:	3308      	adds	r3, #8
 8004758:	460c      	mov	r4, r1
 800475a:	2e09      	cmp	r6, #9
 800475c:	fb82 1203 	smull	r1, r2, r2, r3
 8004760:	ea4f 73e3 	mov.w	r3, r3, asr #31
 8004764:	4605      	mov	r5, r0
 8004766:	ebc3 0362 	rsb	r3, r3, r2, asr #1
 800476a:	dd3a      	ble.n	80047e2 <__s2b+0x96>
 800476c:	f04f 0c01 	mov.w	ip, #1
 8004770:	2100      	movs	r1, #0
 8004772:	ea4f 0c4c 	mov.w	ip, ip, lsl #1
 8004776:	4563      	cmp	r3, ip
 8004778:	f101 0101 	add.w	r1, r1, #1
 800477c:	dcf9      	bgt.n	8004772 <__s2b+0x26>
 800477e:	4628      	mov	r0, r5
 8004780:	f7ff ff64 	bl	800464c <_Balloc>
 8004784:	4601      	mov	r1, r0
 8004786:	b370      	cbz	r0, 80047e6 <__s2b+0x9a>
 8004788:	9b08      	ldr	r3, [sp, #32]
 800478a:	6143      	str	r3, [r0, #20]
 800478c:	2f09      	cmp	r7, #9
 800478e:	f04f 0301 	mov.w	r3, #1
 8004792:	6103      	str	r3, [r0, #16]
 8004794:	dc12      	bgt.n	80047bc <__s2b+0x70>
 8004796:	340a      	adds	r4, #10
 8004798:	2709      	movs	r7, #9
 800479a:	42be      	cmp	r6, r7
 800479c:	dd0b      	ble.n	80047b6 <__s2b+0x6a>
 800479e:	1bf6      	subs	r6, r6, r7
 80047a0:	4426      	add	r6, r4
 80047a2:	f814 3b01 	ldrb.w	r3, [r4], #1
 80047a6:	220a      	movs	r2, #10
 80047a8:	3b30      	subs	r3, #48	@ 0x30
 80047aa:	4628      	mov	r0, r5
 80047ac:	f7ff ff7e 	bl	80046ac <__multadd>
 80047b0:	42b4      	cmp	r4, r6
 80047b2:	4601      	mov	r1, r0
 80047b4:	d1f5      	bne.n	80047a2 <__s2b+0x56>
 80047b6:	4608      	mov	r0, r1
 80047b8:	e8bd 83f8 	ldmia.w	sp!, {r3, r4, r5, r6, r7, r8, r9, pc}
 80047bc:	f104 0809 	add.w	r8, r4, #9
 80047c0:	eb04 0907 	add.w	r9, r4, r7
 80047c4:	4644      	mov	r4, r8
 80047c6:	f814 3b01 	ldrb.w	r3, [r4], #1
 80047ca:	220a      	movs	r2, #10
 80047cc:	3b30      	subs	r3, #48	@ 0x30
 80047ce:	4628      	mov	r0, r5
 80047d0:	f7ff ff6c 	bl	80046ac <__multadd>
 80047d4:	454c      	cmp	r4, r9
 80047d6:	4601      	mov	r1, r0
 80047d8:	d1f5      	bne.n	80047c6 <__s2b+0x7a>
 80047da:	f1a7 0408 	sub.w	r4, r7, #8
 80047de:	4444      	add	r4, r8
 80047e0:	e7db      	b.n	800479a <__s2b+0x4e>
 80047e2:	2100      	movs	r1, #0
 80047e4:	e7cb      	b.n	800477e <__s2b+0x32>
 80047e6:	460a      	mov	r2, r1
 80047e8:	4b03      	ldr	r3, [pc, #12]	@ (80047f8 <__s2b+0xac>)
 80047ea:	4804      	ldr	r0, [pc, #16]	@ (80047fc <__s2b+0xb0>)
 80047ec:	21d3      	movs	r1, #211	@ 0xd3
 80047ee:	f7ff ff07 	bl	8004600 <__assert_func>
 80047f2:	bf00      	nop
 80047f4:	38e38e39 	.word	0x38e38e39
 80047f8:	08007378 	.word	0x08007378
 80047fc:	080073f8 	.word	0x080073f8

08004800 <__hi0bits>:
 8004800:	f5b0 3f80 	cmp.w	r0, #65536	@ 0x10000
 8004804:	4603      	mov	r3, r0
 8004806:	bf36      	itet	cc
 8004808:	0403      	lslcc	r3, r0, #16
 800480a:	2000      	movcs	r0, #0
 800480c:	2010      	movcc	r0, #16
 800480e:	f1b3 7f80 	cmp.w	r3, #16777216	@ 0x1000000
 8004812:	bf3c      	itt	cc
 8004814:	021b      	lslcc	r3, r3, #8
 8004816:	3008      	addcc	r0, #8
 8004818:	f1b3 5f80 	cmp.w	r3, #268435456	@ 0x10000000
 800481c:	bf3c      	itt	cc
 800481e:	011b      	lslcc	r3, r3, #4
 8004820:	3004      	addcc	r0, #4
 8004822:	f1b3 4f80 	cmp.w	r3, #1073741824	@ 0x40000000
 8004826:	d303      	bcc.n	8004830 <__hi0bits+0x30>
 8004828:	2b00      	cmp	r3, #0
 800482a:	db06      	blt.n	800483a <__hi0bits+0x3a>
 800482c:	3001      	adds	r0, #1
 800482e:	4770      	bx	lr
 8004830:	009b      	lsls	r3, r3, #2
 8004832:	d403      	bmi.n	800483c <__hi0bits+0x3c>
 8004834:	005b      	lsls	r3, r3, #1
 8004836:	d403      	bmi.n	8004840 <__hi0bits+0x40>
 8004838:	2020      	movs	r0, #32
 800483a:	4770      	bx	lr
 800483c:	3002      	adds	r0, #2
 800483e:	4770      	bx	lr
 8004840:	3003      	adds	r0, #3
 8004842:	4770      	bx	lr

08004844 <__lo0bits>:
 8004844:	6803      	ldr	r3, [r0, #0]
 8004846:	f013 0207 	ands.w	r2, r3, #7
 800484a:	4601      	mov	r1, r0
 800484c:	d007      	beq.n	800485e <__lo0bits+0x1a>
 800484e:	07da      	lsls	r2, r3, #31
 8004850:	d41f      	bmi.n	8004892 <__lo0bits+0x4e>
 8004852:	0798      	lsls	r0, r3, #30
 8004854:	d521      	bpl.n	800489a <__lo0bits+0x56>
 8004856:	085b      	lsrs	r3, r3, #1
 8004858:	600b      	str	r3, [r1, #0]
 800485a:	2001      	movs	r0, #1
 800485c:	4770      	bx	lr
 800485e:	b298      	uxth	r0, r3
 8004860:	b1a0      	cbz	r0, 800488c <__lo0bits+0x48>
 8004862:	4610      	mov	r0, r2
 8004864:	b2da      	uxtb	r2, r3
 8004866:	b90a      	cbnz	r2, 800486c <__lo0bits+0x28>
 8004868:	3008      	adds	r0, #8
 800486a:	0a1b      	lsrs	r3, r3, #8
 800486c:	071a      	lsls	r2, r3, #28
 800486e:	bf04      	itt	eq
 8004870:	091b      	lsreq	r3, r3, #4
 8004872:	3004      	addeq	r0, #4
 8004874:	079a      	lsls	r2, r3, #30
 8004876:	bf04      	itt	eq
 8004878:	089b      	lsreq	r3, r3, #2
 800487a:	3002      	addeq	r0, #2
 800487c:	07da      	lsls	r2, r3, #31
 800487e:	d403      	bmi.n	8004888 <__lo0bits+0x44>
 8004880:	085b      	lsrs	r3, r3, #1
 8004882:	f100 0001 	add.w	r0, r0, #1
 8004886:	d006      	beq.n	8004896 <__lo0bits+0x52>
 8004888:	600b      	str	r3, [r1, #0]
 800488a:	4770      	bx	lr
 800488c:	0c1b      	lsrs	r3, r3, #16
 800488e:	2010      	movs	r0, #16
 8004890:	e7e8      	b.n	8004864 <__lo0bits+0x20>
 8004892:	2000      	movs	r0, #0
 8004894:	4770      	bx	lr
 8004896:	2020      	movs	r0, #32
 8004898:	4770      	bx	lr
 800489a:	089b      	lsrs	r3, r3, #2
 800489c:	600b      	str	r3, [r1, #0]
 800489e:	2002      	movs	r0, #2
 80048a0:	4770      	bx	lr
 80048a2:	bf00      	nop

080048a4 <__i2b>:
 80048a4:	b538      	push	{r3, r4, r5, lr}
 80048a6:	6c43      	ldr	r3, [r0, #68]	@ 0x44
 80048a8:	4604      	mov	r4, r0
 80048aa:	460d      	mov	r5, r1
 80048ac:	b14b      	cbz	r3, 80048c2 <__i2b+0x1e>
 80048ae:	6858      	ldr	r0, [r3, #4]
 80048b0:	b1b0      	cbz	r0, 80048e0 <__i2b+0x3c>
 80048b2:	6802      	ldr	r2, [r0, #0]
 80048b4:	605a      	str	r2, [r3, #4]
 80048b6:	2200      	movs	r2, #0
 80048b8:	2301      	movs	r3, #1
 80048ba:	e9c0 2303 	strd	r2, r3, [r0, #12]
 80048be:	6145      	str	r5, [r0, #20]
 80048c0:	bd38      	pop	{r3, r4, r5, pc}
 80048c2:	2221      	movs	r2, #33	@ 0x21
 80048c4:	2104      	movs	r1, #4
 80048c6:	f000 fe93 	bl	80055f0 <_calloc_r>
 80048ca:	4603      	mov	r3, r0
 80048cc:	6460      	str	r0, [r4, #68]	@ 0x44
 80048ce:	2800      	cmp	r0, #0
 80048d0:	d1ed      	bne.n	80048ae <__i2b+0xa>
 80048d2:	4b09      	ldr	r3, [pc, #36]	@ (80048f8 <__i2b+0x54>)
 80048d4:	4809      	ldr	r0, [pc, #36]	@ (80048fc <__i2b+0x58>)
 80048d6:	2200      	movs	r2, #0
 80048d8:	f240 1145 	movw	r1, #325	@ 0x145
 80048dc:	f7ff fe90 	bl	8004600 <__assert_func>
 80048e0:	221c      	movs	r2, #28
 80048e2:	2101      	movs	r1, #1
 80048e4:	4620      	mov	r0, r4
 80048e6:	f000 fe83 	bl	80055f0 <_calloc_r>
 80048ea:	2800      	cmp	r0, #0
 80048ec:	d0f1      	beq.n	80048d2 <__i2b+0x2e>
 80048ee:	2201      	movs	r2, #1
 80048f0:	2302      	movs	r3, #2
 80048f2:	e9c0 2301 	strd	r2, r3, [r0, #4]
 80048f6:	e7de      	b.n	80048b6 <__i2b+0x12>
 80048f8:	08007378 	.word	0x08007378
 80048fc:	080073f8 	.word	0x080073f8

08004900 <__multiply>:
 8004900:	e92d 4ff0 	stmdb	sp!, {r4, r5, r6, r7, r8, r9, sl, fp, lr}
 8004904:	f8d1 8010 	ldr.w	r8, [r1, #16]
 8004908:	6915      	ldr	r5, [r2, #16]
 800490a:	45a8      	cmp	r8, r5
 800490c:	b085      	sub	sp, #20
 800490e:	460e      	mov	r6, r1
 8004910:	4692      	mov	sl, r2
 8004912:	db05      	blt.n	8004920 <__multiply+0x20>
 8004914:	462a      	mov	r2, r5
 8004916:	4653      	mov	r3, sl
 8004918:	4645      	mov	r5, r8
 800491a:	468a      	mov	sl, r1
 800491c:	4690      	mov	r8, r2
 800491e:	461e      	mov	r6, r3
 8004920:	f8da 3008 	ldr.w	r3, [sl, #8]
 8004924:	f8da 1004 	ldr.w	r1, [sl, #4]
 8004928:	eb05 0408 	add.w	r4, r5, r8
 800492c:	42a3      	cmp	r3, r4
 800492e:	bfb8      	it	lt
 8004930:	3101      	addlt	r1, #1
 8004932:	f7ff fe8b 	bl	800464c <_Balloc>
 8004936:	4684      	mov	ip, r0
 8004938:	2800      	cmp	r0, #0
 800493a:	f000 808b 	beq.w	8004a54 <__multiply+0x154>
 800493e:	f100 0714 	add.w	r7, r0, #20
 8004942:	eb07 0e84 	add.w	lr, r7, r4, lsl #2
 8004946:	4577      	cmp	r7, lr
 8004948:	d205      	bcs.n	8004956 <__multiply+0x56>
 800494a:	463b      	mov	r3, r7
 800494c:	2200      	movs	r2, #0
 800494e:	f843 2b04 	str.w	r2, [r3], #4
 8004952:	459e      	cmp	lr, r3
 8004954:	d8fb      	bhi.n	800494e <__multiply+0x4e>
 8004956:	3614      	adds	r6, #20
 8004958:	eb06 0888 	add.w	r8, r6, r8, lsl #2
 800495c:	f10a 0914 	add.w	r9, sl, #20
 8004960:	4546      	cmp	r6, r8
 8004962:	eb09 0585 	add.w	r5, r9, r5, lsl #2
 8004966:	d266      	bcs.n	8004a36 <__multiply+0x136>
 8004968:	eba5 030a 	sub.w	r3, r5, sl
 800496c:	3b15      	subs	r3, #21
 800496e:	f023 0303 	bic.w	r3, r3, #3
 8004972:	f10a 0a15 	add.w	sl, sl, #21
 8004976:	3304      	adds	r3, #4
 8004978:	4555      	cmp	r5, sl
 800497a:	bf2c      	ite	cs
 800497c:	469b      	movcs	fp, r3
 800497e:	f04f 0b04 	movcc.w	fp, #4
 8004982:	f8cd e008 	str.w	lr, [sp, #8]
 8004986:	9403      	str	r4, [sp, #12]
 8004988:	46ae      	mov	lr, r5
 800498a:	46e2      	mov	sl, ip
 800498c:	e005      	b.n	800499a <__multiply+0x9a>
 800498e:	0c09      	lsrs	r1, r1, #16
 8004990:	d12a      	bne.n	80049e8 <__multiply+0xe8>
 8004992:	45b0      	cmp	r8, r6
 8004994:	f107 0704 	add.w	r7, r7, #4
 8004998:	d94a      	bls.n	8004a30 <__multiply+0x130>
 800499a:	f856 1b04 	ldr.w	r1, [r6], #4
 800499e:	b28d      	uxth	r5, r1
 80049a0:	2d00      	cmp	r5, #0
 80049a2:	d0f4      	beq.n	800498e <__multiply+0x8e>
 80049a4:	46cc      	mov	ip, r9
 80049a6:	463c      	mov	r4, r7
 80049a8:	2300      	movs	r3, #0
 80049aa:	9601      	str	r6, [sp, #4]
 80049ac:	f85c 0b04 	ldr.w	r0, [ip], #4
 80049b0:	6821      	ldr	r1, [r4, #0]
 80049b2:	b286      	uxth	r6, r0
 80049b4:	b28a      	uxth	r2, r1
 80049b6:	0c00      	lsrs	r0, r0, #16
 80049b8:	fb05 2206 	mla	r2, r5, r6, r2
 80049bc:	0c09      	lsrs	r1, r1, #16
 80049be:	441a      	add	r2, r3
 80049c0:	fb05 1100 	mla	r1, r5, r0, r1
 80049c4:	eb01 4112 	add.w	r1, r1, r2, lsr #16
 80049c8:	b292      	uxth	r2, r2
 80049ca:	ea42 4201 	orr.w	r2, r2, r1, lsl #16
 80049ce:	45e6      	cmp	lr, ip
 80049d0:	f844 2b04 	str.w	r2, [r4], #4
 80049d4:	ea4f 4311 	mov.w	r3, r1, lsr #16
 80049d8:	d8e8      	bhi.n	80049ac <__multiply+0xac>
 80049da:	9e01      	ldr	r6, [sp, #4]
 80049dc:	f847 300b 	str.w	r3, [r7, fp]
 80049e0:	f856 1c04 	ldr.w	r1, [r6, #-4]
 80049e4:	0c09      	lsrs	r1, r1, #16
 80049e6:	d0d4      	beq.n	8004992 <__multiply+0x92>
 80049e8:	683b      	ldr	r3, [r7, #0]
 80049ea:	2200      	movs	r2, #0
 80049ec:	4648      	mov	r0, r9
 80049ee:	461d      	mov	r5, r3
 80049f0:	463c      	mov	r4, r7
 80049f2:	4694      	mov	ip, r2
 80049f4:	8802      	ldrh	r2, [r0, #0]
 80049f6:	fb01 c202 	mla	r2, r1, r2, ip
 80049fa:	eb02 4215 	add.w	r2, r2, r5, lsr #16
 80049fe:	b29b      	uxth	r3, r3
 8004a00:	ea43 4302 	orr.w	r3, r3, r2, lsl #16
 8004a04:	f844 3b04 	str.w	r3, [r4], #4
 8004a08:	f850 3b04 	ldr.w	r3, [r0], #4
 8004a0c:	6825      	ldr	r5, [r4, #0]
 8004a0e:	ea4f 4c13 	mov.w	ip, r3, lsr #16
 8004a12:	b2ab      	uxth	r3, r5
 8004a14:	fb01 330c 	mla	r3, r1, ip, r3
 8004a18:	eb03 4312 	add.w	r3, r3, r2, lsr #16
 8004a1c:	4570      	cmp	r0, lr
 8004a1e:	ea4f 4c13 	mov.w	ip, r3, lsr #16
 8004a22:	d3e7      	bcc.n	80049f4 <__multiply+0xf4>
 8004a24:	45b0      	cmp	r8, r6
 8004a26:	f847 300b 	str.w	r3, [r7, fp]
 8004a2a:	f107 0704 	add.w	r7, r7, #4
 8004a2e:	d8b4      	bhi.n	800499a <__multiply+0x9a>
 8004a30:	e9dd e402 	ldrd	lr, r4, [sp, #8]
 8004a34:	46d4      	mov	ip, sl
 8004a36:	2c00      	cmp	r4, #0
 8004a38:	dc02      	bgt.n	8004a40 <__multiply+0x140>
 8004a3a:	e005      	b.n	8004a48 <__multiply+0x148>
 8004a3c:	3c01      	subs	r4, #1
 8004a3e:	d003      	beq.n	8004a48 <__multiply+0x148>
 8004a40:	f85e 3d04 	ldr.w	r3, [lr, #-4]!
 8004a44:	2b00      	cmp	r3, #0
 8004a46:	d0f9      	beq.n	8004a3c <__multiply+0x13c>
 8004a48:	4660      	mov	r0, ip
 8004a4a:	f8cc 4010 	str.w	r4, [ip, #16]
 8004a4e:	b005      	add	sp, #20
 8004a50:	e8bd 8ff0 	ldmia.w	sp!, {r4, r5, r6, r7, r8, r9, sl, fp, pc}
 8004a54:	4b03      	ldr	r3, [pc, #12]	@ (8004a64 <__multiply+0x164>)
 8004a56:	4804      	ldr	r0, [pc, #16]	@ (8004a68 <__multiply+0x168>)
 8004a58:	4662      	mov	r2, ip
 8004a5a:	f44f 71b1 	mov.w	r1, #354	@ 0x162
 8004a5e:	f7ff fdcf 	bl	8004600 <__assert_func>
 8004a62:	bf00      	nop
 8004a64:	08007378 	.word	0x08007378
 8004a68:	080073f8 	.word	0x080073f8

08004a6c <__pow5mult>:
 8004a6c:	f012 0303 	ands.w	r3, r2, #3
 8004a70:	e92d 41f0 	stmdb	sp!, {r4, r5, r6, r7, r8, lr}
 8004a74:	4614      	mov	r4, r2
 8004a76:	4607      	mov	r7, r0
 8004a78:	d12c      	bne.n	8004ad4 <__pow5mult+0x68>
 8004a7a:	460d      	mov	r5, r1
 8004a7c:	10a4      	asrs	r4, r4, #2
 8004a7e:	d01c      	beq.n	8004aba <__pow5mult+0x4e>
 8004a80:	6c3e      	ldr	r6, [r7, #64]	@ 0x40
 8004a82:	b386      	cbz	r6, 8004ae6 <__pow5mult+0x7a>
 8004a84:	07e3      	lsls	r3, r4, #31
 8004a86:	f04f 0800 	mov.w	r8, #0
 8004a8a:	d406      	bmi.n	8004a9a <__pow5mult+0x2e>
 8004a8c:	1064      	asrs	r4, r4, #1
 8004a8e:	d014      	beq.n	8004aba <__pow5mult+0x4e>
 8004a90:	6830      	ldr	r0, [r6, #0]
 8004a92:	b1a8      	cbz	r0, 8004ac0 <__pow5mult+0x54>
 8004a94:	4606      	mov	r6, r0
 8004a96:	07e3      	lsls	r3, r4, #31
 8004a98:	d5f8      	bpl.n	8004a8c <__pow5mult+0x20>
 8004a9a:	4632      	mov	r2, r6
 8004a9c:	4629      	mov	r1, r5
 8004a9e:	4638      	mov	r0, r7
 8004aa0:	f7ff ff2e 	bl	8004900 <__multiply>
 8004aa4:	b135      	cbz	r5, 8004ab4 <__pow5mult+0x48>
 8004aa6:	6c7b      	ldr	r3, [r7, #68]	@ 0x44
 8004aa8:	6869      	ldr	r1, [r5, #4]
 8004aaa:	f853 2021 	ldr.w	r2, [r3, r1, lsl #2]
 8004aae:	602a      	str	r2, [r5, #0]
 8004ab0:	f843 5021 	str.w	r5, [r3, r1, lsl #2]
 8004ab4:	1064      	asrs	r4, r4, #1
 8004ab6:	4605      	mov	r5, r0
 8004ab8:	d1ea      	bne.n	8004a90 <__pow5mult+0x24>
 8004aba:	4628      	mov	r0, r5
 8004abc:	e8bd 81f0 	ldmia.w	sp!, {r4, r5, r6, r7, r8, pc}
 8004ac0:	4632      	mov	r2, r6
 8004ac2:	4631      	mov	r1, r6
 8004ac4:	4638      	mov	r0, r7
 8004ac6:	f7ff ff1b 	bl	8004900 <__multiply>
 8004aca:	6030      	str	r0, [r6, #0]
 8004acc:	f8c0 8000 	str.w	r8, [r0]
 8004ad0:	4606      	mov	r6, r0
 8004ad2:	e7e0      	b.n	8004a96 <__pow5mult+0x2a>
 8004ad4:	3b01      	subs	r3, #1
 8004ad6:	4a0f      	ldr	r2, [pc, #60]	@ (8004b14 <__pow5mult+0xa8>)
 8004ad8:	f852 2023 	ldr.w	r2, [r2, r3, lsl #2]
 8004adc:	2300      	movs	r3, #0
 8004ade:	f7ff fde5 	bl	80046ac <__multadd>
 8004ae2:	4605      	mov	r5, r0
 8004ae4:	e7ca      	b.n	8004a7c <__pow5mult+0x10>
 8004ae6:	2101      	movs	r1, #1
 8004ae8:	4638      	mov	r0, r7
 8004aea:	f7ff fdaf 	bl	800464c <_Balloc>
 8004aee:	4606      	mov	r6, r0
 8004af0:	b140      	cbz	r0, 8004b04 <__pow5mult+0x98>
 8004af2:	2301      	movs	r3, #1
 8004af4:	f240 2271 	movw	r2, #625	@ 0x271
 8004af8:	e9c0 3204 	strd	r3, r2, [r0, #16]
 8004afc:	2300      	movs	r3, #0
 8004afe:	6438      	str	r0, [r7, #64]	@ 0x40
 8004b00:	6003      	str	r3, [r0, #0]
 8004b02:	e7bf      	b.n	8004a84 <__pow5mult+0x18>
 8004b04:	4b04      	ldr	r3, [pc, #16]	@ (8004b18 <__pow5mult+0xac>)
 8004b06:	4805      	ldr	r0, [pc, #20]	@ (8004b1c <__pow5mult+0xb0>)
 8004b08:	4632      	mov	r2, r6
 8004b0a:	f240 1145 	movw	r1, #325	@ 0x145
 8004b0e:	f7ff fd77 	bl	8004600 <__assert_func>
 8004b12:	bf00      	nop
 8004b14:	080075c0 	.word	0x080075c0
 8004b18:	08007378 	.word	0x08007378
 8004b1c:	080073f8 	.word	0x080073f8

08004b20 <__lshift>:
 8004b20:	e92d 47f0 	stmdb	sp!, {r4, r5, r6, r7, r8, r9, sl, lr}
 8004b24:	460c      	mov	r4, r1
 8004b26:	4690      	mov	r8, r2
 8004b28:	6927      	ldr	r7, [r4, #16]
 8004b2a:	68a3      	ldr	r3, [r4, #8]
 8004b2c:	6849      	ldr	r1, [r1, #4]
 8004b2e:	eb07 1762 	add.w	r7, r7, r2, asr #5
 8004b32:	1c7d      	adds	r5, r7, #1
 8004b34:	429d      	cmp	r5, r3
 8004b36:	4606      	mov	r6, r0
 8004b38:	ea4f 1962 	mov.w	r9, r2, asr #5
 8004b3c:	dd04      	ble.n	8004b48 <__lshift+0x28>
 8004b3e:	005b      	lsls	r3, r3, #1
 8004b40:	429d      	cmp	r5, r3
 8004b42:	f101 0101 	add.w	r1, r1, #1
 8004b46:	dcfa      	bgt.n	8004b3e <__lshift+0x1e>
 8004b48:	4630      	mov	r0, r6
 8004b4a:	f7ff fd7f 	bl	800464c <_Balloc>
 8004b4e:	4684      	mov	ip, r0
 8004b50:	2800      	cmp	r0, #0
 8004b52:	d051      	beq.n	8004bf8 <__lshift+0xd8>
 8004b54:	f1b9 0f00 	cmp.w	r9, #0
 8004b58:	f100 0014 	add.w	r0, r0, #20
 8004b5c:	dd0e      	ble.n	8004b7c <__lshift+0x5c>
 8004b5e:	f109 0205 	add.w	r2, r9, #5
 8004b62:	ea4f 0e82 	mov.w	lr, r2, lsl #2
 8004b66:	4603      	mov	r3, r0
 8004b68:	eb0c 0282 	add.w	r2, ip, r2, lsl #2
 8004b6c:	2100      	movs	r1, #0
 8004b6e:	f843 1b04 	str.w	r1, [r3], #4
 8004b72:	4293      	cmp	r3, r2
 8004b74:	d1fb      	bne.n	8004b6e <__lshift+0x4e>
 8004b76:	f1ae 0314 	sub.w	r3, lr, #20
 8004b7a:	4418      	add	r0, r3
 8004b7c:	6921      	ldr	r1, [r4, #16]
 8004b7e:	f104 0314 	add.w	r3, r4, #20
 8004b82:	f018 081f 	ands.w	r8, r8, #31
 8004b86:	eb03 0181 	add.w	r1, r3, r1, lsl #2
 8004b8a:	d02d      	beq.n	8004be8 <__lshift+0xc8>
 8004b8c:	f1c8 0920 	rsb	r9, r8, #32
 8004b90:	4686      	mov	lr, r0
 8004b92:	f04f 0a00 	mov.w	sl, #0
 8004b96:	681a      	ldr	r2, [r3, #0]
 8004b98:	fa02 f208 	lsl.w	r2, r2, r8
 8004b9c:	ea42 020a 	orr.w	r2, r2, sl
 8004ba0:	f84e 2b04 	str.w	r2, [lr], #4
 8004ba4:	f853 2b04 	ldr.w	r2, [r3], #4
 8004ba8:	4299      	cmp	r1, r3
 8004baa:	fa22 fa09 	lsr.w	sl, r2, r9
 8004bae:	d8f2      	bhi.n	8004b96 <__lshift+0x76>
 8004bb0:	1b0b      	subs	r3, r1, r4
 8004bb2:	3b15      	subs	r3, #21
 8004bb4:	f023 0303 	bic.w	r3, r3, #3
 8004bb8:	3304      	adds	r3, #4
 8004bba:	f104 0215 	add.w	r2, r4, #21
 8004bbe:	4291      	cmp	r1, r2
 8004bc0:	bf38      	it	cc
 8004bc2:	2304      	movcc	r3, #4
 8004bc4:	f840 a003 	str.w	sl, [r0, r3]
 8004bc8:	f1ba 0f00 	cmp.w	sl, #0
 8004bcc:	d100      	bne.n	8004bd0 <__lshift+0xb0>
 8004bce:	463d      	mov	r5, r7
 8004bd0:	6c73      	ldr	r3, [r6, #68]	@ 0x44
 8004bd2:	6862      	ldr	r2, [r4, #4]
 8004bd4:	f8cc 5010 	str.w	r5, [ip, #16]
 8004bd8:	f853 1022 	ldr.w	r1, [r3, r2, lsl #2]
 8004bdc:	6021      	str	r1, [r4, #0]
 8004bde:	4660      	mov	r0, ip
 8004be0:	f843 4022 	str.w	r4, [r3, r2, lsl #2]
 8004be4:	e8bd 87f0 	ldmia.w	sp!, {r4, r5, r6, r7, r8, r9, sl, pc}
 8004be8:	3804      	subs	r0, #4
 8004bea:	f853 2b04 	ldr.w	r2, [r3], #4
 8004bee:	f840 2f04 	str.w	r2, [r0, #4]!
 8004bf2:	4299      	cmp	r1, r3
 8004bf4:	d8f9      	bhi.n	8004bea <__lshift+0xca>
 8004bf6:	e7ea      	b.n	8004bce <__lshift+0xae>
 8004bf8:	4b03      	ldr	r3, [pc, #12]	@ (8004c08 <__lshift+0xe8>)
 8004bfa:	4804      	ldr	r0, [pc, #16]	@ (8004c0c <__lshift+0xec>)
 8004bfc:	4662      	mov	r2, ip
 8004bfe:	f44f 71ef 	mov.w	r1, #478	@ 0x1de
 8004c02:	f7ff fcfd 	bl	8004600 <__assert_func>
 8004c06:	bf00      	nop
 8004c08:	08007378 	.word	0x08007378
 8004c0c:	080073f8 	.word	0x080073f8

08004c10 <__mcmp>:
 8004c10:	690b      	ldr	r3, [r1, #16]
 8004c12:	4684      	mov	ip, r0
 8004c14:	6900      	ldr	r0, [r0, #16]
 8004c16:	1ac0      	subs	r0, r0, r3
 8004c18:	d115      	bne.n	8004c46 <__mcmp+0x36>
 8004c1a:	f10c 0c14 	add.w	ip, ip, #20
 8004c1e:	3114      	adds	r1, #20
 8004c20:	eb0c 0283 	add.w	r2, ip, r3, lsl #2
 8004c24:	b410      	push	{r4}
 8004c26:	eb01 0383 	add.w	r3, r1, r3, lsl #2
 8004c2a:	e001      	b.n	8004c30 <__mcmp+0x20>
 8004c2c:	4594      	cmp	ip, r2
 8004c2e:	d208      	bcs.n	8004c42 <__mcmp+0x32>
 8004c30:	f852 4d04 	ldr.w	r4, [r2, #-4]!
 8004c34:	f853 1d04 	ldr.w	r1, [r3, #-4]!
 8004c38:	428c      	cmp	r4, r1
 8004c3a:	d0f7      	beq.n	8004c2c <__mcmp+0x1c>
 8004c3c:	d204      	bcs.n	8004c48 <__mcmp+0x38>
 8004c3e:	f04f 30ff 	mov.w	r0, #4294967295	@ 0xffffffff
 8004c42:	bc10      	pop	{r4}
 8004c44:	4770      	bx	lr
 8004c46:	4770      	bx	lr
 8004c48:	2001      	movs	r0, #1
 8004c4a:	bc10      	pop	{r4}
 8004c4c:	4770      	bx	lr
 8004c4e:	bf00      	nop

08004c50 <__mdiff>:
 8004c50:	e92d 4ff0 	stmdb	sp!, {r4, r5, r6, r7, r8, r9, sl, fp, lr}
 8004c54:	4615      	mov	r5, r2
 8004c56:	690a      	ldr	r2, [r1, #16]
 8004c58:	692b      	ldr	r3, [r5, #16]
 8004c5a:	1ad2      	subs	r2, r2, r3
 8004c5c:	2a00      	cmp	r2, #0
 8004c5e:	b083      	sub	sp, #12
 8004c60:	4688      	mov	r8, r1
 8004c62:	f040 8087 	bne.w	8004d74 <__mdiff+0x124>
 8004c66:	f101 0614 	add.w	r6, r1, #20
 8004c6a:	f105 0114 	add.w	r1, r5, #20
 8004c6e:	eb01 0183 	add.w	r1, r1, r3, lsl #2
 8004c72:	eb06 0383 	add.w	r3, r6, r3, lsl #2
 8004c76:	e001      	b.n	8004c7c <__mdiff+0x2c>
 8004c78:	429e      	cmp	r6, r3
 8004c7a:	d27e      	bcs.n	8004d7a <__mdiff+0x12a>
 8004c7c:	f853 4d04 	ldr.w	r4, [r3, #-4]!
 8004c80:	f851 2d04 	ldr.w	r2, [r1, #-4]!
 8004c84:	4294      	cmp	r4, r2
 8004c86:	d0f7      	beq.n	8004c78 <__mdiff+0x28>
 8004c88:	d375      	bcc.n	8004d76 <__mdiff+0x126>
 8004c8a:	462b      	mov	r3, r5
 8004c8c:	2400      	movs	r4, #0
 8004c8e:	4645      	mov	r5, r8
 8004c90:	4698      	mov	r8, r3
 8004c92:	6869      	ldr	r1, [r5, #4]
 8004c94:	f7ff fcda 	bl	800464c <_Balloc>
 8004c98:	4681      	mov	r9, r0
 8004c9a:	2800      	cmp	r0, #0
 8004c9c:	f000 8089 	beq.w	8004db2 <__mdiff+0x162>
 8004ca0:	692e      	ldr	r6, [r5, #16]
 8004ca2:	60c4      	str	r4, [r0, #12]
 8004ca4:	f8d8 0010 	ldr.w	r0, [r8, #16]
 8004ca8:	f105 0b14 	add.w	fp, r5, #20
 8004cac:	f108 0e14 	add.w	lr, r8, #20
 8004cb0:	f109 0a14 	add.w	sl, r9, #20
 8004cb4:	f105 0210 	add.w	r2, r5, #16
 8004cb8:	eb0e 0080 	add.w	r0, lr, r0, lsl #2
 8004cbc:	eb0b 0186 	add.w	r1, fp, r6, lsl #2
 8004cc0:	4657      	mov	r7, sl
 8004cc2:	f04f 0c00 	mov.w	ip, #0
 8004cc6:	f8cd b004 	str.w	fp, [sp, #4]
 8004cca:	f85e 4b04 	ldr.w	r4, [lr], #4
 8004cce:	f852 5f04 	ldr.w	r5, [r2, #4]!
 8004cd2:	fa1f fb84 	uxth.w	fp, r4
 8004cd6:	b2ab      	uxth	r3, r5
 8004cd8:	eba3 030b 	sub.w	r3, r3, fp
 8004cdc:	0c24      	lsrs	r4, r4, #16
 8004cde:	4463      	add	r3, ip
 8004ce0:	ebc4 4415 	rsb	r4, r4, r5, lsr #16
 8004ce4:	eb04 4423 	add.w	r4, r4, r3, asr #16
 8004ce8:	b29b      	uxth	r3, r3
 8004cea:	ea43 4304 	orr.w	r3, r3, r4, lsl #16
 8004cee:	4570      	cmp	r0, lr
 8004cf0:	f847 3b04 	str.w	r3, [r7], #4
 8004cf4:	ea4f 4c24 	mov.w	ip, r4, asr #16
 8004cf8:	d8e7      	bhi.n	8004cca <__mdiff+0x7a>
 8004cfa:	eba0 0208 	sub.w	r2, r0, r8
 8004cfe:	f108 0815 	add.w	r8, r8, #21
 8004d02:	4540      	cmp	r0, r8
 8004d04:	f1a2 0215 	sub.w	r2, r2, #21
 8004d08:	bf34      	ite	cc
 8004d0a:	2000      	movcc	r0, #0
 8004d0c:	2001      	movcs	r0, #1
 8004d0e:	0892      	lsrs	r2, r2, #2
 8004d10:	2800      	cmp	r0, #0
 8004d12:	f8dd b004 	ldr.w	fp, [sp, #4]
 8004d16:	f102 0401 	add.w	r4, r2, #1
 8004d1a:	ea4f 0484 	mov.w	r4, r4, lsl #2
 8004d1e:	bf08      	it	eq
 8004d20:	2404      	moveq	r4, #4
 8004d22:	eb0b 0504 	add.w	r5, fp, r4
 8004d26:	42a9      	cmp	r1, r5
 8004d28:	4454      	add	r4, sl
 8004d2a:	d933      	bls.n	8004d94 <__mdiff+0x144>
 8004d2c:	4627      	mov	r7, r4
 8004d2e:	4628      	mov	r0, r5
 8004d30:	f850 3b04 	ldr.w	r3, [r0], #4
 8004d34:	fa1c fe83 	uxtah	lr, ip, r3
 8004d38:	0c1a      	lsrs	r2, r3, #16
 8004d3a:	4463      	add	r3, ip
 8004d3c:	eb02 422e 	add.w	r2, r2, lr, asr #16
 8004d40:	b29b      	uxth	r3, r3
 8004d42:	ea43 4302 	orr.w	r3, r3, r2, lsl #16
 8004d46:	4281      	cmp	r1, r0
 8004d48:	f847 3b04 	str.w	r3, [r7], #4
 8004d4c:	ea4f 4c22 	mov.w	ip, r2, asr #16
 8004d50:	d8ee      	bhi.n	8004d30 <__mdiff+0xe0>
 8004d52:	3901      	subs	r1, #1
 8004d54:	1b49      	subs	r1, r1, r5
 8004d56:	f021 0103 	bic.w	r1, r1, #3
 8004d5a:	440c      	add	r4, r1
 8004d5c:	b923      	cbnz	r3, 8004d68 <__mdiff+0x118>
 8004d5e:	f854 3d04 	ldr.w	r3, [r4, #-4]!
 8004d62:	3e01      	subs	r6, #1
 8004d64:	2b00      	cmp	r3, #0
 8004d66:	d0fa      	beq.n	8004d5e <__mdiff+0x10e>
 8004d68:	4648      	mov	r0, r9
 8004d6a:	f8c9 6010 	str.w	r6, [r9, #16]
 8004d6e:	b003      	add	sp, #12
 8004d70:	e8bd 8ff0 	ldmia.w	sp!, {r4, r5, r6, r7, r8, r9, sl, fp, pc}
 8004d74:	da89      	bge.n	8004c8a <__mdiff+0x3a>
 8004d76:	2401      	movs	r4, #1
 8004d78:	e78b      	b.n	8004c92 <__mdiff+0x42>
 8004d7a:	2100      	movs	r1, #0
 8004d7c:	f7ff fc66 	bl	800464c <_Balloc>
 8004d80:	4681      	mov	r9, r0
 8004d82:	b178      	cbz	r0, 8004da4 <__mdiff+0x154>
 8004d84:	2201      	movs	r2, #1
 8004d86:	2300      	movs	r3, #0
 8004d88:	e9c0 2304 	strd	r2, r3, [r0, #16]
 8004d8c:	4648      	mov	r0, r9
 8004d8e:	b003      	add	sp, #12
 8004d90:	e8bd 8ff0 	ldmia.w	sp!, {r4, r5, r6, r7, r8, r9, sl, fp, pc}
 8004d94:	2800      	cmp	r0, #0
 8004d96:	ea4f 0282 	mov.w	r2, r2, lsl #2
 8004d9a:	bf08      	it	eq
 8004d9c:	2200      	moveq	r2, #0
 8004d9e:	eb0a 0402 	add.w	r4, sl, r2
 8004da2:	e7db      	b.n	8004d5c <__mdiff+0x10c>
 8004da4:	4b06      	ldr	r3, [pc, #24]	@ (8004dc0 <__mdiff+0x170>)
 8004da6:	4807      	ldr	r0, [pc, #28]	@ (8004dc4 <__mdiff+0x174>)
 8004da8:	464a      	mov	r2, r9
 8004daa:	f240 2137 	movw	r1, #567	@ 0x237
 8004dae:	f7ff fc27 	bl	8004600 <__assert_func>
 8004db2:	4b03      	ldr	r3, [pc, #12]	@ (8004dc0 <__mdiff+0x170>)
 8004db4:	4803      	ldr	r0, [pc, #12]	@ (8004dc4 <__mdiff+0x174>)
 8004db6:	464a      	mov	r2, r9
 8004db8:	f240 2145 	movw	r1, #581	@ 0x245
 8004dbc:	f7ff fc20 	bl	8004600 <__assert_func>
 8004dc0:	08007378 	.word	0x08007378
 8004dc4:	080073f8 	.word	0x080073f8

08004dc8 <__ulp>:
 8004dc8:	4b11      	ldr	r3, [pc, #68]	@ (8004e10 <__ulp+0x48>)
 8004dca:	400b      	ands	r3, r1
 8004dcc:	f1a3 7350 	sub.w	r3, r3, #54525952	@ 0x3400000
 8004dd0:	2b00      	cmp	r3, #0
 8004dd2:	dd03      	ble.n	8004ddc <__ulp+0x14>
 8004dd4:	2200      	movs	r2, #0
 8004dd6:	4619      	mov	r1, r3
 8004dd8:	4610      	mov	r0, r2
 8004dda:	4770      	bx	lr
 8004ddc:	425b      	negs	r3, r3
 8004dde:	f1b3 7fa0 	cmp.w	r3, #20971520	@ 0x1400000
 8004de2:	ea4f 5223 	mov.w	r2, r3, asr #20
 8004de6:	da06      	bge.n	8004df6 <__ulp+0x2e>
 8004de8:	f44f 2300 	mov.w	r3, #524288	@ 0x80000
 8004dec:	4113      	asrs	r3, r2
 8004dee:	2200      	movs	r2, #0
 8004df0:	4619      	mov	r1, r3
 8004df2:	4610      	mov	r0, r2
 8004df4:	4770      	bx	lr
 8004df6:	f1a2 0314 	sub.w	r3, r2, #20
 8004dfa:	2b1e      	cmp	r3, #30
 8004dfc:	bfda      	itte	le
 8004dfe:	f04f 4200 	movle.w	r2, #2147483648	@ 0x80000000
 8004e02:	40da      	lsrle	r2, r3
 8004e04:	2201      	movgt	r2, #1
 8004e06:	2300      	movs	r3, #0
 8004e08:	4619      	mov	r1, r3
 8004e0a:	4610      	mov	r0, r2
 8004e0c:	4770      	bx	lr
 8004e0e:	bf00      	nop
 8004e10:	7ff00000 	.word	0x7ff00000

08004e14 <__b2d>:
 8004e14:	6902      	ldr	r2, [r0, #16]
 8004e16:	e92d 41f0 	stmdb	sp!, {r4, r5, r6, r7, r8, lr}
 8004e1a:	f100 0714 	add.w	r7, r0, #20
 8004e1e:	eb07 0282 	add.w	r2, r7, r2, lsl #2
 8004e22:	f1a2 0804 	sub.w	r8, r2, #4
 8004e26:	f852 6c04 	ldr.w	r6, [r2, #-4]
 8004e2a:	4630      	mov	r0, r6
 8004e2c:	f7ff fce8 	bl	8004800 <__hi0bits>
 8004e30:	f1c0 0320 	rsb	r3, r0, #32
 8004e34:	280a      	cmp	r0, #10
 8004e36:	600b      	str	r3, [r1, #0]
 8004e38:	dd33      	ble.n	8004ea2 <__b2d+0x8e>
 8004e3a:	4547      	cmp	r7, r8
 8004e3c:	f1a0 010b 	sub.w	r1, r0, #11
 8004e40:	d219      	bcs.n	8004e76 <__b2d+0x62>
 8004e42:	f852 3c08 	ldr.w	r3, [r2, #-8]
 8004e46:	b321      	cbz	r1, 8004e92 <__b2d+0x7e>
 8004e48:	f1c1 0020 	rsb	r0, r1, #32
 8004e4c:	408e      	lsls	r6, r1
 8004e4e:	fa23 f400 	lsr.w	r4, r3, r0
 8004e52:	4326      	orrs	r6, r4
 8004e54:	408b      	lsls	r3, r1
 8004e56:	f1a2 0108 	sub.w	r1, r2, #8
 8004e5a:	f046 557f 	orr.w	r5, r6, #1069547520	@ 0x3fc00000
 8004e5e:	428f      	cmp	r7, r1
 8004e60:	f445 1540 	orr.w	r5, r5, #3145728	@ 0x300000
 8004e64:	d219      	bcs.n	8004e9a <__b2d+0x86>
 8004e66:	f852 2c0c 	ldr.w	r2, [r2, #-12]
 8004e6a:	40c2      	lsrs	r2, r0
 8004e6c:	4313      	orrs	r3, r2
 8004e6e:	4618      	mov	r0, r3
 8004e70:	4629      	mov	r1, r5
 8004e72:	e8bd 81f0 	ldmia.w	sp!, {r4, r5, r6, r7, r8, pc}
 8004e76:	280b      	cmp	r0, #11
 8004e78:	d00a      	beq.n	8004e90 <__b2d+0x7c>
 8004e7a:	fa06 f101 	lsl.w	r1, r6, r1
 8004e7e:	f041 557f 	orr.w	r5, r1, #1069547520	@ 0x3fc00000
 8004e82:	f445 1540 	orr.w	r5, r5, #3145728	@ 0x300000
 8004e86:	2300      	movs	r3, #0
 8004e88:	4618      	mov	r0, r3
 8004e8a:	4629      	mov	r1, r5
 8004e8c:	e8bd 81f0 	ldmia.w	sp!, {r4, r5, r6, r7, r8, pc}
 8004e90:	2300      	movs	r3, #0
 8004e92:	f046 557f 	orr.w	r5, r6, #1069547520	@ 0x3fc00000
 8004e96:	f445 1540 	orr.w	r5, r5, #3145728	@ 0x300000
 8004e9a:	4618      	mov	r0, r3
 8004e9c:	4629      	mov	r1, r5
 8004e9e:	e8bd 81f0 	ldmia.w	sp!, {r4, r5, r6, r7, r8, pc}
 8004ea2:	4547      	cmp	r7, r8
 8004ea4:	bf38      	it	cc
 8004ea6:	f852 2c08 	ldrcc.w	r2, [r2, #-8]
 8004eaa:	f1c0 030b 	rsb	r3, r0, #11
 8004eae:	fa26 f103 	lsr.w	r1, r6, r3
 8004eb2:	bf38      	it	cc
 8004eb4:	40da      	lsrcc	r2, r3
 8004eb6:	f100 0315 	add.w	r3, r0, #21
 8004eba:	f041 557f 	orr.w	r5, r1, #1069547520	@ 0x3fc00000
 8004ebe:	bf28      	it	cs
 8004ec0:	2200      	movcs	r2, #0
 8004ec2:	fa06 f303 	lsl.w	r3, r6, r3
 8004ec6:	f445 1540 	orr.w	r5, r5, #3145728	@ 0x300000
 8004eca:	4313      	orrs	r3, r2
 8004ecc:	4618      	mov	r0, r3
 8004ece:	4629      	mov	r1, r5
 8004ed0:	e8bd 81f0 	ldmia.w	sp!, {r4, r5, r6, r7, r8, pc}

08004ed4 <__d2b>:
 8004ed4:	b5f0      	push	{r4, r5, r6, r7, lr}
 8004ed6:	2101      	movs	r1, #1
 8004ed8:	b083      	sub	sp, #12
 8004eda:	4616      	mov	r6, r2
 8004edc:	461f      	mov	r7, r3
 8004ede:	f7ff fbb5 	bl	800464c <_Balloc>
 8004ee2:	4605      	mov	r5, r0
 8004ee4:	2800      	cmp	r0, #0
 8004ee6:	d047      	beq.n	8004f78 <__d2b+0xa4>
 8004ee8:	f3c7 540a 	ubfx	r4, r7, #20, #11
 8004eec:	f3c7 0313 	ubfx	r3, r7, #0, #20
 8004ef0:	b10c      	cbz	r4, 8004ef6 <__d2b+0x22>
 8004ef2:	f443 1380 	orr.w	r3, r3, #1048576	@ 0x100000
 8004ef6:	2e00      	cmp	r6, #0
 8004ef8:	9301      	str	r3, [sp, #4]
 8004efa:	d114      	bne.n	8004f26 <__d2b+0x52>
 8004efc:	a801      	add	r0, sp, #4
 8004efe:	f7ff fca1 	bl	8004844 <__lo0bits>
 8004f02:	9b01      	ldr	r3, [sp, #4]
 8004f04:	616b      	str	r3, [r5, #20]
 8004f06:	2201      	movs	r2, #1
 8004f08:	3020      	adds	r0, #32
 8004f0a:	612a      	str	r2, [r5, #16]
 8004f0c:	b314      	cbz	r4, 8004f54 <__d2b+0x80>
 8004f0e:	9b08      	ldr	r3, [sp, #32]
 8004f10:	f2a4 4433 	subw	r4, r4, #1075	@ 0x433
 8004f14:	4404      	add	r4, r0
 8004f16:	601c      	str	r4, [r3, #0]
 8004f18:	9b09      	ldr	r3, [sp, #36]	@ 0x24
 8004f1a:	f1c0 0035 	rsb	r0, r0, #53	@ 0x35
 8004f1e:	6018      	str	r0, [r3, #0]
 8004f20:	4628      	mov	r0, r5
 8004f22:	b003      	add	sp, #12
 8004f24:	bdf0      	pop	{r4, r5, r6, r7, pc}
 8004f26:	4668      	mov	r0, sp
 8004f28:	9600      	str	r6, [sp, #0]
 8004f2a:	f7ff fc8b 	bl	8004844 <__lo0bits>
 8004f2e:	9b01      	ldr	r3, [sp, #4]
 8004f30:	b300      	cbz	r0, 8004f74 <__d2b+0xa0>
 8004f32:	9900      	ldr	r1, [sp, #0]
 8004f34:	f1c0 0220 	rsb	r2, r0, #32
 8004f38:	fa03 f202 	lsl.w	r2, r3, r2
 8004f3c:	40c3      	lsrs	r3, r0
 8004f3e:	9301      	str	r3, [sp, #4]
 8004f40:	430a      	orrs	r2, r1
 8004f42:	2b00      	cmp	r3, #0
 8004f44:	e9c5 2305 	strd	r2, r3, [r5, #20]
 8004f48:	bf0c      	ite	eq
 8004f4a:	2201      	moveq	r2, #1
 8004f4c:	2202      	movne	r2, #2
 8004f4e:	612a      	str	r2, [r5, #16]
 8004f50:	2c00      	cmp	r4, #0
 8004f52:	d1dc      	bne.n	8004f0e <__d2b+0x3a>
 8004f54:	eb05 0182 	add.w	r1, r5, r2, lsl #2
 8004f58:	f2a0 4332 	subw	r3, r0, #1074	@ 0x432
 8004f5c:	6908      	ldr	r0, [r1, #16]
 8004f5e:	9908      	ldr	r1, [sp, #32]
 8004f60:	600b      	str	r3, [r1, #0]
 8004f62:	f7ff fc4d 	bl	8004800 <__hi0bits>
 8004f66:	9b09      	ldr	r3, [sp, #36]	@ 0x24
 8004f68:	ebc0 1042 	rsb	r0, r0, r2, lsl #5
 8004f6c:	6018      	str	r0, [r3, #0]
 8004f6e:	4628      	mov	r0, r5
 8004f70:	b003      	add	sp, #12
 8004f72:	bdf0      	pop	{r4, r5, r6, r7, pc}
 8004f74:	9a00      	ldr	r2, [sp, #0]
 8004f76:	e7e4      	b.n	8004f42 <__d2b+0x6e>
 8004f78:	4b03      	ldr	r3, [pc, #12]	@ (8004f88 <__d2b+0xb4>)
 8004f7a:	4804      	ldr	r0, [pc, #16]	@ (8004f8c <__d2b+0xb8>)
 8004f7c:	462a      	mov	r2, r5
 8004f7e:	f240 310f 	movw	r1, #783	@ 0x30f
 8004f82:	f7ff fb3d 	bl	8004600 <__assert_func>
 8004f86:	bf00      	nop
 8004f88:	08007378 	.word	0x08007378
 8004f8c:	080073f8 	.word	0x080073f8

08004f90 <__ratio>:
 8004f90:	e92d 43f0 	stmdb	sp!, {r4, r5, r6, r7, r8, r9, lr}
 8004f94:	b083      	sub	sp, #12
 8004f96:	4688      	mov	r8, r1
 8004f98:	4669      	mov	r1, sp
 8004f9a:	4681      	mov	r9, r0
 8004f9c:	f7ff ff3a 	bl	8004e14 <__b2d>
 8004fa0:	4604      	mov	r4, r0
 8004fa2:	460d      	mov	r5, r1
 8004fa4:	4640      	mov	r0, r8
 8004fa6:	a901      	add	r1, sp, #4
 8004fa8:	f7ff ff34 	bl	8004e14 <__b2d>
 8004fac:	f8d9 3010 	ldr.w	r3, [r9, #16]
 8004fb0:	f8d8 2010 	ldr.w	r2, [r8, #16]
 8004fb4:	eba3 0c02 	sub.w	ip, r3, r2
 8004fb8:	e9dd 3200 	ldrd	r3, r2, [sp]
 8004fbc:	1a9b      	subs	r3, r3, r2
 8004fbe:	eb03 134c 	add.w	r3, r3, ip, lsl #5
 8004fc2:	2b00      	cmp	r3, #0
 8004fc4:	dd0b      	ble.n	8004fde <__ratio+0x4e>
 8004fc6:	eb05 5703 	add.w	r7, r5, r3, lsl #20
 8004fca:	463d      	mov	r5, r7
 8004fcc:	4602      	mov	r2, r0
 8004fce:	460b      	mov	r3, r1
 8004fd0:	4620      	mov	r0, r4
 8004fd2:	4629      	mov	r1, r5
 8004fd4:	f001 ff0e 	bl	8006df4 <__aeabi_ddiv>
 8004fd8:	b003      	add	sp, #12
 8004fda:	e8bd 83f0 	ldmia.w	sp!, {r4, r5, r6, r7, r8, r9, pc}
 8004fde:	ebc3 3303 	rsb	r3, r3, r3, lsl #12
 8004fe2:	eb01 5903 	add.w	r9, r1, r3, lsl #20
 8004fe6:	4649      	mov	r1, r9
 8004fe8:	e7f0      	b.n	8004fcc <__ratio+0x3c>
 8004fea:	bf00      	nop

08004fec <_mprec_log10>:
 8004fec:	2817      	cmp	r0, #23
 8004fee:	b570      	push	{r4, r5, r6, lr}
 8004ff0:	4606      	mov	r6, r0
 8004ff2:	dd0a      	ble.n	800500a <_mprec_log10+0x1e>
 8004ff4:	4908      	ldr	r1, [pc, #32]	@ (8005018 <_mprec_log10+0x2c>)
 8004ff6:	4d09      	ldr	r5, [pc, #36]	@ (800501c <_mprec_log10+0x30>)
 8004ff8:	2000      	movs	r0, #0
 8004ffa:	2400      	movs	r4, #0
 8004ffc:	4622      	mov	r2, r4
 8004ffe:	462b      	mov	r3, r5
 8005000:	f001 fdce 	bl	8006ba0 <__aeabi_dmul>
 8005004:	3e01      	subs	r6, #1
 8005006:	d1f9      	bne.n	8004ffc <_mprec_log10+0x10>
 8005008:	bd70      	pop	{r4, r5, r6, pc}
 800500a:	4b05      	ldr	r3, [pc, #20]	@ (8005020 <_mprec_log10+0x34>)
 800500c:	eb03 03c0 	add.w	r3, r3, r0, lsl #3
 8005010:	e9d3 0104 	ldrd	r0, r1, [r3, #16]
 8005014:	bd70      	pop	{r4, r5, r6, pc}
 8005016:	bf00      	nop
 8005018:	3ff00000 	.word	0x3ff00000
 800501c:	40240000 	.word	0x40240000
 8005020:	080075c0 	.word	0x080075c0

08005024 <__copybits>:
 8005024:	3901      	subs	r1, #1
 8005026:	1149      	asrs	r1, r1, #5
 8005028:	f101 0c01 	add.w	ip, r1, #1
 800502c:	6911      	ldr	r1, [r2, #16]
 800502e:	f102 0314 	add.w	r3, r2, #20
 8005032:	eb03 0181 	add.w	r1, r3, r1, lsl #2
 8005036:	428b      	cmp	r3, r1
 8005038:	eb00 0c8c 	add.w	ip, r0, ip, lsl #2
 800503c:	d216      	bcs.n	800506c <__copybits+0x48>
 800503e:	b510      	push	{r4, lr}
 8005040:	f1a0 0e04 	sub.w	lr, r0, #4
 8005044:	f853 4b04 	ldr.w	r4, [r3], #4
 8005048:	f84e 4f04 	str.w	r4, [lr, #4]!
 800504c:	4299      	cmp	r1, r3
 800504e:	d8f9      	bhi.n	8005044 <__copybits+0x20>
 8005050:	1a8b      	subs	r3, r1, r2
 8005052:	3b15      	subs	r3, #21
 8005054:	f023 0303 	bic.w	r3, r3, #3
 8005058:	3304      	adds	r3, #4
 800505a:	4418      	add	r0, r3
 800505c:	4584      	cmp	ip, r0
 800505e:	d904      	bls.n	800506a <__copybits+0x46>
 8005060:	2300      	movs	r3, #0
 8005062:	f840 3b04 	str.w	r3, [r0], #4
 8005066:	4584      	cmp	ip, r0
 8005068:	d8fb      	bhi.n	8005062 <__copybits+0x3e>
 800506a:	bd10      	pop	{r4, pc}
 800506c:	4584      	cmp	ip, r0
 800506e:	d905      	bls.n	800507c <__copybits+0x58>
 8005070:	2300      	movs	r3, #0
 8005072:	f840 3b04 	str.w	r3, [r0], #4
 8005076:	4584      	cmp	ip, r0
 8005078:	d8fb      	bhi.n	8005072 <__copybits+0x4e>
 800507a:	4770      	bx	lr
 800507c:	4770      	bx	lr
 800507e:	bf00      	nop

08005080 <__any_on>:
 8005080:	6903      	ldr	r3, [r0, #16]
 8005082:	114a      	asrs	r2, r1, #5
 8005084:	4293      	cmp	r3, r2
 8005086:	f100 0014 	add.w	r0, r0, #20
 800508a:	da09      	bge.n	80050a0 <__any_on+0x20>
 800508c:	eb00 0383 	add.w	r3, r0, r3, lsl #2
 8005090:	e002      	b.n	8005098 <__any_on+0x18>
 8005092:	f853 2d04 	ldr.w	r2, [r3, #-4]!
 8005096:	b9a2      	cbnz	r2, 80050c2 <__any_on+0x42>
 8005098:	4283      	cmp	r3, r0
 800509a:	d8fa      	bhi.n	8005092 <__any_on+0x12>
 800509c:	2000      	movs	r0, #0
 800509e:	4770      	bx	lr
 80050a0:	eb00 0382 	add.w	r3, r0, r2, lsl #2
 80050a4:	ddf8      	ble.n	8005098 <__any_on+0x18>
 80050a6:	f011 011f 	ands.w	r1, r1, #31
 80050aa:	d0f5      	beq.n	8005098 <__any_on+0x18>
 80050ac:	b410      	push	{r4}
 80050ae:	f850 4022 	ldr.w	r4, [r0, r2, lsl #2]
 80050b2:	fa24 f201 	lsr.w	r2, r4, r1
 80050b6:	408a      	lsls	r2, r1
 80050b8:	4294      	cmp	r4, r2
 80050ba:	d008      	beq.n	80050ce <__any_on+0x4e>
 80050bc:	2001      	movs	r0, #1
 80050be:	bc10      	pop	{r4}
 80050c0:	4770      	bx	lr
 80050c2:	2001      	movs	r0, #1
 80050c4:	4770      	bx	lr
 80050c6:	f853 2d04 	ldr.w	r2, [r3, #-4]!
 80050ca:	2a00      	cmp	r2, #0
 80050cc:	d1f6      	bne.n	80050bc <__any_on+0x3c>
 80050ce:	4283      	cmp	r3, r0
 80050d0:	d8f9      	bhi.n	80050c6 <__any_on+0x46>
 80050d2:	2000      	movs	r0, #0
 80050d4:	bc10      	pop	{r4}
 80050d6:	4770      	bx	lr

080050d8 <__localeconv_l>:
 80050d8:	30f0      	adds	r0, #240	@ 0xf0
 80050da:	4770      	bx	lr

080050dc <_localeconv_r>:
 80050dc:	4800      	ldr	r0, [pc, #0]	@ (80050e0 <_localeconv_r+0x4>)
 80050de:	4770      	bx	lr
 80050e0:	20000638 	.word	0x20000638

080050e4 <localeconv>:
 80050e4:	4800      	ldr	r0, [pc, #0]	@ (80050e8 <localeconv+0x4>)
 80050e6:	4770      	bx	lr
 80050e8:	20000638 	.word	0x20000638

080050ec <__smakebuf_r>:
 80050ec:	e92d 41f0 	stmdb	sp!, {r4, r5, r6, r7, r8, lr}
 80050f0:	f9b1 300c 	ldrsh.w	r3, [r1, #12]
 80050f4:	460c      	mov	r4, r1
 80050f6:	0799      	lsls	r1, r3, #30
 80050f8:	b096      	sub	sp, #88	@ 0x58
 80050fa:	d508      	bpl.n	800510e <__smakebuf_r+0x22>
 80050fc:	f104 0343 	add.w	r3, r4, #67	@ 0x43
 8005100:	2201      	movs	r2, #1
 8005102:	e9c4 3204 	strd	r3, r2, [r4, #16]
 8005106:	6023      	str	r3, [r4, #0]
 8005108:	b016      	add	sp, #88	@ 0x58
 800510a:	e8bd 81f0 	ldmia.w	sp!, {r4, r5, r6, r7, r8, pc}
 800510e:	f9b4 100e 	ldrsh.w	r1, [r4, #14]
 8005112:	2900      	cmp	r1, #0
 8005114:	4606      	mov	r6, r0
 8005116:	db26      	blt.n	8005166 <__smakebuf_r+0x7a>
 8005118:	466a      	mov	r2, sp
 800511a:	f000 fb3b 	bl	8005794 <_fstat_r>
 800511e:	2800      	cmp	r0, #0
 8005120:	db1f      	blt.n	8005162 <__smakebuf_r+0x76>
 8005122:	9d01      	ldr	r5, [sp, #4]
 8005124:	f405 4570 	and.w	r5, r5, #61440	@ 0xf000
 8005128:	f5a5 5500 	sub.w	r5, r5, #8192	@ 0x2000
 800512c:	fab5 f585 	clz	r5, r5
 8005130:	f44f 6880 	mov.w	r8, #1024	@ 0x400
 8005134:	096d      	lsrs	r5, r5, #5
 8005136:	f44f 6700 	mov.w	r7, #2048	@ 0x800
 800513a:	4641      	mov	r1, r8
 800513c:	4630      	mov	r0, r6
 800513e:	f7fd faf5 	bl	800272c <_malloc_r>
 8005142:	b1e8      	cbz	r0, 8005180 <__smakebuf_r+0x94>
 8005144:	f9b4 300c 	ldrsh.w	r3, [r4, #12]
 8005148:	f8c4 8014 	str.w	r8, [r4, #20]
 800514c:	f043 0380 	orr.w	r3, r3, #128	@ 0x80
 8005150:	6020      	str	r0, [r4, #0]
 8005152:	6120      	str	r0, [r4, #16]
 8005154:	81a3      	strh	r3, [r4, #12]
 8005156:	bb3d      	cbnz	r5, 80051a8 <__smakebuf_r+0xbc>
 8005158:	433b      	orrs	r3, r7
 800515a:	81a3      	strh	r3, [r4, #12]
 800515c:	b016      	add	sp, #88	@ 0x58
 800515e:	e8bd 81f0 	ldmia.w	sp!, {r4, r5, r6, r7, r8, pc}
 8005162:	f9b4 300c 	ldrsh.w	r3, [r4, #12]
 8005166:	f013 0580 	ands.w	r5, r3, #128	@ 0x80
 800516a:	d019      	beq.n	80051a0 <__smakebuf_r+0xb4>
 800516c:	f04f 0840 	mov.w	r8, #64	@ 0x40
 8005170:	2500      	movs	r5, #0
 8005172:	4641      	mov	r1, r8
 8005174:	4630      	mov	r0, r6
 8005176:	462f      	mov	r7, r5
 8005178:	f7fd fad8 	bl	800272c <_malloc_r>
 800517c:	2800      	cmp	r0, #0
 800517e:	d1e1      	bne.n	8005144 <__smakebuf_r+0x58>
 8005180:	f9b4 300c 	ldrsh.w	r3, [r4, #12]
 8005184:	059a      	lsls	r2, r3, #22
 8005186:	d4bf      	bmi.n	8005108 <__smakebuf_r+0x1c>
 8005188:	f023 0303 	bic.w	r3, r3, #3
 800518c:	f104 0243 	add.w	r2, r4, #67	@ 0x43
 8005190:	f043 0302 	orr.w	r3, r3, #2
 8005194:	2101      	movs	r1, #1
 8005196:	e9c4 2104 	strd	r2, r1, [r4, #16]
 800519a:	81a3      	strh	r3, [r4, #12]
 800519c:	6022      	str	r2, [r4, #0]
 800519e:	e7b3      	b.n	8005108 <__smakebuf_r+0x1c>
 80051a0:	f44f 6880 	mov.w	r8, #1024	@ 0x400
 80051a4:	462f      	mov	r7, r5
 80051a6:	e7c8      	b.n	800513a <__smakebuf_r+0x4e>
 80051a8:	f9b4 100e 	ldrsh.w	r1, [r4, #14]
 80051ac:	4630      	mov	r0, r6
 80051ae:	f000 fb07 	bl	80057c0 <_isatty_r>
 80051b2:	b910      	cbnz	r0, 80051ba <__smakebuf_r+0xce>
 80051b4:	f9b4 300c 	ldrsh.w	r3, [r4, #12]
 80051b8:	e7ce      	b.n	8005158 <__smakebuf_r+0x6c>
 80051ba:	89a3      	ldrh	r3, [r4, #12]
 80051bc:	f023 0303 	bic.w	r3, r3, #3
 80051c0:	f043 0301 	orr.w	r3, r3, #1
 80051c4:	b21b      	sxth	r3, r3
 80051c6:	e7c7      	b.n	8005158 <__smakebuf_r+0x6c>

080051c8 <__swhatbuf_r>:
 80051c8:	b570      	push	{r4, r5, r6, lr}
 80051ca:	460c      	mov	r4, r1
 80051cc:	f9b1 100e 	ldrsh.w	r1, [r1, #14]
 80051d0:	2900      	cmp	r1, #0
 80051d2:	b096      	sub	sp, #88	@ 0x58
 80051d4:	4615      	mov	r5, r2
 80051d6:	461e      	mov	r6, r3
 80051d8:	db14      	blt.n	8005204 <__swhatbuf_r+0x3c>
 80051da:	466a      	mov	r2, sp
 80051dc:	f000 fada 	bl	8005794 <_fstat_r>
 80051e0:	2800      	cmp	r0, #0
 80051e2:	db0f      	blt.n	8005204 <__swhatbuf_r+0x3c>
 80051e4:	9901      	ldr	r1, [sp, #4]
 80051e6:	f401 4170 	and.w	r1, r1, #61440	@ 0xf000
 80051ea:	f5a1 5100 	sub.w	r1, r1, #8192	@ 0x2000
 80051ee:	fab1 f181 	clz	r1, r1
 80051f2:	f44f 6380 	mov.w	r3, #1024	@ 0x400
 80051f6:	0949      	lsrs	r1, r1, #5
 80051f8:	f44f 6000 	mov.w	r0, #2048	@ 0x800
 80051fc:	6031      	str	r1, [r6, #0]
 80051fe:	602b      	str	r3, [r5, #0]
 8005200:	b016      	add	sp, #88	@ 0x58
 8005202:	bd70      	pop	{r4, r5, r6, pc}
 8005204:	89a1      	ldrh	r1, [r4, #12]
 8005206:	f011 0180 	ands.w	r1, r1, #128	@ 0x80
 800520a:	d006      	beq.n	800521a <__swhatbuf_r+0x52>
 800520c:	2100      	movs	r1, #0
 800520e:	2340      	movs	r3, #64	@ 0x40
 8005210:	4608      	mov	r0, r1
 8005212:	6031      	str	r1, [r6, #0]
 8005214:	602b      	str	r3, [r5, #0]
 8005216:	b016      	add	sp, #88	@ 0x58
 8005218:	bd70      	pop	{r4, r5, r6, pc}
 800521a:	f44f 6380 	mov.w	r3, #1024	@ 0x400
 800521e:	4608      	mov	r0, r1
 8005220:	6031      	str	r1, [r6, #0]
 8005222:	602b      	str	r3, [r5, #0]
 8005224:	b016      	add	sp, #88	@ 0x58
 8005226:	bd70      	pop	{r4, r5, r6, pc}

08005228 <_setlocale_r>:
 8005228:	b142      	cbz	r2, 800523c <_setlocale_r+0x14>
 800522a:	b510      	push	{r4, lr}
 800522c:	490b      	ldr	r1, [pc, #44]	@ (800525c <_setlocale_r+0x34>)
 800522e:	4610      	mov	r0, r2
 8005230:	4614      	mov	r4, r2
 8005232:	f000 f845 	bl	80052c0 <strcmp>
 8005236:	b918      	cbnz	r0, 8005240 <_setlocale_r+0x18>
 8005238:	4809      	ldr	r0, [pc, #36]	@ (8005260 <_setlocale_r+0x38>)
 800523a:	bd10      	pop	{r4, pc}
 800523c:	4808      	ldr	r0, [pc, #32]	@ (8005260 <_setlocale_r+0x38>)
 800523e:	4770      	bx	lr
 8005240:	4907      	ldr	r1, [pc, #28]	@ (8005260 <_setlocale_r+0x38>)
 8005242:	4620      	mov	r0, r4
 8005244:	f000 f83c 	bl	80052c0 <strcmp>
 8005248:	2800      	cmp	r0, #0
 800524a:	d0f5      	beq.n	8005238 <_setlocale_r+0x10>
 800524c:	4905      	ldr	r1, [pc, #20]	@ (8005264 <_setlocale_r+0x3c>)
 800524e:	4620      	mov	r0, r4
 8005250:	f000 f836 	bl	80052c0 <strcmp>
 8005254:	2800      	cmp	r0, #0
 8005256:	d0ef      	beq.n	8005238 <_setlocale_r+0x10>
 8005258:	2000      	movs	r0, #0
 800525a:	bd10      	pop	{r4, pc}
 800525c:	0800742c 	.word	0x0800742c
 8005260:	08007428 	.word	0x08007428
 8005264:	08007218 	.word	0x08007218

08005268 <__locale_mb_cur_max>:
 8005268:	4b01      	ldr	r3, [pc, #4]	@ (8005270 <__locale_mb_cur_max+0x8>)
 800526a:	f893 0128 	ldrb.w	r0, [r3, #296]	@ 0x128
 800526e:	4770      	bx	lr
 8005270:	20000548 	.word	0x20000548

08005274 <setlocale>:
 8005274:	b141      	cbz	r1, 8005288 <setlocale+0x14>
 8005276:	b510      	push	{r4, lr}
 8005278:	460c      	mov	r4, r1
 800527a:	4620      	mov	r0, r4
 800527c:	490a      	ldr	r1, [pc, #40]	@ (80052a8 <setlocale+0x34>)
 800527e:	f000 f81f 	bl	80052c0 <strcmp>
 8005282:	b918      	cbnz	r0, 800528c <setlocale+0x18>
 8005284:	4809      	ldr	r0, [pc, #36]	@ (80052ac <setlocale+0x38>)
 8005286:	bd10      	pop	{r4, pc}
 8005288:	4808      	ldr	r0, [pc, #32]	@ (80052ac <setlocale+0x38>)
 800528a:	4770      	bx	lr
 800528c:	4907      	ldr	r1, [pc, #28]	@ (80052ac <setlocale+0x38>)
 800528e:	4620      	mov	r0, r4
 8005290:	f000 f816 	bl	80052c0 <strcmp>
 8005294:	2800      	cmp	r0, #0
 8005296:	d0f5      	beq.n	8005284 <setlocale+0x10>
 8005298:	4905      	ldr	r1, [pc, #20]	@ (80052b0 <setlocale+0x3c>)
 800529a:	4620      	mov	r0, r4
 800529c:	f000 f810 	bl	80052c0 <strcmp>
 80052a0:	2800      	cmp	r0, #0
 80052a2:	d0ef      	beq.n	8005284 <setlocale+0x10>
 80052a4:	2000      	movs	r0, #0
 80052a6:	bd10      	pop	{r4, pc}
 80052a8:	0800742c 	.word	0x0800742c
 80052ac:	08007428 	.word	0x08007428
 80052b0:	08007218 	.word	0x08007218
	...

080052c0 <strcmp>:
 80052c0:	7802      	ldrb	r2, [r0, #0]
 80052c2:	780b      	ldrb	r3, [r1, #0]
 80052c4:	2a01      	cmp	r2, #1
 80052c6:	bf28      	it	cs
 80052c8:	429a      	cmpcs	r2, r3
 80052ca:	f040 80d8 	bne.w	800547e <strcmp+0x1be>
 80052ce:	e96d 4504 	strd	r4, r5, [sp, #-16]!
 80052d2:	ea40 0401 	orr.w	r4, r0, r1
 80052d6:	e9cd 6702 	strd	r6, r7, [sp, #8]
 80052da:	f06f 0c00 	mvn.w	ip, #0
 80052de:	ea4f 7244 	mov.w	r2, r4, lsl #29
 80052e2:	b31a      	cbz	r2, 800532c <strcmp+0x6c>
 80052e4:	ea80 0401 	eor.w	r4, r0, r1
 80052e8:	f014 0f07 	tst.w	r4, #7
 80052ec:	d16b      	bne.n	80053c6 <strcmp+0x106>
 80052ee:	f000 0407 	and.w	r4, r0, #7
 80052f2:	f020 0007 	bic.w	r0, r0, #7
 80052f6:	f004 0503 	and.w	r5, r4, #3
 80052fa:	f021 0107 	bic.w	r1, r1, #7
 80052fe:	ea4f 05c5 	mov.w	r5, r5, lsl #3
 8005302:	e8f0 2304 	ldrd	r2, r3, [r0], #16
 8005306:	f014 0f04 	tst.w	r4, #4
 800530a:	e8f1 6704 	ldrd	r6, r7, [r1], #16
 800530e:	fa0c f405 	lsl.w	r4, ip, r5
 8005312:	ea62 0204 	orn	r2, r2, r4
 8005316:	ea66 0604 	orn	r6, r6, r4
 800531a:	d00b      	beq.n	8005334 <strcmp+0x74>
 800531c:	ea63 0304 	orn	r3, r3, r4
 8005320:	4662      	mov	r2, ip
 8005322:	ea67 0704 	orn	r7, r7, r4
 8005326:	4666      	mov	r6, ip
 8005328:	e004      	b.n	8005334 <strcmp+0x74>
 800532a:	bf00      	nop
 800532c:	e8f0 2304 	ldrd	r2, r3, [r0], #16
 8005330:	e8f1 6704 	ldrd	r6, r7, [r1], #16
 8005334:	fa82 f54c 	uadd8	r5, r2, ip
 8005338:	ea82 0406 	eor.w	r4, r2, r6
 800533c:	faa4 f48c 	sel	r4, r4, ip
 8005340:	bb6c      	cbnz	r4, 800539e <strcmp+0xde>
 8005342:	fa83 f54c 	uadd8	r5, r3, ip
 8005346:	ea83 0507 	eor.w	r5, r3, r7
 800534a:	faa5 f58c 	sel	r5, r5, ip
 800534e:	b995      	cbnz	r5, 8005376 <strcmp+0xb6>
 8005350:	e950 2302 	ldrd	r2, r3, [r0, #-8]
 8005354:	e951 6702 	ldrd	r6, r7, [r1, #-8]
 8005358:	fa82 f54c 	uadd8	r5, r2, ip
 800535c:	ea82 0406 	eor.w	r4, r2, r6
 8005360:	faa4 f48c 	sel	r4, r4, ip
 8005364:	fa83 f54c 	uadd8	r5, r3, ip
 8005368:	ea83 0507 	eor.w	r5, r3, r7
 800536c:	faa5 f58c 	sel	r5, r5, ip
 8005370:	4325      	orrs	r5, r4
 8005372:	d0db      	beq.n	800532c <strcmp+0x6c>
 8005374:	b99c      	cbnz	r4, 800539e <strcmp+0xde>
 8005376:	ba2d      	rev	r5, r5
 8005378:	fab5 f485 	clz	r4, r5
 800537c:	f024 0407 	bic.w	r4, r4, #7
 8005380:	fa27 f104 	lsr.w	r1, r7, r4
 8005384:	e9dd 6702 	ldrd	r6, r7, [sp, #8]
 8005388:	fa23 f304 	lsr.w	r3, r3, r4
 800538c:	f003 00ff 	and.w	r0, r3, #255	@ 0xff
 8005390:	f001 01ff 	and.w	r1, r1, #255	@ 0xff
 8005394:	e8fd 4504 	ldrd	r4, r5, [sp], #16
 8005398:	eba0 0001 	sub.w	r0, r0, r1
 800539c:	4770      	bx	lr
 800539e:	ba24      	rev	r4, r4
 80053a0:	fab4 f484 	clz	r4, r4
 80053a4:	f024 0407 	bic.w	r4, r4, #7
 80053a8:	fa26 f104 	lsr.w	r1, r6, r4
 80053ac:	e9dd 6702 	ldrd	r6, r7, [sp, #8]
 80053b0:	fa22 f204 	lsr.w	r2, r2, r4
 80053b4:	f002 00ff 	and.w	r0, r2, #255	@ 0xff
 80053b8:	f001 01ff 	and.w	r1, r1, #255	@ 0xff
 80053bc:	e8fd 4504 	ldrd	r4, r5, [sp], #16
 80053c0:	eba0 0001 	sub.w	r0, r0, r1
 80053c4:	4770      	bx	lr
 80053c6:	f014 0f03 	tst.w	r4, #3
 80053ca:	d13c      	bne.n	8005446 <strcmp+0x186>
 80053cc:	f010 0403 	ands.w	r4, r0, #3
 80053d0:	d128      	bne.n	8005424 <strcmp+0x164>
 80053d2:	f850 2b08 	ldr.w	r2, [r0], #8
 80053d6:	f851 3b08 	ldr.w	r3, [r1], #8
 80053da:	fa82 f54c 	uadd8	r5, r2, ip
 80053de:	ea82 0503 	eor.w	r5, r2, r3
 80053e2:	faa5 f58c 	sel	r5, r5, ip
 80053e6:	b95d      	cbnz	r5, 8005400 <strcmp+0x140>
 80053e8:	f850 2c04 	ldr.w	r2, [r0, #-4]
 80053ec:	f851 3c04 	ldr.w	r3, [r1, #-4]
 80053f0:	fa82 f54c 	uadd8	r5, r2, ip
 80053f4:	ea82 0503 	eor.w	r5, r2, r3
 80053f8:	faa5 f58c 	sel	r5, r5, ip
 80053fc:	2d00      	cmp	r5, #0
 80053fe:	d0e8      	beq.n	80053d2 <strcmp+0x112>
 8005400:	ba2d      	rev	r5, r5
 8005402:	fab5 f485 	clz	r4, r5
 8005406:	f024 0407 	bic.w	r4, r4, #7
 800540a:	fa23 f104 	lsr.w	r1, r3, r4
 800540e:	fa22 f204 	lsr.w	r2, r2, r4
 8005412:	f002 00ff 	and.w	r0, r2, #255	@ 0xff
 8005416:	f001 01ff 	and.w	r1, r1, #255	@ 0xff
 800541a:	e8fd 4504 	ldrd	r4, r5, [sp], #16
 800541e:	eba0 0001 	sub.w	r0, r0, r1
 8005422:	4770      	bx	lr
 8005424:	ea4f 04c4 	mov.w	r4, r4, lsl #3
 8005428:	f020 0003 	bic.w	r0, r0, #3
 800542c:	f850 2b08 	ldr.w	r2, [r0], #8
 8005430:	f021 0103 	bic.w	r1, r1, #3
 8005434:	f851 3b08 	ldr.w	r3, [r1], #8
 8005438:	fa0c f404 	lsl.w	r4, ip, r4
 800543c:	ea62 0204 	orn	r2, r2, r4
 8005440:	ea63 0304 	orn	r3, r3, r4
 8005444:	e7c9      	b.n	80053da <strcmp+0x11a>
 8005446:	f010 0403 	ands.w	r4, r0, #3
 800544a:	d01d      	beq.n	8005488 <strcmp+0x1c8>
 800544c:	eba1 0104 	sub.w	r1, r1, r4
 8005450:	f020 0003 	bic.w	r0, r0, #3
 8005454:	07e4      	lsls	r4, r4, #31
 8005456:	f850 2b04 	ldr.w	r2, [r0], #4
 800545a:	d006      	beq.n	800546a <strcmp+0x1aa>
 800545c:	d212      	bcs.n	8005484 <strcmp+0x1c4>
 800545e:	788b      	ldrb	r3, [r1, #2]
 8005460:	fa5f f4a2 	uxtb.w	r4, r2, ror #16
 8005464:	1ae4      	subs	r4, r4, r3
 8005466:	d106      	bne.n	8005476 <strcmp+0x1b6>
 8005468:	b12b      	cbz	r3, 8005476 <strcmp+0x1b6>
 800546a:	78cb      	ldrb	r3, [r1, #3]
 800546c:	fa5f f4b2 	uxtb.w	r4, r2, ror #24
 8005470:	1ae4      	subs	r4, r4, r3
 8005472:	d100      	bne.n	8005476 <strcmp+0x1b6>
 8005474:	b933      	cbnz	r3, 8005484 <strcmp+0x1c4>
 8005476:	4620      	mov	r0, r4
 8005478:	f85d 4b10 	ldr.w	r4, [sp], #16
 800547c:	4770      	bx	lr
 800547e:	eba2 0003 	sub.w	r0, r2, r3
 8005482:	4770      	bx	lr
 8005484:	f101 0104 	add.w	r1, r1, #4
 8005488:	f850 2b04 	ldr.w	r2, [r0], #4
 800548c:	07cc      	lsls	r4, r1, #31
 800548e:	f021 0103 	bic.w	r1, r1, #3
 8005492:	f851 3b04 	ldr.w	r3, [r1], #4
 8005496:	d848      	bhi.n	800552a <strcmp+0x26a>
 8005498:	d224      	bcs.n	80054e4 <strcmp+0x224>
 800549a:	f022 447f 	bic.w	r4, r2, #4278190080	@ 0xff000000
 800549e:	fa82 f54c 	uadd8	r5, r2, ip
 80054a2:	ea94 2513 	eors.w	r5, r4, r3, lsr #8
 80054a6:	faa5 f58c 	sel	r5, r5, ip
 80054aa:	d10a      	bne.n	80054c2 <strcmp+0x202>
 80054ac:	b965      	cbnz	r5, 80054c8 <strcmp+0x208>
 80054ae:	f851 3b04 	ldr.w	r3, [r1], #4
 80054b2:	ea84 0402 	eor.w	r4, r4, r2
 80054b6:	ebb4 6f03 	cmp.w	r4, r3, lsl #24
 80054ba:	d10e      	bne.n	80054da <strcmp+0x21a>
 80054bc:	f850 2b04 	ldr.w	r2, [r0], #4
 80054c0:	e7eb      	b.n	800549a <strcmp+0x1da>
 80054c2:	ea4f 2313 	mov.w	r3, r3, lsr #8
 80054c6:	e055      	b.n	8005574 <strcmp+0x2b4>
 80054c8:	f035 457f 	bics.w	r5, r5, #4278190080	@ 0xff000000
 80054cc:	d14d      	bne.n	800556a <strcmp+0x2aa>
 80054ce:	7808      	ldrb	r0, [r1, #0]
 80054d0:	e8fd 4504 	ldrd	r4, r5, [sp], #16
 80054d4:	f1c0 0000 	rsb	r0, r0, #0
 80054d8:	4770      	bx	lr
 80054da:	ea4f 6212 	mov.w	r2, r2, lsr #24
 80054de:	f003 03ff 	and.w	r3, r3, #255	@ 0xff
 80054e2:	e047      	b.n	8005574 <strcmp+0x2b4>
 80054e4:	ea02 441c 	and.w	r4, r2, ip, lsr #16
 80054e8:	fa82 f54c 	uadd8	r5, r2, ip
 80054ec:	ea94 4513 	eors.w	r5, r4, r3, lsr #16
 80054f0:	faa5 f58c 	sel	r5, r5, ip
 80054f4:	d10a      	bne.n	800550c <strcmp+0x24c>
 80054f6:	b965      	cbnz	r5, 8005512 <strcmp+0x252>
 80054f8:	f851 3b04 	ldr.w	r3, [r1], #4
 80054fc:	ea84 0402 	eor.w	r4, r4, r2
 8005500:	ebb4 4f03 	cmp.w	r4, r3, lsl #16
 8005504:	d10c      	bne.n	8005520 <strcmp+0x260>
 8005506:	f850 2b04 	ldr.w	r2, [r0], #4
 800550a:	e7eb      	b.n	80054e4 <strcmp+0x224>
 800550c:	ea4f 4313 	mov.w	r3, r3, lsr #16
 8005510:	e030      	b.n	8005574 <strcmp+0x2b4>
 8005512:	ea15 451c 	ands.w	r5, r5, ip, lsr #16
 8005516:	d128      	bne.n	800556a <strcmp+0x2aa>
 8005518:	880b      	ldrh	r3, [r1, #0]
 800551a:	ea4f 4212 	mov.w	r2, r2, lsr #16
 800551e:	e029      	b.n	8005574 <strcmp+0x2b4>
 8005520:	ea4f 4212 	mov.w	r2, r2, lsr #16
 8005524:	ea03 431c 	and.w	r3, r3, ip, lsr #16
 8005528:	e024      	b.n	8005574 <strcmp+0x2b4>
 800552a:	f002 04ff 	and.w	r4, r2, #255	@ 0xff
 800552e:	fa82 f54c 	uadd8	r5, r2, ip
 8005532:	ea94 6513 	eors.w	r5, r4, r3, lsr #24
 8005536:	faa5 f58c 	sel	r5, r5, ip
 800553a:	d10a      	bne.n	8005552 <strcmp+0x292>
 800553c:	b965      	cbnz	r5, 8005558 <strcmp+0x298>
 800553e:	f851 3b04 	ldr.w	r3, [r1], #4
 8005542:	ea84 0402 	eor.w	r4, r4, r2
 8005546:	ebb4 2f03 	cmp.w	r4, r3, lsl #8
 800554a:	d109      	bne.n	8005560 <strcmp+0x2a0>
 800554c:	f850 2b04 	ldr.w	r2, [r0], #4
 8005550:	e7eb      	b.n	800552a <strcmp+0x26a>
 8005552:	ea4f 6313 	mov.w	r3, r3, lsr #24
 8005556:	e00d      	b.n	8005574 <strcmp+0x2b4>
 8005558:	f015 0fff 	tst.w	r5, #255	@ 0xff
 800555c:	d105      	bne.n	800556a <strcmp+0x2aa>
 800555e:	680b      	ldr	r3, [r1, #0]
 8005560:	ea4f 2212 	mov.w	r2, r2, lsr #8
 8005564:	f023 437f 	bic.w	r3, r3, #4278190080	@ 0xff000000
 8005568:	e004      	b.n	8005574 <strcmp+0x2b4>
 800556a:	f04f 0000 	mov.w	r0, #0
 800556e:	e8fd 4504 	ldrd	r4, r5, [sp], #16
 8005572:	4770      	bx	lr
 8005574:	ba12      	rev	r2, r2
 8005576:	ba1b      	rev	r3, r3
 8005578:	fa82 f44c 	uadd8	r4, r2, ip
 800557c:	ea82 0403 	eor.w	r4, r2, r3
 8005580:	faa4 f58c 	sel	r5, r4, ip
 8005584:	fab5 f485 	clz	r4, r5
 8005588:	fa02 f204 	lsl.w	r2, r2, r4
 800558c:	fa03 f304 	lsl.w	r3, r3, r4
 8005590:	ea4f 6012 	mov.w	r0, r2, lsr #24
 8005594:	e8fd 4504 	ldrd	r4, r5, [sp], #16
 8005598:	eba0 6013 	sub.w	r0, r0, r3, lsr #24
 800559c:	4770      	bx	lr
 800559e:	bf00      	nop

080055a0 <_mbtowc_r>:
 80055a0:	b410      	push	{r4}
 80055a2:	4c03      	ldr	r4, [pc, #12]	@ (80055b0 <_mbtowc_r+0x10>)
 80055a4:	f8d4 40e4 	ldr.w	r4, [r4, #228]	@ 0xe4
 80055a8:	46a4      	mov	ip, r4
 80055aa:	bc10      	pop	{r4}
 80055ac:	4760      	bx	ip
 80055ae:	bf00      	nop
 80055b0:	20000548 	.word	0x20000548

080055b4 <__ascii_mbtowc>:
 80055b4:	b082      	sub	sp, #8
 80055b6:	b149      	cbz	r1, 80055cc <__ascii_mbtowc+0x18>
 80055b8:	b15a      	cbz	r2, 80055d2 <__ascii_mbtowc+0x1e>
 80055ba:	b16b      	cbz	r3, 80055d8 <__ascii_mbtowc+0x24>
 80055bc:	7813      	ldrb	r3, [r2, #0]
 80055be:	600b      	str	r3, [r1, #0]
 80055c0:	7812      	ldrb	r2, [r2, #0]
 80055c2:	1e10      	subs	r0, r2, #0
 80055c4:	bf18      	it	ne
 80055c6:	2001      	movne	r0, #1
 80055c8:	b002      	add	sp, #8
 80055ca:	4770      	bx	lr
 80055cc:	a901      	add	r1, sp, #4
 80055ce:	2a00      	cmp	r2, #0
 80055d0:	d1f3      	bne.n	80055ba <__ascii_mbtowc+0x6>
 80055d2:	4610      	mov	r0, r2
 80055d4:	b002      	add	sp, #8
 80055d6:	4770      	bx	lr
 80055d8:	f06f 0001 	mvn.w	r0, #1
 80055dc:	e7f4      	b.n	80055c8 <__ascii_mbtowc+0x14>
 80055de:	bf00      	nop

080055e0 <abort>:
 80055e0:	b508      	push	{r3, lr}
 80055e2:	2006      	movs	r0, #6
 80055e4:	f000 f99a 	bl	800591c <raise>
 80055e8:	2001      	movs	r0, #1
 80055ea:	f001 fdf1 	bl	80071d0 <_exit>
 80055ee:	bf00      	nop

080055f0 <_calloc_r>:
 80055f0:	b538      	push	{r3, r4, r5, lr}
 80055f2:	fba1 1402 	umull	r1, r4, r1, r2
 80055f6:	bb54      	cbnz	r4, 800564e <_calloc_r+0x5e>
 80055f8:	f7fd f898 	bl	800272c <_malloc_r>
 80055fc:	4605      	mov	r5, r0
 80055fe:	b350      	cbz	r0, 8005656 <_calloc_r+0x66>
 8005600:	f850 2c04 	ldr.w	r2, [r0, #-4]
 8005604:	f022 0203 	bic.w	r2, r2, #3
 8005608:	3a04      	subs	r2, #4
 800560a:	2a24      	cmp	r2, #36	@ 0x24
 800560c:	d810      	bhi.n	8005630 <_calloc_r+0x40>
 800560e:	2a13      	cmp	r2, #19
 8005610:	d913      	bls.n	800563a <_calloc_r+0x4a>
 8005612:	2a1b      	cmp	r2, #27
 8005614:	e9c0 4400 	strd	r4, r4, [r0]
 8005618:	d916      	bls.n	8005648 <_calloc_r+0x58>
 800561a:	2a24      	cmp	r2, #36	@ 0x24
 800561c:	e9c0 4402 	strd	r4, r4, [r0, #8]
 8005620:	bf0a      	itet	eq
 8005622:	e9c0 4404 	strdeq	r4, r4, [r0, #16]
 8005626:	f100 0210 	addne.w	r2, r0, #16
 800562a:	f100 0218 	addeq.w	r2, r0, #24
 800562e:	e005      	b.n	800563c <_calloc_r+0x4c>
 8005630:	4621      	mov	r1, r4
 8005632:	f7fb fc0f 	bl	8000e54 <memset>
 8005636:	4628      	mov	r0, r5
 8005638:	bd38      	pop	{r3, r4, r5, pc}
 800563a:	4602      	mov	r2, r0
 800563c:	2300      	movs	r3, #0
 800563e:	e9c2 3300 	strd	r3, r3, [r2]
 8005642:	6093      	str	r3, [r2, #8]
 8005644:	4628      	mov	r0, r5
 8005646:	bd38      	pop	{r3, r4, r5, pc}
 8005648:	f100 0208 	add.w	r2, r0, #8
 800564c:	e7f6      	b.n	800563c <_calloc_r+0x4c>
 800564e:	f7fb f8e3 	bl	8000818 <__errno>
 8005652:	230c      	movs	r3, #12
 8005654:	6003      	str	r3, [r0, #0]
 8005656:	2500      	movs	r5, #0
 8005658:	4628      	mov	r0, r5
 800565a:	bd38      	pop	{r3, r4, r5, pc}

0800565c <_read_r>:
 800565c:	b538      	push	{r3, r4, r5, lr}
 800565e:	460c      	mov	r4, r1
 8005660:	4d08      	ldr	r5, [pc, #32]	@ (8005684 <_read_r+0x28>)
 8005662:	4684      	mov	ip, r0
 8005664:	4611      	mov	r1, r2
 8005666:	4620      	mov	r0, r4
 8005668:	461a      	mov	r2, r3
 800566a:	2300      	movs	r3, #0
 800566c:	602b      	str	r3, [r5, #0]
 800566e:	4664      	mov	r4, ip
 8005670:	f001 fd9e 	bl	80071b0 <_read>
 8005674:	1c43      	adds	r3, r0, #1
 8005676:	d000      	beq.n	800567a <_read_r+0x1e>
 8005678:	bd38      	pop	{r3, r4, r5, pc}
 800567a:	682b      	ldr	r3, [r5, #0]
 800567c:	2b00      	cmp	r3, #0
 800567e:	d0fb      	beq.n	8005678 <_read_r+0x1c>
 8005680:	6023      	str	r3, [r4, #0]
 8005682:	bd38      	pop	{r3, r4, r5, pc}
 8005684:	20000830 	.word	0x20000830

08005688 <_fiprintf_r>:
 8005688:	b40c      	push	{r2, r3}
 800568a:	b500      	push	{lr}
 800568c:	b083      	sub	sp, #12
 800568e:	ab04      	add	r3, sp, #16
 8005690:	f853 2b04 	ldr.w	r2, [r3], #4
 8005694:	9301      	str	r3, [sp, #4]
 8005696:	f000 f9fd 	bl	8005a94 <_vfiprintf_r>
 800569a:	b003      	add	sp, #12
 800569c:	f85d eb04 	ldr.w	lr, [sp], #4
 80056a0:	b002      	add	sp, #8
 80056a2:	4770      	bx	lr

080056a4 <fiprintf>:
 80056a4:	b40e      	push	{r1, r2, r3}
 80056a6:	b510      	push	{r4, lr}
 80056a8:	b083      	sub	sp, #12
 80056aa:	ab05      	add	r3, sp, #20
 80056ac:	4c06      	ldr	r4, [pc, #24]	@ (80056c8 <fiprintf+0x24>)
 80056ae:	f853 2b04 	ldr.w	r2, [r3], #4
 80056b2:	9301      	str	r3, [sp, #4]
 80056b4:	4601      	mov	r1, r0
 80056b6:	6820      	ldr	r0, [r4, #0]
 80056b8:	f000 f9ec 	bl	8005a94 <_vfiprintf_r>
 80056bc:	b003      	add	sp, #12
 80056be:	e8bd 4010 	ldmia.w	sp!, {r4, lr}
 80056c2:	b003      	add	sp, #12
 80056c4:	4770      	bx	lr
 80056c6:	bf00      	nop
 80056c8:	20000000 	.word	0x20000000

080056cc <_wctomb_r>:
 80056cc:	b410      	push	{r4}
 80056ce:	4c03      	ldr	r4, [pc, #12]	@ (80056dc <_wctomb_r+0x10>)
 80056d0:	f8d4 40e0 	ldr.w	r4, [r4, #224]	@ 0xe0
 80056d4:	46a4      	mov	ip, r4
 80056d6:	bc10      	pop	{r4}
 80056d8:	4760      	bx	ip
 80056da:	bf00      	nop
 80056dc:	20000548 	.word	0x20000548

080056e0 <__ascii_wctomb>:
 80056e0:	b149      	cbz	r1, 80056f6 <__ascii_wctomb+0x16>
 80056e2:	2aff      	cmp	r2, #255	@ 0xff
 80056e4:	d802      	bhi.n	80056ec <__ascii_wctomb+0xc>
 80056e6:	700a      	strb	r2, [r1, #0]
 80056e8:	2001      	movs	r0, #1
 80056ea:	4770      	bx	lr
 80056ec:	238a      	movs	r3, #138	@ 0x8a
 80056ee:	6003      	str	r3, [r0, #0]
 80056f0:	f04f 30ff 	mov.w	r0, #4294967295	@ 0xffffffff
 80056f4:	4770      	bx	lr
 80056f6:	4608      	mov	r0, r1
 80056f8:	4770      	bx	lr
 80056fa:	bf00      	nop

080056fc <_lseek_r>:
 80056fc:	b538      	push	{r3, r4, r5, lr}
 80056fe:	460c      	mov	r4, r1
 8005700:	4d08      	ldr	r5, [pc, #32]	@ (8005724 <_lseek_r+0x28>)
 8005702:	4684      	mov	ip, r0
 8005704:	4611      	mov	r1, r2
 8005706:	4620      	mov	r0, r4
 8005708:	461a      	mov	r2, r3
 800570a:	2300      	movs	r3, #0
 800570c:	602b      	str	r3, [r5, #0]
 800570e:	4664      	mov	r4, ip
 8005710:	f001 fd46 	bl	80071a0 <_lseek>
 8005714:	1c43      	adds	r3, r0, #1
 8005716:	d000      	beq.n	800571a <_lseek_r+0x1e>
 8005718:	bd38      	pop	{r3, r4, r5, pc}
 800571a:	682b      	ldr	r3, [r5, #0]
 800571c:	2b00      	cmp	r3, #0
 800571e:	d0fb      	beq.n	8005718 <_lseek_r+0x1c>
 8005720:	6023      	str	r3, [r4, #0]
 8005722:	bd38      	pop	{r3, r4, r5, pc}
 8005724:	20000830 	.word	0x20000830

08005728 <_reclaim_reent>:
 8005728:	4b19      	ldr	r3, [pc, #100]	@ (8005790 <_reclaim_reent+0x68>)
 800572a:	681b      	ldr	r3, [r3, #0]
 800572c:	4283      	cmp	r3, r0
 800572e:	d02e      	beq.n	800578e <_reclaim_reent+0x66>
 8005730:	6c41      	ldr	r1, [r0, #68]	@ 0x44
 8005732:	b570      	push	{r4, r5, r6, lr}
 8005734:	4605      	mov	r5, r0
 8005736:	b181      	cbz	r1, 800575a <_reclaim_reent+0x32>
 8005738:	2600      	movs	r6, #0
 800573a:	598c      	ldr	r4, [r1, r6]
 800573c:	b13c      	cbz	r4, 800574e <_reclaim_reent+0x26>
 800573e:	4621      	mov	r1, r4
 8005740:	6824      	ldr	r4, [r4, #0]
 8005742:	4628      	mov	r0, r5
 8005744:	f7fe fb36 	bl	8003db4 <_free_r>
 8005748:	2c00      	cmp	r4, #0
 800574a:	d1f8      	bne.n	800573e <_reclaim_reent+0x16>
 800574c:	6c69      	ldr	r1, [r5, #68]	@ 0x44
 800574e:	3604      	adds	r6, #4
 8005750:	2e80      	cmp	r6, #128	@ 0x80
 8005752:	d1f2      	bne.n	800573a <_reclaim_reent+0x12>
 8005754:	4628      	mov	r0, r5
 8005756:	f7fe fb2d 	bl	8003db4 <_free_r>
 800575a:	6ba9      	ldr	r1, [r5, #56]	@ 0x38
 800575c:	b111      	cbz	r1, 8005764 <_reclaim_reent+0x3c>
 800575e:	4628      	mov	r0, r5
 8005760:	f7fe fb28 	bl	8003db4 <_free_r>
 8005764:	6c2c      	ldr	r4, [r5, #64]	@ 0x40
 8005766:	b134      	cbz	r4, 8005776 <_reclaim_reent+0x4e>
 8005768:	4621      	mov	r1, r4
 800576a:	6824      	ldr	r4, [r4, #0]
 800576c:	4628      	mov	r0, r5
 800576e:	f7fe fb21 	bl	8003db4 <_free_r>
 8005772:	2c00      	cmp	r4, #0
 8005774:	d1f8      	bne.n	8005768 <_reclaim_reent+0x40>
 8005776:	6ce9      	ldr	r1, [r5, #76]	@ 0x4c
 8005778:	b111      	cbz	r1, 8005780 <_reclaim_reent+0x58>
 800577a:	4628      	mov	r0, r5
 800577c:	f7fe fb1a 	bl	8003db4 <_free_r>
 8005780:	6b6b      	ldr	r3, [r5, #52]	@ 0x34
 8005782:	b11b      	cbz	r3, 800578c <_reclaim_reent+0x64>
 8005784:	4628      	mov	r0, r5
 8005786:	e8bd 4070 	ldmia.w	sp!, {r4, r5, r6, lr}
 800578a:	4718      	bx	r3
 800578c:	bd70      	pop	{r4, r5, r6, pc}
 800578e:	4770      	bx	lr
 8005790:	20000000 	.word	0x20000000

08005794 <_fstat_r>:
 8005794:	b570      	push	{r4, r5, r6, lr}
 8005796:	460c      	mov	r4, r1
 8005798:	4d08      	ldr	r5, [pc, #32]	@ (80057bc <_fstat_r+0x28>)
 800579a:	4603      	mov	r3, r0
 800579c:	2600      	movs	r6, #0
 800579e:	4620      	mov	r0, r4
 80057a0:	4611      	mov	r1, r2
 80057a2:	461c      	mov	r4, r3
 80057a4:	602e      	str	r6, [r5, #0]
 80057a6:	f001 fcdb 	bl	8007160 <_fstat>
 80057aa:	1c43      	adds	r3, r0, #1
 80057ac:	d000      	beq.n	80057b0 <_fstat_r+0x1c>
 80057ae:	bd70      	pop	{r4, r5, r6, pc}
 80057b0:	682b      	ldr	r3, [r5, #0]
 80057b2:	2b00      	cmp	r3, #0
 80057b4:	d0fb      	beq.n	80057ae <_fstat_r+0x1a>
 80057b6:	6023      	str	r3, [r4, #0]
 80057b8:	bd70      	pop	{r4, r5, r6, pc}
 80057ba:	bf00      	nop
 80057bc:	20000830 	.word	0x20000830

080057c0 <_isatty_r>:
 80057c0:	b538      	push	{r3, r4, r5, lr}
 80057c2:	4d07      	ldr	r5, [pc, #28]	@ (80057e0 <_isatty_r+0x20>)
 80057c4:	2200      	movs	r2, #0
 80057c6:	4604      	mov	r4, r0
 80057c8:	4608      	mov	r0, r1
 80057ca:	602a      	str	r2, [r5, #0]
 80057cc:	f001 fcd8 	bl	8007180 <_isatty>
 80057d0:	1c43      	adds	r3, r0, #1
 80057d2:	d000      	beq.n	80057d6 <_isatty_r+0x16>
 80057d4:	bd38      	pop	{r3, r4, r5, pc}
 80057d6:	682b      	ldr	r3, [r5, #0]
 80057d8:	2b00      	cmp	r3, #0
 80057da:	d0fb      	beq.n	80057d4 <_isatty_r+0x14>
 80057dc:	6023      	str	r3, [r4, #0]
 80057de:	bd38      	pop	{r3, r4, r5, pc}
 80057e0:	20000830 	.word	0x20000830

080057e4 <_init_signal_r>:
 80057e4:	b538      	push	{r3, r4, r5, lr}
 80057e6:	f8d0 4118 	ldr.w	r4, [r0, #280]	@ 0x118
 80057ea:	b10c      	cbz	r4, 80057f0 <_init_signal_r+0xc>
 80057ec:	2000      	movs	r0, #0
 80057ee:	bd38      	pop	{r3, r4, r5, pc}
 80057f0:	2180      	movs	r1, #128	@ 0x80
 80057f2:	4605      	mov	r5, r0
 80057f4:	f7fc ff9a 	bl	800272c <_malloc_r>
 80057f8:	4602      	mov	r2, r0
 80057fa:	f8c5 0118 	str.w	r0, [r5, #280]	@ 0x118
 80057fe:	b130      	cbz	r0, 800580e <_init_signal_r+0x2a>
 8005800:	1f03      	subs	r3, r0, #4
 8005802:	327c      	adds	r2, #124	@ 0x7c
 8005804:	f843 4f04 	str.w	r4, [r3, #4]!
 8005808:	4293      	cmp	r3, r2
 800580a:	d1fb      	bne.n	8005804 <_init_signal_r+0x20>
 800580c:	e7ee      	b.n	80057ec <_init_signal_r+0x8>
 800580e:	f04f 30ff 	mov.w	r0, #4294967295	@ 0xffffffff
 8005812:	bd38      	pop	{r3, r4, r5, pc}

08005814 <_signal_r>:
 8005814:	b530      	push	{r4, r5, lr}
 8005816:	291f      	cmp	r1, #31
 8005818:	b083      	sub	sp, #12
 800581a:	4605      	mov	r5, r0
 800581c:	d809      	bhi.n	8005832 <_signal_r+0x1e>
 800581e:	f8d0 3118 	ldr.w	r3, [r0, #280]	@ 0x118
 8005822:	460c      	mov	r4, r1
 8005824:	b153      	cbz	r3, 800583c <_signal_r+0x28>
 8005826:	f853 0024 	ldr.w	r0, [r3, r4, lsl #2]
 800582a:	f843 2024 	str.w	r2, [r3, r4, lsl #2]
 800582e:	b003      	add	sp, #12
 8005830:	bd30      	pop	{r4, r5, pc}
 8005832:	2316      	movs	r3, #22
 8005834:	6003      	str	r3, [r0, #0]
 8005836:	f04f 30ff 	mov.w	r0, #4294967295	@ 0xffffffff
 800583a:	e7f8      	b.n	800582e <_signal_r+0x1a>
 800583c:	2180      	movs	r1, #128	@ 0x80
 800583e:	9201      	str	r2, [sp, #4]
 8005840:	f7fc ff74 	bl	800272c <_malloc_r>
 8005844:	9a01      	ldr	r2, [sp, #4]
 8005846:	f8c5 0118 	str.w	r0, [r5, #280]	@ 0x118
 800584a:	4603      	mov	r3, r0
 800584c:	2800      	cmp	r0, #0
 800584e:	d0f2      	beq.n	8005836 <_signal_r+0x22>
 8005850:	1f01      	subs	r1, r0, #4
 8005852:	f100 057c 	add.w	r5, r0, #124	@ 0x7c
 8005856:	2000      	movs	r0, #0
 8005858:	f841 0f04 	str.w	r0, [r1, #4]!
 800585c:	42a9      	cmp	r1, r5
 800585e:	d1fb      	bne.n	8005858 <_signal_r+0x44>
 8005860:	e7e1      	b.n	8005826 <_signal_r+0x12>
 8005862:	bf00      	nop

08005864 <_raise_r>:
 8005864:	291f      	cmp	r1, #31
 8005866:	b538      	push	{r3, r4, r5, lr}
 8005868:	4605      	mov	r5, r0
 800586a:	d81f      	bhi.n	80058ac <_raise_r+0x48>
 800586c:	f8d0 2118 	ldr.w	r2, [r0, #280]	@ 0x118
 8005870:	460c      	mov	r4, r1
 8005872:	b16a      	cbz	r2, 8005890 <_raise_r+0x2c>
 8005874:	f852 3021 	ldr.w	r3, [r2, r1, lsl #2]
 8005878:	b153      	cbz	r3, 8005890 <_raise_r+0x2c>
 800587a:	2b01      	cmp	r3, #1
 800587c:	d006      	beq.n	800588c <_raise_r+0x28>
 800587e:	1c59      	adds	r1, r3, #1
 8005880:	d010      	beq.n	80058a4 <_raise_r+0x40>
 8005882:	2100      	movs	r1, #0
 8005884:	f842 1024 	str.w	r1, [r2, r4, lsl #2]
 8005888:	4620      	mov	r0, r4
 800588a:	4798      	blx	r3
 800588c:	2000      	movs	r0, #0
 800588e:	bd38      	pop	{r3, r4, r5, pc}
 8005890:	4628      	mov	r0, r5
 8005892:	f000 f8fd 	bl	8005a90 <_getpid_r>
 8005896:	4622      	mov	r2, r4
 8005898:	4601      	mov	r1, r0
 800589a:	4628      	mov	r0, r5
 800589c:	e8bd 4038 	ldmia.w	sp!, {r3, r4, r5, lr}
 80058a0:	f000 b8e0 	b.w	8005a64 <_kill_r>
 80058a4:	2316      	movs	r3, #22
 80058a6:	6003      	str	r3, [r0, #0]
 80058a8:	2001      	movs	r0, #1
 80058aa:	bd38      	pop	{r3, r4, r5, pc}
 80058ac:	2316      	movs	r3, #22
 80058ae:	6003      	str	r3, [r0, #0]
 80058b0:	f04f 30ff 	mov.w	r0, #4294967295	@ 0xffffffff
 80058b4:	bd38      	pop	{r3, r4, r5, pc}
 80058b6:	bf00      	nop

080058b8 <__sigtramp_r>:
 80058b8:	291f      	cmp	r1, #31
 80058ba:	d82c      	bhi.n	8005916 <__sigtramp_r+0x5e>
 80058bc:	b538      	push	{r3, r4, r5, lr}
 80058be:	f8d0 3118 	ldr.w	r3, [r0, #280]	@ 0x118
 80058c2:	460c      	mov	r4, r1
 80058c4:	4605      	mov	r5, r0
 80058c6:	b1a3      	cbz	r3, 80058f2 <__sigtramp_r+0x3a>
 80058c8:	f853 2024 	ldr.w	r2, [r3, r4, lsl #2]
 80058cc:	eb03 0384 	add.w	r3, r3, r4, lsl #2
 80058d0:	b14a      	cbz	r2, 80058e6 <__sigtramp_r+0x2e>
 80058d2:	1c51      	adds	r1, r2, #1
 80058d4:	d00b      	beq.n	80058ee <__sigtramp_r+0x36>
 80058d6:	2a01      	cmp	r2, #1
 80058d8:	d007      	beq.n	80058ea <__sigtramp_r+0x32>
 80058da:	2500      	movs	r5, #0
 80058dc:	4620      	mov	r0, r4
 80058de:	601d      	str	r5, [r3, #0]
 80058e0:	4790      	blx	r2
 80058e2:	4628      	mov	r0, r5
 80058e4:	bd38      	pop	{r3, r4, r5, pc}
 80058e6:	2001      	movs	r0, #1
 80058e8:	bd38      	pop	{r3, r4, r5, pc}
 80058ea:	2003      	movs	r0, #3
 80058ec:	bd38      	pop	{r3, r4, r5, pc}
 80058ee:	2002      	movs	r0, #2
 80058f0:	bd38      	pop	{r3, r4, r5, pc}
 80058f2:	2180      	movs	r1, #128	@ 0x80
 80058f4:	f7fc ff1a 	bl	800272c <_malloc_r>
 80058f8:	4603      	mov	r3, r0
 80058fa:	f8c5 0118 	str.w	r0, [r5, #280]	@ 0x118
 80058fe:	b138      	cbz	r0, 8005910 <__sigtramp_r+0x58>
 8005900:	1f02      	subs	r2, r0, #4
 8005902:	2100      	movs	r1, #0
 8005904:	307c      	adds	r0, #124	@ 0x7c
 8005906:	f842 1f04 	str.w	r1, [r2, #4]!
 800590a:	4282      	cmp	r2, r0
 800590c:	d1fb      	bne.n	8005906 <__sigtramp_r+0x4e>
 800590e:	e7db      	b.n	80058c8 <__sigtramp_r+0x10>
 8005910:	f04f 30ff 	mov.w	r0, #4294967295	@ 0xffffffff
 8005914:	bd38      	pop	{r3, r4, r5, pc}
 8005916:	f04f 30ff 	mov.w	r0, #4294967295	@ 0xffffffff
 800591a:	4770      	bx	lr

0800591c <raise>:
 800591c:	b538      	push	{r3, r4, r5, lr}
 800591e:	4b14      	ldr	r3, [pc, #80]	@ (8005970 <raise+0x54>)
 8005920:	281f      	cmp	r0, #31
 8005922:	681d      	ldr	r5, [r3, #0]
 8005924:	d81e      	bhi.n	8005964 <raise+0x48>
 8005926:	f8d5 2118 	ldr.w	r2, [r5, #280]	@ 0x118
 800592a:	4604      	mov	r4, r0
 800592c:	b162      	cbz	r2, 8005948 <raise+0x2c>
 800592e:	f852 3020 	ldr.w	r3, [r2, r0, lsl #2]
 8005932:	b14b      	cbz	r3, 8005948 <raise+0x2c>
 8005934:	2b01      	cmp	r3, #1
 8005936:	d005      	beq.n	8005944 <raise+0x28>
 8005938:	1c59      	adds	r1, r3, #1
 800593a:	d00f      	beq.n	800595c <raise+0x40>
 800593c:	2100      	movs	r1, #0
 800593e:	f842 1020 	str.w	r1, [r2, r0, lsl #2]
 8005942:	4798      	blx	r3
 8005944:	2000      	movs	r0, #0
 8005946:	bd38      	pop	{r3, r4, r5, pc}
 8005948:	4628      	mov	r0, r5
 800594a:	f000 f8a1 	bl	8005a90 <_getpid_r>
 800594e:	4622      	mov	r2, r4
 8005950:	4601      	mov	r1, r0
 8005952:	4628      	mov	r0, r5
 8005954:	e8bd 4038 	ldmia.w	sp!, {r3, r4, r5, lr}
 8005958:	f000 b884 	b.w	8005a64 <_kill_r>
 800595c:	2316      	movs	r3, #22
 800595e:	602b      	str	r3, [r5, #0]
 8005960:	2001      	movs	r0, #1
 8005962:	bd38      	pop	{r3, r4, r5, pc}
 8005964:	2316      	movs	r3, #22
 8005966:	602b      	str	r3, [r5, #0]
 8005968:	f04f 30ff 	mov.w	r0, #4294967295	@ 0xffffffff
 800596c:	bd38      	pop	{r3, r4, r5, pc}
 800596e:	bf00      	nop
 8005970:	20000000 	.word	0x20000000

08005974 <signal>:
 8005974:	4b12      	ldr	r3, [pc, #72]	@ (80059c0 <signal+0x4c>)
 8005976:	281f      	cmp	r0, #31
 8005978:	b570      	push	{r4, r5, r6, lr}
 800597a:	681e      	ldr	r6, [r3, #0]
 800597c:	d809      	bhi.n	8005992 <signal+0x1e>
 800597e:	f8d6 3118 	ldr.w	r3, [r6, #280]	@ 0x118
 8005982:	4604      	mov	r4, r0
 8005984:	460d      	mov	r5, r1
 8005986:	b14b      	cbz	r3, 800599c <signal+0x28>
 8005988:	f853 0024 	ldr.w	r0, [r3, r4, lsl #2]
 800598c:	f843 5024 	str.w	r5, [r3, r4, lsl #2]
 8005990:	bd70      	pop	{r4, r5, r6, pc}
 8005992:	2316      	movs	r3, #22
 8005994:	6033      	str	r3, [r6, #0]
 8005996:	f04f 30ff 	mov.w	r0, #4294967295	@ 0xffffffff
 800599a:	bd70      	pop	{r4, r5, r6, pc}
 800599c:	2180      	movs	r1, #128	@ 0x80
 800599e:	4630      	mov	r0, r6
 80059a0:	f7fc fec4 	bl	800272c <_malloc_r>
 80059a4:	4603      	mov	r3, r0
 80059a6:	f8c6 0118 	str.w	r0, [r6, #280]	@ 0x118
 80059aa:	2800      	cmp	r0, #0
 80059ac:	d0f3      	beq.n	8005996 <signal+0x22>
 80059ae:	1f02      	subs	r2, r0, #4
 80059b0:	2100      	movs	r1, #0
 80059b2:	307c      	adds	r0, #124	@ 0x7c
 80059b4:	f842 1f04 	str.w	r1, [r2, #4]!
 80059b8:	4282      	cmp	r2, r0
 80059ba:	d1fb      	bne.n	80059b4 <signal+0x40>
 80059bc:	e7e4      	b.n	8005988 <signal+0x14>
 80059be:	bf00      	nop
 80059c0:	20000000 	.word	0x20000000

080059c4 <_init_signal>:
 80059c4:	b538      	push	{r3, r4, r5, lr}
 80059c6:	4b0c      	ldr	r3, [pc, #48]	@ (80059f8 <_init_signal+0x34>)
 80059c8:	681d      	ldr	r5, [r3, #0]
 80059ca:	f8d5 4118 	ldr.w	r4, [r5, #280]	@ 0x118
 80059ce:	b10c      	cbz	r4, 80059d4 <_init_signal+0x10>
 80059d0:	2000      	movs	r0, #0
 80059d2:	bd38      	pop	{r3, r4, r5, pc}
 80059d4:	2180      	movs	r1, #128	@ 0x80
 80059d6:	4628      	mov	r0, r5
 80059d8:	f7fc fea8 	bl	800272c <_malloc_r>
 80059dc:	f8c5 0118 	str.w	r0, [r5, #280]	@ 0x118
 80059e0:	b138      	cbz	r0, 80059f2 <_init_signal+0x2e>
 80059e2:	1f03      	subs	r3, r0, #4
 80059e4:	f100 027c 	add.w	r2, r0, #124	@ 0x7c
 80059e8:	f843 4f04 	str.w	r4, [r3, #4]!
 80059ec:	4293      	cmp	r3, r2
 80059ee:	d1fb      	bne.n	80059e8 <_init_signal+0x24>
 80059f0:	e7ee      	b.n	80059d0 <_init_signal+0xc>
 80059f2:	f04f 30ff 	mov.w	r0, #4294967295	@ 0xffffffff
 80059f6:	bd38      	pop	{r3, r4, r5, pc}
 80059f8:	20000000 	.word	0x20000000

080059fc <__sigtramp>:
 80059fc:	b538      	push	{r3, r4, r5, lr}
 80059fe:	4b18      	ldr	r3, [pc, #96]	@ (8005a60 <__sigtramp+0x64>)
 8005a00:	281f      	cmp	r0, #31
 8005a02:	681d      	ldr	r5, [r3, #0]
 8005a04:	d828      	bhi.n	8005a58 <__sigtramp+0x5c>
 8005a06:	4604      	mov	r4, r0
 8005a08:	f8d5 0118 	ldr.w	r0, [r5, #280]	@ 0x118
 8005a0c:	b1a0      	cbz	r0, 8005a38 <__sigtramp+0x3c>
 8005a0e:	f850 3024 	ldr.w	r3, [r0, r4, lsl #2]
 8005a12:	eb00 0084 	add.w	r0, r0, r4, lsl #2
 8005a16:	b14b      	cbz	r3, 8005a2c <__sigtramp+0x30>
 8005a18:	1c5a      	adds	r2, r3, #1
 8005a1a:	d00b      	beq.n	8005a34 <__sigtramp+0x38>
 8005a1c:	2b01      	cmp	r3, #1
 8005a1e:	d007      	beq.n	8005a30 <__sigtramp+0x34>
 8005a20:	2500      	movs	r5, #0
 8005a22:	6005      	str	r5, [r0, #0]
 8005a24:	4620      	mov	r0, r4
 8005a26:	4798      	blx	r3
 8005a28:	4628      	mov	r0, r5
 8005a2a:	bd38      	pop	{r3, r4, r5, pc}
 8005a2c:	2001      	movs	r0, #1
 8005a2e:	bd38      	pop	{r3, r4, r5, pc}
 8005a30:	2003      	movs	r0, #3
 8005a32:	bd38      	pop	{r3, r4, r5, pc}
 8005a34:	2002      	movs	r0, #2
 8005a36:	bd38      	pop	{r3, r4, r5, pc}
 8005a38:	2180      	movs	r1, #128	@ 0x80
 8005a3a:	4628      	mov	r0, r5
 8005a3c:	f7fc fe76 	bl	800272c <_malloc_r>
 8005a40:	f8c5 0118 	str.w	r0, [r5, #280]	@ 0x118
 8005a44:	b140      	cbz	r0, 8005a58 <__sigtramp+0x5c>
 8005a46:	1f03      	subs	r3, r0, #4
 8005a48:	f100 017c 	add.w	r1, r0, #124	@ 0x7c
 8005a4c:	2200      	movs	r2, #0
 8005a4e:	f843 2f04 	str.w	r2, [r3, #4]!
 8005a52:	428b      	cmp	r3, r1
 8005a54:	d1fb      	bne.n	8005a4e <__sigtramp+0x52>
 8005a56:	e7da      	b.n	8005a0e <__sigtramp+0x12>
 8005a58:	f04f 30ff 	mov.w	r0, #4294967295	@ 0xffffffff
 8005a5c:	bd38      	pop	{r3, r4, r5, pc}
 8005a5e:	bf00      	nop
 8005a60:	20000000 	.word	0x20000000

08005a64 <_kill_r>:
 8005a64:	b570      	push	{r4, r5, r6, lr}
 8005a66:	460c      	mov	r4, r1
 8005a68:	4d08      	ldr	r5, [pc, #32]	@ (8005a8c <_kill_r+0x28>)
 8005a6a:	4603      	mov	r3, r0
 8005a6c:	2600      	movs	r6, #0
 8005a6e:	4620      	mov	r0, r4
 8005a70:	4611      	mov	r1, r2
 8005a72:	461c      	mov	r4, r3
 8005a74:	602e      	str	r6, [r5, #0]
 8005a76:	f001 fb8b 	bl	8007190 <_kill>
 8005a7a:	1c43      	adds	r3, r0, #1
 8005a7c:	d000      	beq.n	8005a80 <_kill_r+0x1c>
 8005a7e:	bd70      	pop	{r4, r5, r6, pc}
 8005a80:	682b      	ldr	r3, [r5, #0]
 8005a82:	2b00      	cmp	r3, #0
 8005a84:	d0fb      	beq.n	8005a7e <_kill_r+0x1a>
 8005a86:	6023      	str	r3, [r4, #0]
 8005a88:	bd70      	pop	{r4, r5, r6, pc}
 8005a8a:	bf00      	nop
 8005a8c:	20000830 	.word	0x20000830

08005a90 <_getpid_r>:
 8005a90:	f001 bb6e 	b.w	8007170 <_getpid>

08005a94 <_vfiprintf_r>:
 8005a94:	e92d 4ff0 	stmdb	sp!, {r4, r5, r6, r7, r8, r9, sl, fp, lr}
 8005a98:	b0ad      	sub	sp, #180	@ 0xb4
 8005a9a:	e9cd 3007 	strd	r3, r0, [sp, #28]
 8005a9e:	461c      	mov	r4, r3
 8005aa0:	9102      	str	r1, [sp, #8]
 8005aa2:	4693      	mov	fp, r2
 8005aa4:	b118      	cbz	r0, 8005aae <_vfiprintf_r+0x1a>
 8005aa6:	6b43      	ldr	r3, [r0, #52]	@ 0x34
 8005aa8:	2b00      	cmp	r3, #0
 8005aaa:	f000 8503 	beq.w	80064b4 <_vfiprintf_r+0xa20>
 8005aae:	9902      	ldr	r1, [sp, #8]
 8005ab0:	f9b1 200c 	ldrsh.w	r2, [r1, #12]
 8005ab4:	6e4b      	ldr	r3, [r1, #100]	@ 0x64
 8005ab6:	0495      	lsls	r5, r2, #18
 8005ab8:	d405      	bmi.n	8005ac6 <_vfiprintf_r+0x32>
 8005aba:	f442 5200 	orr.w	r2, r2, #8192	@ 0x2000
 8005abe:	f423 5300 	bic.w	r3, r3, #8192	@ 0x2000
 8005ac2:	818a      	strh	r2, [r1, #12]
 8005ac4:	664b      	str	r3, [r1, #100]	@ 0x64
 8005ac6:	0498      	lsls	r0, r3, #18
 8005ac8:	f100 8524 	bmi.w	8006514 <_vfiprintf_r+0xa80>
 8005acc:	9b02      	ldr	r3, [sp, #8]
 8005ace:	f9b3 200c 	ldrsh.w	r2, [r3, #12]
 8005ad2:	0711      	lsls	r1, r2, #28
 8005ad4:	f140 80d3 	bpl.w	8005c7e <_vfiprintf_r+0x1ea>
 8005ad8:	691b      	ldr	r3, [r3, #16]
 8005ada:	2b00      	cmp	r3, #0
 8005adc:	f000 80cf 	beq.w	8005c7e <_vfiprintf_r+0x1ea>
 8005ae0:	f002 021a 	and.w	r2, r2, #26
 8005ae4:	2a0a      	cmp	r2, #10
 8005ae6:	f000 80d9 	beq.w	8005c9c <_vfiprintf_r+0x208>
 8005aea:	2300      	movs	r3, #0
 8005aec:	e9cd 3310 	strd	r3, r3, [sp, #64]	@ 0x40
 8005af0:	f10d 0970 	add.w	r9, sp, #112	@ 0x70
 8005af4:	f8cd 903c 	str.w	r9, [sp, #60]	@ 0x3c
 8005af8:	9309      	str	r3, [sp, #36]	@ 0x24
 8005afa:	46ca      	mov	sl, r9
 8005afc:	9305      	str	r3, [sp, #20]
 8005afe:	f89b 3000 	ldrb.w	r3, [fp]
 8005b02:	2b00      	cmp	r3, #0
 8005b04:	f000 80f4 	beq.w	8005cf0 <_vfiprintf_r+0x25c>
 8005b08:	465c      	mov	r4, fp
 8005b0a:	e004      	b.n	8005b16 <_vfiprintf_r+0x82>
 8005b0c:	f814 3f01 	ldrb.w	r3, [r4, #1]!
 8005b10:	2b00      	cmp	r3, #0
 8005b12:	f000 80d2 	beq.w	8005cba <_vfiprintf_r+0x226>
 8005b16:	2b25      	cmp	r3, #37	@ 0x25
 8005b18:	d1f8      	bne.n	8005b0c <_vfiprintf_r+0x78>
 8005b1a:	ebb4 050b 	subs.w	r5, r4, fp
 8005b1e:	f040 80cf 	bne.w	8005cc0 <_vfiprintf_r+0x22c>
 8005b22:	7823      	ldrb	r3, [r4, #0]
 8005b24:	2b00      	cmp	r3, #0
 8005b26:	f000 80e3 	beq.w	8005cf0 <_vfiprintf_r+0x25c>
 8005b2a:	f04f 0300 	mov.w	r3, #0
 8005b2e:	f88d 3037 	strb.w	r3, [sp, #55]	@ 0x37
 8005b32:	f04f 32ff 	mov.w	r2, #4294967295	@ 0xffffffff
 8005b36:	2300      	movs	r3, #0
 8005b38:	e9cd 2303 	strd	r2, r3, [sp, #12]
 8005b3c:	7861      	ldrb	r1, [r4, #1]
 8005b3e:	f104 0b01 	add.w	fp, r4, #1
 8005b42:	4698      	mov	r8, r3
 8005b44:	f10b 0b01 	add.w	fp, fp, #1
 8005b48:	f1a1 0320 	sub.w	r3, r1, #32
 8005b4c:	2b58      	cmp	r3, #88	@ 0x58
 8005b4e:	f200 80dc 	bhi.w	8005d0a <_vfiprintf_r+0x276>
 8005b52:	e8df f013 	tbh	[pc, r3, lsl #1]
 8005b56:	01b2      	.short	0x01b2
 8005b58:	00da00da 	.word	0x00da00da
 8005b5c:	00da01ad 	.word	0x00da01ad
 8005b60:	00da00da 	.word	0x00da00da
 8005b64:	00da00da 	.word	0x00da00da
 8005b68:	017600da 	.word	0x017600da
 8005b6c:	00da01a7 	.word	0x00da01a7
 8005b70:	01860181 	.word	0x01860181
 8005b74:	01a200da 	.word	0x01a200da
 8005b78:	00590059 	.word	0x00590059
 8005b7c:	00590059 	.word	0x00590059
 8005b80:	00590059 	.word	0x00590059
 8005b84:	00590059 	.word	0x00590059
 8005b88:	00da0059 	.word	0x00da0059
 8005b8c:	00da00da 	.word	0x00da00da
 8005b90:	00da00da 	.word	0x00da00da
 8005b94:	00da00da 	.word	0x00da00da
 8005b98:	00da00da 	.word	0x00da00da
 8005b9c:	006800da 	.word	0x006800da
 8005ba0:	00da00da 	.word	0x00da00da
 8005ba4:	00da00da 	.word	0x00da00da
 8005ba8:	00da00da 	.word	0x00da00da
 8005bac:	00da00da 	.word	0x00da00da
 8005bb0:	00da00da 	.word	0x00da00da
 8005bb4:	00da0219 	.word	0x00da0219
 8005bb8:	00da00da 	.word	0x00da00da
 8005bbc:	00da00da 	.word	0x00da00da
 8005bc0:	00da01ea 	.word	0x00da01ea
 8005bc4:	041d00da 	.word	0x041d00da
 8005bc8:	00da00da 	.word	0x00da00da
 8005bcc:	00da00da 	.word	0x00da00da
 8005bd0:	00da00da 	.word	0x00da00da
 8005bd4:	00da00da 	.word	0x00da00da
 8005bd8:	00da00da 	.word	0x00da00da
 8005bdc:	006a01dd 	.word	0x006a01dd
 8005be0:	00da00da 	.word	0x00da00da
 8005be4:	01d800da 	.word	0x01d800da
 8005be8:	00da006a 	.word	0x00da006a
 8005bec:	01cb00da 	.word	0x01cb00da
 8005bf0:	01bd00da 	.word	0x01bd00da
 8005bf4:	027f041b 	.word	0x027f041b
 8005bf8:	00da027a 	.word	0x00da027a
 8005bfc:	00da0259 	.word	0x00da0259
 8005c00:	00da0419 	.word	0x00da0419
 8005c04:	044200da 	.word	0x044200da
 8005c08:	f1a1 0330 	sub.w	r3, r1, #48	@ 0x30
 8005c0c:	2200      	movs	r2, #0
 8005c0e:	f81b 1b01 	ldrb.w	r1, [fp], #1
 8005c12:	eb02 0282 	add.w	r2, r2, r2, lsl #2
 8005c16:	eb03 0242 	add.w	r2, r3, r2, lsl #1
 8005c1a:	f1a1 0330 	sub.w	r3, r1, #48	@ 0x30
 8005c1e:	2b09      	cmp	r3, #9
 8005c20:	d9f5      	bls.n	8005c0e <_vfiprintf_r+0x17a>
 8005c22:	9204      	str	r2, [sp, #16]
 8005c24:	e790      	b.n	8005b48 <_vfiprintf_r+0xb4>
 8005c26:	f048 0810 	orr.w	r8, r8, #16
 8005c2a:	f018 0f20 	tst.w	r8, #32
 8005c2e:	f000 80d7 	beq.w	8005de0 <_vfiprintf_r+0x34c>
 8005c32:	9b07      	ldr	r3, [sp, #28]
 8005c34:	3307      	adds	r3, #7
 8005c36:	f023 0307 	bic.w	r3, r3, #7
 8005c3a:	461a      	mov	r2, r3
 8005c3c:	6859      	ldr	r1, [r3, #4]
 8005c3e:	f852 3b08 	ldr.w	r3, [r2], #8
 8005c42:	9207      	str	r2, [sp, #28]
 8005c44:	460a      	mov	r2, r1
 8005c46:	2900      	cmp	r1, #0
 8005c48:	f2c0 80de 	blt.w	8005e08 <_vfiprintf_r+0x374>
 8005c4c:	9903      	ldr	r1, [sp, #12]
 8005c4e:	f89d 5037 	ldrb.w	r5, [sp, #55]	@ 0x37
 8005c52:	2900      	cmp	r1, #0
 8005c54:	f2c0 80e3 	blt.w	8005e1e <_vfiprintf_r+0x38a>
 8005c58:	ea53 0102 	orrs.w	r1, r3, r2
 8005c5c:	f028 0880 	bic.w	r8, r8, #128	@ 0x80
 8005c60:	f040 80dd 	bne.w	8005e1e <_vfiprintf_r+0x38a>
 8005c64:	9b03      	ldr	r3, [sp, #12]
 8005c66:	2b00      	cmp	r3, #0
 8005c68:	f040 8459 	bne.w	800651e <_vfiprintf_r+0xa8a>
 8005c6c:	9301      	str	r3, [sp, #4]
 8005c6e:	464c      	mov	r4, r9
 8005c70:	2d00      	cmp	r5, #0
 8005c72:	f000 81be 	beq.w	8005ff2 <_vfiprintf_r+0x55e>
 8005c76:	9a01      	ldr	r2, [sp, #4]
 8005c78:	3201      	adds	r2, #1
 8005c7a:	9201      	str	r2, [sp, #4]
 8005c7c:	e1b9      	b.n	8005ff2 <_vfiprintf_r+0x55e>
 8005c7e:	9d02      	ldr	r5, [sp, #8]
 8005c80:	9808      	ldr	r0, [sp, #32]
 8005c82:	4629      	mov	r1, r5
 8005c84:	f7fd ffd8 	bl	8003c38 <__swsetup_r>
 8005c88:	2800      	cmp	r0, #0
 8005c8a:	f040 8443 	bne.w	8006514 <_vfiprintf_r+0xa80>
 8005c8e:	f9b5 200c 	ldrsh.w	r2, [r5, #12]
 8005c92:	f002 021a 	and.w	r2, r2, #26
 8005c96:	2a0a      	cmp	r2, #10
 8005c98:	f47f af27 	bne.w	8005aea <_vfiprintf_r+0x56>
 8005c9c:	9b02      	ldr	r3, [sp, #8]
 8005c9e:	f9b3 300e 	ldrsh.w	r3, [r3, #14]
 8005ca2:	2b00      	cmp	r3, #0
 8005ca4:	f6ff af21 	blt.w	8005aea <_vfiprintf_r+0x56>
 8005ca8:	9902      	ldr	r1, [sp, #8]
 8005caa:	9808      	ldr	r0, [sp, #32]
 8005cac:	4623      	mov	r3, r4
 8005cae:	465a      	mov	r2, fp
 8005cb0:	b02d      	add	sp, #180	@ 0xb4
 8005cb2:	e8bd 4ff0 	ldmia.w	sp!, {r4, r5, r6, r7, r8, r9, sl, fp, lr}
 8005cb6:	f000 bc57 	b.w	8006568 <__sbprintf>
 8005cba:	ebb4 050b 	subs.w	r5, r4, fp
 8005cbe:	d017      	beq.n	8005cf0 <_vfiprintf_r+0x25c>
 8005cc0:	9b11      	ldr	r3, [sp, #68]	@ 0x44
 8005cc2:	442b      	add	r3, r5
 8005cc4:	9311      	str	r3, [sp, #68]	@ 0x44
 8005cc6:	9b10      	ldr	r3, [sp, #64]	@ 0x40
 8005cc8:	3301      	adds	r3, #1
 8005cca:	2b07      	cmp	r3, #7
 8005ccc:	e9ca b500 	strd	fp, r5, [sl]
 8005cd0:	9310      	str	r3, [sp, #64]	@ 0x40
 8005cd2:	dc05      	bgt.n	8005ce0 <_vfiprintf_r+0x24c>
 8005cd4:	f10a 0a08 	add.w	sl, sl, #8
 8005cd8:	9b05      	ldr	r3, [sp, #20]
 8005cda:	442b      	add	r3, r5
 8005cdc:	9305      	str	r3, [sp, #20]
 8005cde:	e720      	b.n	8005b22 <_vfiprintf_r+0x8e>
 8005ce0:	9902      	ldr	r1, [sp, #8]
 8005ce2:	9808      	ldr	r0, [sp, #32]
 8005ce4:	aa0f      	add	r2, sp, #60	@ 0x3c
 8005ce6:	f7fe fc7b 	bl	80045e0 <__sprint_r>
 8005cea:	b928      	cbnz	r0, 8005cf8 <_vfiprintf_r+0x264>
 8005cec:	46ca      	mov	sl, r9
 8005cee:	e7f3      	b.n	8005cd8 <_vfiprintf_r+0x244>
 8005cf0:	9b11      	ldr	r3, [sp, #68]	@ 0x44
 8005cf2:	2b00      	cmp	r3, #0
 8005cf4:	f040 8400 	bne.w	80064f8 <_vfiprintf_r+0xa64>
 8005cf8:	9b02      	ldr	r3, [sp, #8]
 8005cfa:	899b      	ldrh	r3, [r3, #12]
 8005cfc:	065b      	lsls	r3, r3, #25
 8005cfe:	f100 8409 	bmi.w	8006514 <_vfiprintf_r+0xa80>
 8005d02:	9805      	ldr	r0, [sp, #20]
 8005d04:	b02d      	add	sp, #180	@ 0xb4
 8005d06:	e8bd 8ff0 	ldmia.w	sp!, {r4, r5, r6, r7, r8, r9, sl, fp, pc}
 8005d0a:	2900      	cmp	r1, #0
 8005d0c:	d0f0      	beq.n	8005cf0 <_vfiprintf_r+0x25c>
 8005d0e:	2300      	movs	r3, #0
 8005d10:	f88d 3037 	strb.w	r3, [sp, #55]	@ 0x37
 8005d14:	2301      	movs	r3, #1
 8005d16:	f88d 1048 	strb.w	r1, [sp, #72]	@ 0x48
 8005d1a:	9301      	str	r3, [sp, #4]
 8005d1c:	ac12      	add	r4, sp, #72	@ 0x48
 8005d1e:	2200      	movs	r2, #0
 8005d20:	9203      	str	r2, [sp, #12]
 8005d22:	9206      	str	r2, [sp, #24]
 8005d24:	f018 0784 	ands.w	r7, r8, #132	@ 0x84
 8005d28:	e9dd 2110 	ldrd	r2, r1, [sp, #64]	@ 0x40
 8005d2c:	d105      	bne.n	8005d3a <_vfiprintf_r+0x2a6>
 8005d2e:	9804      	ldr	r0, [sp, #16]
 8005d30:	9d01      	ldr	r5, [sp, #4]
 8005d32:	1b45      	subs	r5, r0, r5
 8005d34:	2d00      	cmp	r5, #0
 8005d36:	f300 824f 	bgt.w	80061d8 <_vfiprintf_r+0x744>
 8005d3a:	f89d 0037 	ldrb.w	r0, [sp, #55]	@ 0x37
 8005d3e:	b180      	cbz	r0, 8005d62 <_vfiprintf_r+0x2ce>
 8005d40:	3201      	adds	r2, #1
 8005d42:	f10d 0037 	add.w	r0, sp, #55	@ 0x37
 8005d46:	3101      	adds	r1, #1
 8005d48:	f8ca 0000 	str.w	r0, [sl]
 8005d4c:	2a07      	cmp	r2, #7
 8005d4e:	f04f 0001 	mov.w	r0, #1
 8005d52:	e9cd 2110 	strd	r2, r1, [sp, #64]	@ 0x40
 8005d56:	f8ca 0004 	str.w	r0, [sl, #4]
 8005d5a:	f300 8277 	bgt.w	800624c <_vfiprintf_r+0x7b8>
 8005d5e:	f10a 0a08 	add.w	sl, sl, #8
 8005d62:	9806      	ldr	r0, [sp, #24]
 8005d64:	b178      	cbz	r0, 8005d86 <_vfiprintf_r+0x2f2>
 8005d66:	3201      	adds	r2, #1
 8005d68:	a80e      	add	r0, sp, #56	@ 0x38
 8005d6a:	3102      	adds	r1, #2
 8005d6c:	f8ca 0000 	str.w	r0, [sl]
 8005d70:	2a07      	cmp	r2, #7
 8005d72:	f04f 0002 	mov.w	r0, #2
 8005d76:	e9cd 2110 	strd	r2, r1, [sp, #64]	@ 0x40
 8005d7a:	f8ca 0004 	str.w	r0, [sl, #4]
 8005d7e:	f300 8273 	bgt.w	8006268 <_vfiprintf_r+0x7d4>
 8005d82:	f10a 0a08 	add.w	sl, sl, #8
 8005d86:	2f80      	cmp	r7, #128	@ 0x80
 8005d88:	f000 819b 	beq.w	80060c2 <_vfiprintf_r+0x62e>
 8005d8c:	9803      	ldr	r0, [sp, #12]
 8005d8e:	1ac5      	subs	r5, r0, r3
 8005d90:	2d00      	cmp	r5, #0
 8005d92:	f300 81d5 	bgt.w	8006140 <_vfiprintf_r+0x6ac>
 8005d96:	3201      	adds	r2, #1
 8005d98:	4419      	add	r1, r3
 8005d9a:	2a07      	cmp	r2, #7
 8005d9c:	e9cd 2110 	strd	r2, r1, [sp, #64]	@ 0x40
 8005da0:	f8ca 4000 	str.w	r4, [sl]
 8005da4:	f8ca 3004 	str.w	r3, [sl, #4]
 8005da8:	f300 8202 	bgt.w	80061b0 <_vfiprintf_r+0x71c>
 8005dac:	f10a 0a08 	add.w	sl, sl, #8
 8005db0:	f018 0f04 	tst.w	r8, #4
 8005db4:	d005      	beq.n	8005dc2 <_vfiprintf_r+0x32e>
 8005db6:	9b04      	ldr	r3, [sp, #16]
 8005db8:	9a01      	ldr	r2, [sp, #4]
 8005dba:	1a9c      	subs	r4, r3, r2
 8005dbc:	2c00      	cmp	r4, #0
 8005dbe:	f300 8261 	bgt.w	8006284 <_vfiprintf_r+0x7f0>
 8005dc2:	e9dd 2304 	ldrd	r2, r3, [sp, #16]
 8005dc6:	9801      	ldr	r0, [sp, #4]
 8005dc8:	4282      	cmp	r2, r0
 8005dca:	bfac      	ite	ge
 8005dcc:	189b      	addge	r3, r3, r2
 8005dce:	181b      	addlt	r3, r3, r0
 8005dd0:	9305      	str	r3, [sp, #20]
 8005dd2:	2900      	cmp	r1, #0
 8005dd4:	f040 81f7 	bne.w	80061c6 <_vfiprintf_r+0x732>
 8005dd8:	2300      	movs	r3, #0
 8005dda:	9310      	str	r3, [sp, #64]	@ 0x40
 8005ddc:	46ca      	mov	sl, r9
 8005dde:	e68e      	b.n	8005afe <_vfiprintf_r+0x6a>
 8005de0:	9a07      	ldr	r2, [sp, #28]
 8005de2:	f018 0f10 	tst.w	r8, #16
 8005de6:	f852 3b04 	ldr.w	r3, [r2], #4
 8005dea:	9207      	str	r2, [sp, #28]
 8005dec:	d107      	bne.n	8005dfe <_vfiprintf_r+0x36a>
 8005dee:	f018 0f40 	tst.w	r8, #64	@ 0x40
 8005df2:	d004      	beq.n	8005dfe <_vfiprintf_r+0x36a>
 8005df4:	f343 32c0 	sbfx	r2, r3, #15, #1
 8005df8:	4611      	mov	r1, r2
 8005dfa:	b21b      	sxth	r3, r3
 8005dfc:	e723      	b.n	8005c46 <_vfiprintf_r+0x1b2>
 8005dfe:	17da      	asrs	r2, r3, #31
 8005e00:	4611      	mov	r1, r2
 8005e02:	2900      	cmp	r1, #0
 8005e04:	f6bf af22 	bge.w	8005c4c <_vfiprintf_r+0x1b8>
 8005e08:	9903      	ldr	r1, [sp, #12]
 8005e0a:	425b      	negs	r3, r3
 8005e0c:	eb62 0242 	sbc.w	r2, r2, r2, lsl #1
 8005e10:	252d      	movs	r5, #45	@ 0x2d
 8005e12:	2900      	cmp	r1, #0
 8005e14:	f88d 5037 	strb.w	r5, [sp, #55]	@ 0x37
 8005e18:	db01      	blt.n	8005e1e <_vfiprintf_r+0x38a>
 8005e1a:	f028 0880 	bic.w	r8, r8, #128	@ 0x80
 8005e1e:	2b0a      	cmp	r3, #10
 8005e20:	f172 0100 	sbcs.w	r1, r2, #0
 8005e24:	f080 82f3 	bcs.w	800640e <_vfiprintf_r+0x97a>
 8005e28:	3330      	adds	r3, #48	@ 0x30
 8005e2a:	b2db      	uxtb	r3, r3
 8005e2c:	f88d 306f 	strb.w	r3, [sp, #111]	@ 0x6f
 8005e30:	9b03      	ldr	r3, [sp, #12]
 8005e32:	2b01      	cmp	r3, #1
 8005e34:	bfb8      	it	lt
 8005e36:	2301      	movlt	r3, #1
 8005e38:	9301      	str	r3, [sp, #4]
 8005e3a:	f10d 046f 	add.w	r4, sp, #111	@ 0x6f
 8005e3e:	2301      	movs	r3, #1
 8005e40:	e716      	b.n	8005c70 <_vfiprintf_r+0x1dc>
 8005e42:	9b07      	ldr	r3, [sp, #28]
 8005e44:	f853 2b04 	ldr.w	r2, [r3], #4
 8005e48:	9204      	str	r2, [sp, #16]
 8005e4a:	2a00      	cmp	r2, #0
 8005e4c:	f280 8288 	bge.w	8006360 <_vfiprintf_r+0x8cc>
 8005e50:	9a04      	ldr	r2, [sp, #16]
 8005e52:	9307      	str	r3, [sp, #28]
 8005e54:	4252      	negs	r2, r2
 8005e56:	9204      	str	r2, [sp, #16]
 8005e58:	f89b 1000 	ldrb.w	r1, [fp]
 8005e5c:	f048 0804 	orr.w	r8, r8, #4
 8005e60:	e670      	b.n	8005b44 <_vfiprintf_r+0xb0>
 8005e62:	4658      	mov	r0, fp
 8005e64:	f810 1b01 	ldrb.w	r1, [r0], #1
 8005e68:	292a      	cmp	r1, #42	@ 0x2a
 8005e6a:	f000 835a 	beq.w	8006522 <_vfiprintf_r+0xa8e>
 8005e6e:	f1a1 0330 	sub.w	r3, r1, #48	@ 0x30
 8005e72:	2b09      	cmp	r3, #9
 8005e74:	bf98      	it	ls
 8005e76:	2200      	movls	r2, #0
 8005e78:	f200 8347 	bhi.w	800650a <_vfiprintf_r+0xa76>
 8005e7c:	f810 1b01 	ldrb.w	r1, [r0], #1
 8005e80:	eb02 0282 	add.w	r2, r2, r2, lsl #2
 8005e84:	eb03 0242 	add.w	r2, r3, r2, lsl #1
 8005e88:	f1a1 0330 	sub.w	r3, r1, #48	@ 0x30
 8005e8c:	2b09      	cmp	r3, #9
 8005e8e:	d9f5      	bls.n	8005e7c <_vfiprintf_r+0x3e8>
 8005e90:	ea42 73e2 	orr.w	r3, r2, r2, asr #31
 8005e94:	9303      	str	r3, [sp, #12]
 8005e96:	4683      	mov	fp, r0
 8005e98:	e656      	b.n	8005b48 <_vfiprintf_r+0xb4>
 8005e9a:	f89b 1000 	ldrb.w	r1, [fp]
 8005e9e:	f048 0880 	orr.w	r8, r8, #128	@ 0x80
 8005ea2:	e64f      	b.n	8005b44 <_vfiprintf_r+0xb0>
 8005ea4:	232b      	movs	r3, #43	@ 0x2b
 8005ea6:	f89b 1000 	ldrb.w	r1, [fp]
 8005eaa:	f88d 3037 	strb.w	r3, [sp, #55]	@ 0x37
 8005eae:	e649      	b.n	8005b44 <_vfiprintf_r+0xb0>
 8005eb0:	f89b 1000 	ldrb.w	r1, [fp]
 8005eb4:	f048 0801 	orr.w	r8, r8, #1
 8005eb8:	e644      	b.n	8005b44 <_vfiprintf_r+0xb0>
 8005eba:	f89d 3037 	ldrb.w	r3, [sp, #55]	@ 0x37
 8005ebe:	f89b 1000 	ldrb.w	r1, [fp]
 8005ec2:	2b00      	cmp	r3, #0
 8005ec4:	f47f ae3e 	bne.w	8005b44 <_vfiprintf_r+0xb0>
 8005ec8:	2320      	movs	r3, #32
 8005eca:	f88d 3037 	strb.w	r3, [sp, #55]	@ 0x37
 8005ece:	e639      	b.n	8005b44 <_vfiprintf_r+0xb0>
 8005ed0:	f018 0f20 	tst.w	r8, #32
 8005ed4:	f000 824d 	beq.w	8006372 <_vfiprintf_r+0x8de>
 8005ed8:	9b07      	ldr	r3, [sp, #28]
 8005eda:	9a05      	ldr	r2, [sp, #20]
 8005edc:	681b      	ldr	r3, [r3, #0]
 8005ede:	601a      	str	r2, [r3, #0]
 8005ee0:	17d2      	asrs	r2, r2, #31
 8005ee2:	605a      	str	r2, [r3, #4]
 8005ee4:	9b07      	ldr	r3, [sp, #28]
 8005ee6:	3304      	adds	r3, #4
 8005ee8:	9307      	str	r3, [sp, #28]
 8005eea:	e608      	b.n	8005afe <_vfiprintf_r+0x6a>
 8005eec:	f89b 1000 	ldrb.w	r1, [fp]
 8005ef0:	296c      	cmp	r1, #108	@ 0x6c
 8005ef2:	bf03      	ittte	eq
 8005ef4:	f89b 1001 	ldrbeq.w	r1, [fp, #1]
 8005ef8:	f048 0820 	orreq.w	r8, r8, #32
 8005efc:	f10b 0b01 	addeq.w	fp, fp, #1
 8005f00:	f048 0810 	orrne.w	r8, r8, #16
 8005f04:	e61e      	b.n	8005b44 <_vfiprintf_r+0xb0>
 8005f06:	f89b 1000 	ldrb.w	r1, [fp]
 8005f0a:	f048 0840 	orr.w	r8, r8, #64	@ 0x40
 8005f0e:	e619      	b.n	8005b44 <_vfiprintf_r+0xb0>
 8005f10:	9b07      	ldr	r3, [sp, #28]
 8005f12:	2200      	movs	r2, #0
 8005f14:	f88d 2037 	strb.w	r2, [sp, #55]	@ 0x37
 8005f18:	f853 2b04 	ldr.w	r2, [r3], #4
 8005f1c:	9307      	str	r3, [sp, #28]
 8005f1e:	2301      	movs	r3, #1
 8005f20:	f88d 2048 	strb.w	r2, [sp, #72]	@ 0x48
 8005f24:	9301      	str	r3, [sp, #4]
 8005f26:	ac12      	add	r4, sp, #72	@ 0x48
 8005f28:	e6f9      	b.n	8005d1e <_vfiprintf_r+0x28a>
 8005f2a:	f048 0110 	orr.w	r1, r8, #16
 8005f2e:	f011 0220 	ands.w	r2, r1, #32
 8005f32:	f000 81de 	beq.w	80062f2 <_vfiprintf_r+0x85e>
 8005f36:	9b07      	ldr	r3, [sp, #28]
 8005f38:	3307      	adds	r3, #7
 8005f3a:	f023 0307 	bic.w	r3, r3, #7
 8005f3e:	4618      	mov	r0, r3
 8005f40:	685a      	ldr	r2, [r3, #4]
 8005f42:	f850 3b08 	ldr.w	r3, [r0], #8
 8005f46:	9007      	str	r0, [sp, #28]
 8005f48:	9803      	ldr	r0, [sp, #12]
 8005f4a:	2500      	movs	r5, #0
 8005f4c:	42a8      	cmp	r0, r5
 8005f4e:	f88d 5037 	strb.w	r5, [sp, #55]	@ 0x37
 8005f52:	f2c0 82a7 	blt.w	80064a4 <_vfiprintf_r+0xa10>
 8005f56:	2501      	movs	r5, #1
 8005f58:	ea53 0002 	orrs.w	r0, r3, r2
 8005f5c:	f021 0880 	bic.w	r8, r1, #128	@ 0x80
 8005f60:	f040 8094 	bne.w	800608c <_vfiprintf_r+0x5f8>
 8005f64:	9803      	ldr	r0, [sp, #12]
 8005f66:	2800      	cmp	r0, #0
 8005f68:	f040 829e 	bne.w	80064a8 <_vfiprintf_r+0xa14>
 8005f6c:	2d00      	cmp	r5, #0
 8005f6e:	f040 81f3 	bne.w	8006358 <_vfiprintf_r+0x8c4>
 8005f72:	f011 0301 	ands.w	r3, r1, #1
 8005f76:	f000 81f8 	beq.w	800636a <_vfiprintf_r+0x8d6>
 8005f7a:	2230      	movs	r2, #48	@ 0x30
 8005f7c:	f88d 206f 	strb.w	r2, [sp, #111]	@ 0x6f
 8005f80:	9301      	str	r3, [sp, #4]
 8005f82:	f10d 046f 	add.w	r4, sp, #111	@ 0x6f
 8005f86:	e034      	b.n	8005ff2 <_vfiprintf_r+0x55e>
 8005f88:	f048 0110 	orr.w	r1, r8, #16
 8005f8c:	f011 0220 	ands.w	r2, r1, #32
 8005f90:	f000 81be 	beq.w	8006310 <_vfiprintf_r+0x87c>
 8005f94:	9b07      	ldr	r3, [sp, #28]
 8005f96:	3307      	adds	r3, #7
 8005f98:	f023 0307 	bic.w	r3, r3, #7
 8005f9c:	4618      	mov	r0, r3
 8005f9e:	685a      	ldr	r2, [r3, #4]
 8005fa0:	f850 3b08 	ldr.w	r3, [r0], #8
 8005fa4:	9007      	str	r0, [sp, #28]
 8005fa6:	9803      	ldr	r0, [sp, #12]
 8005fa8:	2500      	movs	r5, #0
 8005faa:	42a8      	cmp	r0, r5
 8005fac:	f88d 5037 	strb.w	r5, [sp, #55]	@ 0x37
 8005fb0:	dad2      	bge.n	8005f58 <_vfiprintf_r+0x4c4>
 8005fb2:	4688      	mov	r8, r1
 8005fb4:	464c      	mov	r4, r9
 8005fb6:	f003 0107 	and.w	r1, r3, #7
 8005fba:	08db      	lsrs	r3, r3, #3
 8005fbc:	ea43 7342 	orr.w	r3, r3, r2, lsl #29
 8005fc0:	08d2      	lsrs	r2, r2, #3
 8005fc2:	3130      	adds	r1, #48	@ 0x30
 8005fc4:	ea53 0502 	orrs.w	r5, r3, r2
 8005fc8:	4620      	mov	r0, r4
 8005fca:	f804 1d01 	strb.w	r1, [r4, #-1]!
 8005fce:	d1f2      	bne.n	8005fb6 <_vfiprintf_r+0x522>
 8005fd0:	f018 0f01 	tst.w	r8, #1
 8005fd4:	d06d      	beq.n	80060b2 <_vfiprintf_r+0x61e>
 8005fd6:	2930      	cmp	r1, #48	@ 0x30
 8005fd8:	d06b      	beq.n	80060b2 <_vfiprintf_r+0x61e>
 8005fda:	9a03      	ldr	r2, [sp, #12]
 8005fdc:	3802      	subs	r0, #2
 8005fde:	2330      	movs	r3, #48	@ 0x30
 8005fe0:	f804 3c01 	strb.w	r3, [r4, #-1]
 8005fe4:	eba9 0300 	sub.w	r3, r9, r0
 8005fe8:	429a      	cmp	r2, r3
 8005fea:	bfb8      	it	lt
 8005fec:	461a      	movlt	r2, r3
 8005fee:	4604      	mov	r4, r0
 8005ff0:	9201      	str	r2, [sp, #4]
 8005ff2:	f018 0202 	ands.w	r2, r8, #2
 8005ff6:	9206      	str	r2, [sp, #24]
 8005ff8:	f43f ae94 	beq.w	8005d24 <_vfiprintf_r+0x290>
 8005ffc:	9a01      	ldr	r2, [sp, #4]
 8005ffe:	3202      	adds	r2, #2
 8006000:	9201      	str	r2, [sp, #4]
 8006002:	2202      	movs	r2, #2
 8006004:	9206      	str	r2, [sp, #24]
 8006006:	e68d      	b.n	8005d24 <_vfiprintf_r+0x290>
 8006008:	9d07      	ldr	r5, [sp, #28]
 800600a:	9b03      	ldr	r3, [sp, #12]
 800600c:	f855 4b04 	ldr.w	r4, [r5], #4
 8006010:	2100      	movs	r1, #0
 8006012:	f88d 1037 	strb.w	r1, [sp, #55]	@ 0x37
 8006016:	2c00      	cmp	r4, #0
 8006018:	f000 825e 	beq.w	80064d8 <_vfiprintf_r+0xa44>
 800601c:	2b00      	cmp	r3, #0
 800601e:	f2c0 81df 	blt.w	80063e0 <_vfiprintf_r+0x94c>
 8006022:	461a      	mov	r2, r3
 8006024:	4620      	mov	r0, r4
 8006026:	f7fc f9e3 	bl	80023f0 <memchr>
 800602a:	2800      	cmp	r0, #0
 800602c:	f000 826b 	beq.w	8006506 <_vfiprintf_r+0xa72>
 8006030:	1b03      	subs	r3, r0, r4
 8006032:	f89d 2037 	ldrb.w	r2, [sp, #55]	@ 0x37
 8006036:	ea23 71e3 	bic.w	r1, r3, r3, asr #31
 800603a:	9101      	str	r1, [sp, #4]
 800603c:	2a00      	cmp	r2, #0
 800603e:	f000 8252 	beq.w	80064e6 <_vfiprintf_r+0xa52>
 8006042:	2200      	movs	r2, #0
 8006044:	9507      	str	r5, [sp, #28]
 8006046:	9203      	str	r2, [sp, #12]
 8006048:	e615      	b.n	8005c76 <_vfiprintf_r+0x1e2>
 800604a:	f89b 1000 	ldrb.w	r1, [fp]
 800604e:	f048 0820 	orr.w	r8, r8, #32
 8006052:	e577      	b.n	8005b44 <_vfiprintf_r+0xb0>
 8006054:	9a07      	ldr	r2, [sp, #28]
 8006056:	f852 3b04 	ldr.w	r3, [r2], #4
 800605a:	9207      	str	r2, [sp, #28]
 800605c:	f647 0230 	movw	r2, #30768	@ 0x7830
 8006060:	f8ad 2038 	strh.w	r2, [sp, #56]	@ 0x38
 8006064:	4ab2      	ldr	r2, [pc, #712]	@ (8006330 <_vfiprintf_r+0x89c>)
 8006066:	9209      	str	r2, [sp, #36]	@ 0x24
 8006068:	f048 0802 	orr.w	r8, r8, #2
 800606c:	2200      	movs	r2, #0
 800606e:	2100      	movs	r1, #0
 8006070:	f88d 1037 	strb.w	r1, [sp, #55]	@ 0x37
 8006074:	9903      	ldr	r1, [sp, #12]
 8006076:	2900      	cmp	r1, #0
 8006078:	db0d      	blt.n	8006096 <_vfiprintf_r+0x602>
 800607a:	4641      	mov	r1, r8
 800607c:	ea53 0002 	orrs.w	r0, r3, r2
 8006080:	f04f 0502 	mov.w	r5, #2
 8006084:	f021 0880 	bic.w	r8, r1, #128	@ 0x80
 8006088:	f43f af6c 	beq.w	8005f64 <_vfiprintf_r+0x4d0>
 800608c:	2d01      	cmp	r5, #1
 800608e:	f000 8254 	beq.w	800653a <_vfiprintf_r+0xaa6>
 8006092:	2d02      	cmp	r5, #2
 8006094:	d18e      	bne.n	8005fb4 <_vfiprintf_r+0x520>
 8006096:	9809      	ldr	r0, [sp, #36]	@ 0x24
 8006098:	464c      	mov	r4, r9
 800609a:	f003 010f 	and.w	r1, r3, #15
 800609e:	091b      	lsrs	r3, r3, #4
 80060a0:	5c41      	ldrb	r1, [r0, r1]
 80060a2:	f804 1d01 	strb.w	r1, [r4, #-1]!
 80060a6:	ea43 7302 	orr.w	r3, r3, r2, lsl #28
 80060aa:	0912      	lsrs	r2, r2, #4
 80060ac:	ea53 0102 	orrs.w	r1, r3, r2
 80060b0:	d1f3      	bne.n	800609a <_vfiprintf_r+0x606>
 80060b2:	9a03      	ldr	r2, [sp, #12]
 80060b4:	eba9 0304 	sub.w	r3, r9, r4
 80060b8:	429a      	cmp	r2, r3
 80060ba:	bfb8      	it	lt
 80060bc:	461a      	movlt	r2, r3
 80060be:	9201      	str	r2, [sp, #4]
 80060c0:	e797      	b.n	8005ff2 <_vfiprintf_r+0x55e>
 80060c2:	9804      	ldr	r0, [sp, #16]
 80060c4:	9d01      	ldr	r5, [sp, #4]
 80060c6:	1b45      	subs	r5, r0, r5
 80060c8:	2d00      	cmp	r5, #0
 80060ca:	f77f ae5f 	ble.w	8005d8c <_vfiprintf_r+0x2f8>
 80060ce:	2d10      	cmp	r5, #16
 80060d0:	4e98      	ldr	r6, [pc, #608]	@ (8006334 <_vfiprintf_r+0x8a0>)
 80060d2:	dd23      	ble.n	800611c <_vfiprintf_r+0x688>
 80060d4:	9406      	str	r4, [sp, #24]
 80060d6:	4650      	mov	r0, sl
 80060d8:	9c08      	ldr	r4, [sp, #32]
 80060da:	2710      	movs	r7, #16
 80060dc:	469a      	mov	sl, r3
 80060de:	e004      	b.n	80060ea <_vfiprintf_r+0x656>
 80060e0:	3d10      	subs	r5, #16
 80060e2:	2d10      	cmp	r5, #16
 80060e4:	f100 0008 	add.w	r0, r0, #8
 80060e8:	dd15      	ble.n	8006116 <_vfiprintf_r+0x682>
 80060ea:	3201      	adds	r2, #1
 80060ec:	3110      	adds	r1, #16
 80060ee:	2a07      	cmp	r2, #7
 80060f0:	e9c0 6700 	strd	r6, r7, [r0]
 80060f4:	e9cd 2110 	strd	r2, r1, [sp, #64]	@ 0x40
 80060f8:	ddf2      	ble.n	80060e0 <_vfiprintf_r+0x64c>
 80060fa:	9902      	ldr	r1, [sp, #8]
 80060fc:	aa0f      	add	r2, sp, #60	@ 0x3c
 80060fe:	4620      	mov	r0, r4
 8006100:	f7fe fa6e 	bl	80045e0 <__sprint_r>
 8006104:	2800      	cmp	r0, #0
 8006106:	f47f adf7 	bne.w	8005cf8 <_vfiprintf_r+0x264>
 800610a:	3d10      	subs	r5, #16
 800610c:	2d10      	cmp	r5, #16
 800610e:	e9dd 2110 	ldrd	r2, r1, [sp, #64]	@ 0x40
 8006112:	4648      	mov	r0, r9
 8006114:	dce9      	bgt.n	80060ea <_vfiprintf_r+0x656>
 8006116:	9c06      	ldr	r4, [sp, #24]
 8006118:	4653      	mov	r3, sl
 800611a:	4682      	mov	sl, r0
 800611c:	3201      	adds	r2, #1
 800611e:	4429      	add	r1, r5
 8006120:	2a07      	cmp	r2, #7
 8006122:	e9cd 2110 	strd	r2, r1, [sp, #64]	@ 0x40
 8006126:	f8ca 6000 	str.w	r6, [sl]
 800612a:	f8ca 5004 	str.w	r5, [sl, #4]
 800612e:	f300 81c5 	bgt.w	80064bc <_vfiprintf_r+0xa28>
 8006132:	9803      	ldr	r0, [sp, #12]
 8006134:	1ac5      	subs	r5, r0, r3
 8006136:	2d00      	cmp	r5, #0
 8006138:	f10a 0a08 	add.w	sl, sl, #8
 800613c:	f77f ae2b 	ble.w	8005d96 <_vfiprintf_r+0x302>
 8006140:	2d10      	cmp	r5, #16
 8006142:	4e7c      	ldr	r6, [pc, #496]	@ (8006334 <_vfiprintf_r+0x8a0>)
 8006144:	dd26      	ble.n	8006194 <_vfiprintf_r+0x700>
 8006146:	9403      	str	r4, [sp, #12]
 8006148:	4650      	mov	r0, sl
 800614a:	9c08      	ldr	r4, [sp, #32]
 800614c:	46b2      	mov	sl, r6
 800614e:	2710      	movs	r7, #16
 8006150:	461e      	mov	r6, r3
 8006152:	e004      	b.n	800615e <_vfiprintf_r+0x6ca>
 8006154:	3d10      	subs	r5, #16
 8006156:	2d10      	cmp	r5, #16
 8006158:	f100 0008 	add.w	r0, r0, #8
 800615c:	dd16      	ble.n	800618c <_vfiprintf_r+0x6f8>
 800615e:	3201      	adds	r2, #1
 8006160:	4b74      	ldr	r3, [pc, #464]	@ (8006334 <_vfiprintf_r+0x8a0>)
 8006162:	3110      	adds	r1, #16
 8006164:	2a07      	cmp	r2, #7
 8006166:	e9c0 3700 	strd	r3, r7, [r0]
 800616a:	e9cd 2110 	strd	r2, r1, [sp, #64]	@ 0x40
 800616e:	ddf1      	ble.n	8006154 <_vfiprintf_r+0x6c0>
 8006170:	9902      	ldr	r1, [sp, #8]
 8006172:	aa0f      	add	r2, sp, #60	@ 0x3c
 8006174:	4620      	mov	r0, r4
 8006176:	f7fe fa33 	bl	80045e0 <__sprint_r>
 800617a:	2800      	cmp	r0, #0
 800617c:	f47f adbc 	bne.w	8005cf8 <_vfiprintf_r+0x264>
 8006180:	3d10      	subs	r5, #16
 8006182:	2d10      	cmp	r5, #16
 8006184:	e9dd 2110 	ldrd	r2, r1, [sp, #64]	@ 0x40
 8006188:	4648      	mov	r0, r9
 800618a:	dce8      	bgt.n	800615e <_vfiprintf_r+0x6ca>
 800618c:	9c03      	ldr	r4, [sp, #12]
 800618e:	4633      	mov	r3, r6
 8006190:	4656      	mov	r6, sl
 8006192:	4682      	mov	sl, r0
 8006194:	3201      	adds	r2, #1
 8006196:	4429      	add	r1, r5
 8006198:	2a07      	cmp	r2, #7
 800619a:	e9cd 2110 	strd	r2, r1, [sp, #64]	@ 0x40
 800619e:	f8ca 6000 	str.w	r6, [sl]
 80061a2:	f8ca 5004 	str.w	r5, [sl, #4]
 80061a6:	f300 80c9 	bgt.w	800633c <_vfiprintf_r+0x8a8>
 80061aa:	f10a 0a08 	add.w	sl, sl, #8
 80061ae:	e5f2      	b.n	8005d96 <_vfiprintf_r+0x302>
 80061b0:	9902      	ldr	r1, [sp, #8]
 80061b2:	9808      	ldr	r0, [sp, #32]
 80061b4:	aa0f      	add	r2, sp, #60	@ 0x3c
 80061b6:	f7fe fa13 	bl	80045e0 <__sprint_r>
 80061ba:	2800      	cmp	r0, #0
 80061bc:	f47f ad9c 	bne.w	8005cf8 <_vfiprintf_r+0x264>
 80061c0:	9911      	ldr	r1, [sp, #68]	@ 0x44
 80061c2:	46ca      	mov	sl, r9
 80061c4:	e5f4      	b.n	8005db0 <_vfiprintf_r+0x31c>
 80061c6:	9902      	ldr	r1, [sp, #8]
 80061c8:	9808      	ldr	r0, [sp, #32]
 80061ca:	aa0f      	add	r2, sp, #60	@ 0x3c
 80061cc:	f7fe fa08 	bl	80045e0 <__sprint_r>
 80061d0:	2800      	cmp	r0, #0
 80061d2:	f43f ae01 	beq.w	8005dd8 <_vfiprintf_r+0x344>
 80061d6:	e58f      	b.n	8005cf8 <_vfiprintf_r+0x264>
 80061d8:	2d10      	cmp	r5, #16
 80061da:	4e57      	ldr	r6, [pc, #348]	@ (8006338 <_vfiprintf_r+0x8a4>)
 80061dc:	dd28      	ble.n	8006230 <_vfiprintf_r+0x79c>
 80061de:	e9cd 740a 	strd	r7, r4, [sp, #40]	@ 0x28
 80061e2:	4650      	mov	r0, sl
 80061e4:	4637      	mov	r7, r6
 80061e6:	9c08      	ldr	r4, [sp, #32]
 80061e8:	9e02      	ldr	r6, [sp, #8]
 80061ea:	469a      	mov	sl, r3
 80061ec:	e004      	b.n	80061f8 <_vfiprintf_r+0x764>
 80061ee:	3d10      	subs	r5, #16
 80061f0:	2d10      	cmp	r5, #16
 80061f2:	f100 0008 	add.w	r0, r0, #8
 80061f6:	dd16      	ble.n	8006226 <_vfiprintf_r+0x792>
 80061f8:	3201      	adds	r2, #1
 80061fa:	3110      	adds	r1, #16
 80061fc:	2310      	movs	r3, #16
 80061fe:	2a07      	cmp	r2, #7
 8006200:	e9cd 2110 	strd	r2, r1, [sp, #64]	@ 0x40
 8006204:	6007      	str	r7, [r0, #0]
 8006206:	6043      	str	r3, [r0, #4]
 8006208:	ddf1      	ble.n	80061ee <_vfiprintf_r+0x75a>
 800620a:	aa0f      	add	r2, sp, #60	@ 0x3c
 800620c:	4631      	mov	r1, r6
 800620e:	4620      	mov	r0, r4
 8006210:	f7fe f9e6 	bl	80045e0 <__sprint_r>
 8006214:	2800      	cmp	r0, #0
 8006216:	f47f ad6f 	bne.w	8005cf8 <_vfiprintf_r+0x264>
 800621a:	3d10      	subs	r5, #16
 800621c:	2d10      	cmp	r5, #16
 800621e:	e9dd 2110 	ldrd	r2, r1, [sp, #64]	@ 0x40
 8006222:	4648      	mov	r0, r9
 8006224:	dce8      	bgt.n	80061f8 <_vfiprintf_r+0x764>
 8006226:	463e      	mov	r6, r7
 8006228:	9c0b      	ldr	r4, [sp, #44]	@ 0x2c
 800622a:	9f0a      	ldr	r7, [sp, #40]	@ 0x28
 800622c:	4653      	mov	r3, sl
 800622e:	4682      	mov	sl, r0
 8006230:	3201      	adds	r2, #1
 8006232:	4429      	add	r1, r5
 8006234:	2a07      	cmp	r2, #7
 8006236:	e9cd 2110 	strd	r2, r1, [sp, #64]	@ 0x40
 800623a:	f8ca 6000 	str.w	r6, [sl]
 800623e:	f8ca 5004 	str.w	r5, [sl, #4]
 8006242:	f300 8121 	bgt.w	8006488 <_vfiprintf_r+0x9f4>
 8006246:	f10a 0a08 	add.w	sl, sl, #8
 800624a:	e576      	b.n	8005d3a <_vfiprintf_r+0x2a6>
 800624c:	9902      	ldr	r1, [sp, #8]
 800624e:	9808      	ldr	r0, [sp, #32]
 8006250:	930a      	str	r3, [sp, #40]	@ 0x28
 8006252:	aa0f      	add	r2, sp, #60	@ 0x3c
 8006254:	f7fe f9c4 	bl	80045e0 <__sprint_r>
 8006258:	2800      	cmp	r0, #0
 800625a:	f47f ad4d 	bne.w	8005cf8 <_vfiprintf_r+0x264>
 800625e:	e9dd 2110 	ldrd	r2, r1, [sp, #64]	@ 0x40
 8006262:	9b0a      	ldr	r3, [sp, #40]	@ 0x28
 8006264:	46ca      	mov	sl, r9
 8006266:	e57c      	b.n	8005d62 <_vfiprintf_r+0x2ce>
 8006268:	9902      	ldr	r1, [sp, #8]
 800626a:	9808      	ldr	r0, [sp, #32]
 800626c:	9306      	str	r3, [sp, #24]
 800626e:	aa0f      	add	r2, sp, #60	@ 0x3c
 8006270:	f7fe f9b6 	bl	80045e0 <__sprint_r>
 8006274:	2800      	cmp	r0, #0
 8006276:	f47f ad3f 	bne.w	8005cf8 <_vfiprintf_r+0x264>
 800627a:	e9dd 2110 	ldrd	r2, r1, [sp, #64]	@ 0x40
 800627e:	9b06      	ldr	r3, [sp, #24]
 8006280:	46ca      	mov	sl, r9
 8006282:	e580      	b.n	8005d86 <_vfiprintf_r+0x2f2>
 8006284:	2c10      	cmp	r4, #16
 8006286:	9b10      	ldr	r3, [sp, #64]	@ 0x40
 8006288:	4e2b      	ldr	r6, [pc, #172]	@ (8006338 <_vfiprintf_r+0x8a4>)
 800628a:	dd1f      	ble.n	80062cc <_vfiprintf_r+0x838>
 800628c:	9f08      	ldr	r7, [sp, #32]
 800628e:	f8dd 8008 	ldr.w	r8, [sp, #8]
 8006292:	2510      	movs	r5, #16
 8006294:	e004      	b.n	80062a0 <_vfiprintf_r+0x80c>
 8006296:	3c10      	subs	r4, #16
 8006298:	2c10      	cmp	r4, #16
 800629a:	f10a 0a08 	add.w	sl, sl, #8
 800629e:	dd15      	ble.n	80062cc <_vfiprintf_r+0x838>
 80062a0:	3301      	adds	r3, #1
 80062a2:	3110      	adds	r1, #16
 80062a4:	2b07      	cmp	r3, #7
 80062a6:	e9ca 6500 	strd	r6, r5, [sl]
 80062aa:	e9cd 3110 	strd	r3, r1, [sp, #64]	@ 0x40
 80062ae:	ddf2      	ble.n	8006296 <_vfiprintf_r+0x802>
 80062b0:	aa0f      	add	r2, sp, #60	@ 0x3c
 80062b2:	4641      	mov	r1, r8
 80062b4:	4638      	mov	r0, r7
 80062b6:	f7fe f993 	bl	80045e0 <__sprint_r>
 80062ba:	2800      	cmp	r0, #0
 80062bc:	f47f ad1c 	bne.w	8005cf8 <_vfiprintf_r+0x264>
 80062c0:	3c10      	subs	r4, #16
 80062c2:	2c10      	cmp	r4, #16
 80062c4:	e9dd 3110 	ldrd	r3, r1, [sp, #64]	@ 0x40
 80062c8:	46ca      	mov	sl, r9
 80062ca:	dce9      	bgt.n	80062a0 <_vfiprintf_r+0x80c>
 80062cc:	3301      	adds	r3, #1
 80062ce:	4421      	add	r1, r4
 80062d0:	2b07      	cmp	r3, #7
 80062d2:	e9ca 6400 	strd	r6, r4, [sl]
 80062d6:	e9cd 3110 	strd	r3, r1, [sp, #64]	@ 0x40
 80062da:	f77f ad72 	ble.w	8005dc2 <_vfiprintf_r+0x32e>
 80062de:	9902      	ldr	r1, [sp, #8]
 80062e0:	9808      	ldr	r0, [sp, #32]
 80062e2:	aa0f      	add	r2, sp, #60	@ 0x3c
 80062e4:	f7fe f97c 	bl	80045e0 <__sprint_r>
 80062e8:	2800      	cmp	r0, #0
 80062ea:	f47f ad05 	bne.w	8005cf8 <_vfiprintf_r+0x264>
 80062ee:	9911      	ldr	r1, [sp, #68]	@ 0x44
 80062f0:	e567      	b.n	8005dc2 <_vfiprintf_r+0x32e>
 80062f2:	9807      	ldr	r0, [sp, #28]
 80062f4:	f850 3b04 	ldr.w	r3, [r0], #4
 80062f8:	9007      	str	r0, [sp, #28]
 80062fa:	f011 0010 	ands.w	r0, r1, #16
 80062fe:	f47f ae23 	bne.w	8005f48 <_vfiprintf_r+0x4b4>
 8006302:	f011 0240 	ands.w	r2, r1, #64	@ 0x40
 8006306:	f43f ae1f 	beq.w	8005f48 <_vfiprintf_r+0x4b4>
 800630a:	b29b      	uxth	r3, r3
 800630c:	4602      	mov	r2, r0
 800630e:	e61b      	b.n	8005f48 <_vfiprintf_r+0x4b4>
 8006310:	9807      	ldr	r0, [sp, #28]
 8006312:	f850 3b04 	ldr.w	r3, [r0], #4
 8006316:	9007      	str	r0, [sp, #28]
 8006318:	f011 0010 	ands.w	r0, r1, #16
 800631c:	f47f ae43 	bne.w	8005fa6 <_vfiprintf_r+0x512>
 8006320:	f011 0240 	ands.w	r2, r1, #64	@ 0x40
 8006324:	f43f ae3f 	beq.w	8005fa6 <_vfiprintf_r+0x512>
 8006328:	b29b      	uxth	r3, r3
 800632a:	4602      	mov	r2, r0
 800632c:	e63b      	b.n	8005fa6 <_vfiprintf_r+0x512>
 800632e:	bf00      	nop
 8006330:	08007348 	.word	0x08007348
 8006334:	080077fc 	.word	0x080077fc
 8006338:	080077ec 	.word	0x080077ec
 800633c:	9902      	ldr	r1, [sp, #8]
 800633e:	9808      	ldr	r0, [sp, #32]
 8006340:	9303      	str	r3, [sp, #12]
 8006342:	aa0f      	add	r2, sp, #60	@ 0x3c
 8006344:	f7fe f94c 	bl	80045e0 <__sprint_r>
 8006348:	2800      	cmp	r0, #0
 800634a:	f47f acd5 	bne.w	8005cf8 <_vfiprintf_r+0x264>
 800634e:	e9dd 2110 	ldrd	r2, r1, [sp, #64]	@ 0x40
 8006352:	9b03      	ldr	r3, [sp, #12]
 8006354:	46ca      	mov	sl, r9
 8006356:	e51e      	b.n	8005d96 <_vfiprintf_r+0x302>
 8006358:	9b03      	ldr	r3, [sp, #12]
 800635a:	9301      	str	r3, [sp, #4]
 800635c:	464c      	mov	r4, r9
 800635e:	e648      	b.n	8005ff2 <_vfiprintf_r+0x55e>
 8006360:	f89b 1000 	ldrb.w	r1, [fp]
 8006364:	9307      	str	r3, [sp, #28]
 8006366:	f7ff bbed 	b.w	8005b44 <_vfiprintf_r+0xb0>
 800636a:	9a03      	ldr	r2, [sp, #12]
 800636c:	9201      	str	r2, [sp, #4]
 800636e:	464c      	mov	r4, r9
 8006370:	e63f      	b.n	8005ff2 <_vfiprintf_r+0x55e>
 8006372:	f018 0f10 	tst.w	r8, #16
 8006376:	d138      	bne.n	80063ea <_vfiprintf_r+0x956>
 8006378:	f018 0f40 	tst.w	r8, #64	@ 0x40
 800637c:	d035      	beq.n	80063ea <_vfiprintf_r+0x956>
 800637e:	9b07      	ldr	r3, [sp, #28]
 8006380:	9a05      	ldr	r2, [sp, #20]
 8006382:	681b      	ldr	r3, [r3, #0]
 8006384:	801a      	strh	r2, [r3, #0]
 8006386:	e5ad      	b.n	8005ee4 <_vfiprintf_r+0x450>
 8006388:	4641      	mov	r1, r8
 800638a:	e5d0      	b.n	8005f2e <_vfiprintf_r+0x49a>
 800638c:	4641      	mov	r1, r8
 800638e:	e5fd      	b.n	8005f8c <_vfiprintf_r+0x4f8>
 8006390:	4b6b      	ldr	r3, [pc, #428]	@ (8006540 <_vfiprintf_r+0xaac>)
 8006392:	9309      	str	r3, [sp, #36]	@ 0x24
 8006394:	f018 0220 	ands.w	r2, r8, #32
 8006398:	d02c      	beq.n	80063f4 <_vfiprintf_r+0x960>
 800639a:	9b07      	ldr	r3, [sp, #28]
 800639c:	3307      	adds	r3, #7
 800639e:	f023 0307 	bic.w	r3, r3, #7
 80063a2:	4618      	mov	r0, r3
 80063a4:	685a      	ldr	r2, [r3, #4]
 80063a6:	f850 3b08 	ldr.w	r3, [r0], #8
 80063aa:	9007      	str	r0, [sp, #28]
 80063ac:	f018 0f01 	tst.w	r8, #1
 80063b0:	f43f ae5d 	beq.w	800606e <_vfiprintf_r+0x5da>
 80063b4:	ea53 0002 	orrs.w	r0, r3, r2
 80063b8:	f43f ae59 	beq.w	800606e <_vfiprintf_r+0x5da>
 80063bc:	f88d 1039 	strb.w	r1, [sp, #57]	@ 0x39
 80063c0:	2130      	movs	r1, #48	@ 0x30
 80063c2:	f88d 1038 	strb.w	r1, [sp, #56]	@ 0x38
 80063c6:	2100      	movs	r1, #0
 80063c8:	f88d 1037 	strb.w	r1, [sp, #55]	@ 0x37
 80063cc:	9903      	ldr	r1, [sp, #12]
 80063ce:	2900      	cmp	r1, #0
 80063d0:	f280 808d 	bge.w	80064ee <_vfiprintf_r+0xa5a>
 80063d4:	f048 0802 	orr.w	r8, r8, #2
 80063d8:	e65d      	b.n	8006096 <_vfiprintf_r+0x602>
 80063da:	4b5a      	ldr	r3, [pc, #360]	@ (8006544 <_vfiprintf_r+0xab0>)
 80063dc:	9309      	str	r3, [sp, #36]	@ 0x24
 80063de:	e7d9      	b.n	8006394 <_vfiprintf_r+0x900>
 80063e0:	4620      	mov	r0, r4
 80063e2:	f7fa f9ad 	bl	8000740 <strlen>
 80063e6:	4603      	mov	r3, r0
 80063e8:	e623      	b.n	8006032 <_vfiprintf_r+0x59e>
 80063ea:	9b07      	ldr	r3, [sp, #28]
 80063ec:	9a05      	ldr	r2, [sp, #20]
 80063ee:	681b      	ldr	r3, [r3, #0]
 80063f0:	601a      	str	r2, [r3, #0]
 80063f2:	e577      	b.n	8005ee4 <_vfiprintf_r+0x450>
 80063f4:	9807      	ldr	r0, [sp, #28]
 80063f6:	f850 3b04 	ldr.w	r3, [r0], #4
 80063fa:	9007      	str	r0, [sp, #28]
 80063fc:	f018 0010 	ands.w	r0, r8, #16
 8006400:	d1d4      	bne.n	80063ac <_vfiprintf_r+0x918>
 8006402:	f018 0240 	ands.w	r2, r8, #64	@ 0x40
 8006406:	bf1c      	itt	ne
 8006408:	b29b      	uxthne	r3, r3
 800640a:	4602      	movne	r2, r0
 800640c:	e7ce      	b.n	80063ac <_vfiprintf_r+0x918>
 800640e:	4e4e      	ldr	r6, [pc, #312]	@ (8006548 <_vfiprintf_r+0xab4>)
 8006410:	f8cd a004 	str.w	sl, [sp, #4]
 8006414:	464c      	mov	r4, r9
 8006416:	f04f 0e05 	mov.w	lr, #5
 800641a:	1899      	adds	r1, r3, r2
 800641c:	f141 0100 	adc.w	r1, r1, #0
 8006420:	fba6 0701 	umull	r0, r7, r6, r1
 8006424:	f027 0003 	bic.w	r0, r7, #3
 8006428:	eb00 0097 	add.w	r0, r0, r7, lsr #2
 800642c:	1a09      	subs	r1, r1, r0
 800642e:	1a58      	subs	r0, r3, r1
 8006430:	469a      	mov	sl, r3
 8006432:	4694      	mov	ip, r2
 8006434:	f162 0300 	sbc.w	r3, r2, #0
 8006438:	f04f 32cc 	mov.w	r2, #3435973836	@ 0xcccccccc
 800643c:	fb02 f200 	mul.w	r2, r2, r0
 8006440:	fb06 2203 	mla	r2, r6, r3, r2
 8006444:	fba0 3006 	umull	r3, r0, r0, r6
 8006448:	f003 0701 	and.w	r7, r3, #1
 800644c:	4402      	add	r2, r0
 800644e:	fba7 070e 	umull	r0, r7, r7, lr
 8006452:	1840      	adds	r0, r0, r1
 8006454:	f1ba 0f0a 	cmp.w	sl, #10
 8006458:	ea4f 0353 	mov.w	r3, r3, lsr #1
 800645c:	f100 0030 	add.w	r0, r0, #48	@ 0x30
 8006460:	f17c 0c00 	sbcs.w	ip, ip, #0
 8006464:	ea43 73c2 	orr.w	r3, r3, r2, lsl #31
 8006468:	f804 0d01 	strb.w	r0, [r4, #-1]!
 800646c:	ea4f 0252 	mov.w	r2, r2, lsr #1
 8006470:	d2d3      	bcs.n	800641a <_vfiprintf_r+0x986>
 8006472:	9a03      	ldr	r2, [sp, #12]
 8006474:	f8dd a004 	ldr.w	sl, [sp, #4]
 8006478:	eba9 0304 	sub.w	r3, r9, r4
 800647c:	429a      	cmp	r2, r3
 800647e:	bfb8      	it	lt
 8006480:	461a      	movlt	r2, r3
 8006482:	9201      	str	r2, [sp, #4]
 8006484:	f7ff bbf4 	b.w	8005c70 <_vfiprintf_r+0x1dc>
 8006488:	9902      	ldr	r1, [sp, #8]
 800648a:	9808      	ldr	r0, [sp, #32]
 800648c:	930a      	str	r3, [sp, #40]	@ 0x28
 800648e:	aa0f      	add	r2, sp, #60	@ 0x3c
 8006490:	f7fe f8a6 	bl	80045e0 <__sprint_r>
 8006494:	2800      	cmp	r0, #0
 8006496:	f47f ac2f 	bne.w	8005cf8 <_vfiprintf_r+0x264>
 800649a:	e9dd 2110 	ldrd	r2, r1, [sp, #64]	@ 0x40
 800649e:	9b0a      	ldr	r3, [sp, #40]	@ 0x28
 80064a0:	46ca      	mov	sl, r9
 80064a2:	e44a      	b.n	8005d3a <_vfiprintf_r+0x2a6>
 80064a4:	4688      	mov	r8, r1
 80064a6:	e4ba      	b.n	8005e1e <_vfiprintf_r+0x38a>
 80064a8:	2d01      	cmp	r5, #1
 80064aa:	f47f adf2 	bne.w	8006092 <_vfiprintf_r+0x5fe>
 80064ae:	2500      	movs	r5, #0
 80064b0:	2330      	movs	r3, #48	@ 0x30
 80064b2:	e4bb      	b.n	8005e2c <_vfiprintf_r+0x398>
 80064b4:	f7fa fac8 	bl	8000a48 <__sinit>
 80064b8:	f7ff baf9 	b.w	8005aae <_vfiprintf_r+0x1a>
 80064bc:	9902      	ldr	r1, [sp, #8]
 80064be:	9808      	ldr	r0, [sp, #32]
 80064c0:	9306      	str	r3, [sp, #24]
 80064c2:	aa0f      	add	r2, sp, #60	@ 0x3c
 80064c4:	f7fe f88c 	bl	80045e0 <__sprint_r>
 80064c8:	2800      	cmp	r0, #0
 80064ca:	f47f ac15 	bne.w	8005cf8 <_vfiprintf_r+0x264>
 80064ce:	e9dd 2110 	ldrd	r2, r1, [sp, #64]	@ 0x40
 80064d2:	9b06      	ldr	r3, [sp, #24]
 80064d4:	46ca      	mov	sl, r9
 80064d6:	e459      	b.n	8005d8c <_vfiprintf_r+0x2f8>
 80064d8:	2b06      	cmp	r3, #6
 80064da:	bf28      	it	cs
 80064dc:	2306      	movcs	r3, #6
 80064de:	4c1b      	ldr	r4, [pc, #108]	@ (800654c <_vfiprintf_r+0xab8>)
 80064e0:	9507      	str	r5, [sp, #28]
 80064e2:	9301      	str	r3, [sp, #4]
 80064e4:	e41b      	b.n	8005d1e <_vfiprintf_r+0x28a>
 80064e6:	e9cd 2506 	strd	r2, r5, [sp, #24]
 80064ea:	9203      	str	r2, [sp, #12]
 80064ec:	e41a      	b.n	8005d24 <_vfiprintf_r+0x290>
 80064ee:	f028 0180 	bic.w	r1, r8, #128	@ 0x80
 80064f2:	f041 0802 	orr.w	r8, r1, #2
 80064f6:	e5ce      	b.n	8006096 <_vfiprintf_r+0x602>
 80064f8:	9902      	ldr	r1, [sp, #8]
 80064fa:	9808      	ldr	r0, [sp, #32]
 80064fc:	aa0f      	add	r2, sp, #60	@ 0x3c
 80064fe:	f7fe f86f 	bl	80045e0 <__sprint_r>
 8006502:	f7ff bbf9 	b.w	8005cf8 <_vfiprintf_r+0x264>
 8006506:	9b03      	ldr	r3, [sp, #12]
 8006508:	e593      	b.n	8006032 <_vfiprintf_r+0x59e>
 800650a:	2300      	movs	r3, #0
 800650c:	4683      	mov	fp, r0
 800650e:	9303      	str	r3, [sp, #12]
 8006510:	f7ff bb1a 	b.w	8005b48 <_vfiprintf_r+0xb4>
 8006514:	f04f 33ff 	mov.w	r3, #4294967295	@ 0xffffffff
 8006518:	9305      	str	r3, [sp, #20]
 800651a:	f7ff bbf2 	b.w	8005d02 <_vfiprintf_r+0x26e>
 800651e:	2330      	movs	r3, #48	@ 0x30
 8006520:	e484      	b.n	8005e2c <_vfiprintf_r+0x398>
 8006522:	9b07      	ldr	r3, [sp, #28]
 8006524:	f89b 1001 	ldrb.w	r1, [fp, #1]
 8006528:	f853 2b04 	ldr.w	r2, [r3], #4
 800652c:	9307      	str	r3, [sp, #28]
 800652e:	ea42 72e2 	orr.w	r2, r2, r2, asr #31
 8006532:	4683      	mov	fp, r0
 8006534:	9203      	str	r2, [sp, #12]
 8006536:	f7ff bb05 	b.w	8005b44 <_vfiprintf_r+0xb0>
 800653a:	2500      	movs	r5, #0
 800653c:	e46f      	b.n	8005e1e <_vfiprintf_r+0x38a>
 800653e:	bf00      	nop
 8006540:	08007334 	.word	0x08007334
 8006544:	08007348 	.word	0x08007348
 8006548:	cccccccd 	.word	0xcccccccd
 800654c:	0800735c 	.word	0x0800735c

08006550 <vfiprintf>:
 8006550:	b410      	push	{r4}
 8006552:	4c04      	ldr	r4, [pc, #16]	@ (8006564 <vfiprintf+0x14>)
 8006554:	4684      	mov	ip, r0
 8006556:	4613      	mov	r3, r2
 8006558:	6820      	ldr	r0, [r4, #0]
 800655a:	bc10      	pop	{r4}
 800655c:	460a      	mov	r2, r1
 800655e:	4661      	mov	r1, ip
 8006560:	f7ff ba98 	b.w	8005a94 <_vfiprintf_r>
 8006564:	20000000 	.word	0x20000000

08006568 <__sbprintf>:
 8006568:	b570      	push	{r4, r5, r6, lr}
 800656a:	460c      	mov	r4, r1
 800656c:	8989      	ldrh	r1, [r1, #12]
 800656e:	f5ad 6d8d 	sub.w	sp, sp, #1128	@ 0x468
 8006572:	f021 0102 	bic.w	r1, r1, #2
 8006576:	f8ad 100c 	strh.w	r1, [sp, #12]
 800657a:	a91a      	add	r1, sp, #104	@ 0x68
 800657c:	9100      	str	r1, [sp, #0]
 800657e:	9104      	str	r1, [sp, #16]
 8006580:	f44f 6180 	mov.w	r1, #1024	@ 0x400
 8006584:	9102      	str	r1, [sp, #8]
 8006586:	9105      	str	r1, [sp, #20]
 8006588:	6e61      	ldr	r1, [r4, #100]	@ 0x64
 800658a:	9119      	str	r1, [sp, #100]	@ 0x64
 800658c:	89e1      	ldrh	r1, [r4, #14]
 800658e:	f8ad 100e 	strh.w	r1, [sp, #14]
 8006592:	69e1      	ldr	r1, [r4, #28]
 8006594:	9107      	str	r1, [sp, #28]
 8006596:	6a61      	ldr	r1, [r4, #36]	@ 0x24
 8006598:	9109      	str	r1, [sp, #36]	@ 0x24
 800659a:	2100      	movs	r1, #0
 800659c:	9106      	str	r1, [sp, #24]
 800659e:	4669      	mov	r1, sp
 80065a0:	4606      	mov	r6, r0
 80065a2:	f7ff fa77 	bl	8005a94 <_vfiprintf_r>
 80065a6:	1e05      	subs	r5, r0, #0
 80065a8:	db07      	blt.n	80065ba <__sbprintf+0x52>
 80065aa:	4669      	mov	r1, sp
 80065ac:	4630      	mov	r0, r6
 80065ae:	f7fc f803 	bl	80025b8 <_fflush_r>
 80065b2:	2800      	cmp	r0, #0
 80065b4:	bf18      	it	ne
 80065b6:	f04f 35ff 	movne.w	r5, #4294967295	@ 0xffffffff
 80065ba:	f8bd 300c 	ldrh.w	r3, [sp, #12]
 80065be:	065b      	lsls	r3, r3, #25
 80065c0:	d503      	bpl.n	80065ca <__sbprintf+0x62>
 80065c2:	89a3      	ldrh	r3, [r4, #12]
 80065c4:	f043 0340 	orr.w	r3, r3, #64	@ 0x40
 80065c8:	81a3      	strh	r3, [r4, #12]
 80065ca:	4628      	mov	r0, r5
 80065cc:	f50d 6d8d 	add.w	sp, sp, #1128	@ 0x468
 80065d0:	bd70      	pop	{r4, r5, r6, pc}
 80065d2:	bf00      	nop
 80065d4:	b570      	push	{r4, r5, r6, lr}
 80065d6:	f04f 0cff 	mov.w	ip, #255	@ 0xff
 80065da:	f44c 6ce0 	orr.w	ip, ip, #1792	@ 0x700
 80065de:	ea1c 5411 	ands.w	r4, ip, r1, lsr #20
 80065e2:	bf1d      	ittte	ne
 80065e4:	ea1c 5513 	andsne.w	r5, ip, r3, lsr #20
 80065e8:	ea94 0f0c 	teqne	r4, ip
 80065ec:	ea95 0f0c 	teqne	r5, ip
 80065f0:	f000 f8de 	bleq	80067b0 <__sbprintf+0x248>
 80065f4:	442c      	add	r4, r5
 80065f6:	ea81 0603 	eor.w	r6, r1, r3
 80065fa:	ea21 514c 	bic.w	r1, r1, ip, lsl #21
 80065fe:	ea23 534c 	bic.w	r3, r3, ip, lsl #21
 8006602:	ea50 3501 	orrs.w	r5, r0, r1, lsl #12
 8006606:	bf18      	it	ne
 8006608:	ea52 3503 	orrsne.w	r5, r2, r3, lsl #12
 800660c:	f441 1180 	orr.w	r1, r1, #1048576	@ 0x100000
 8006610:	f443 1380 	orr.w	r3, r3, #1048576	@ 0x100000
 8006614:	d038      	beq.n	8006688 <__sbprintf+0x120>
 8006616:	fba0 ce02 	umull	ip, lr, r0, r2
 800661a:	f04f 0500 	mov.w	r5, #0
 800661e:	fbe1 e502 	umlal	lr, r5, r1, r2
 8006622:	f006 4200 	and.w	r2, r6, #2147483648	@ 0x80000000
 8006626:	fbe0 e503 	umlal	lr, r5, r0, r3
 800662a:	f04f 0600 	mov.w	r6, #0
 800662e:	fbe1 5603 	umlal	r5, r6, r1, r3
 8006632:	f09c 0f00 	teq	ip, #0
 8006636:	bf18      	it	ne
 8006638:	f04e 0e01 	orrne.w	lr, lr, #1
 800663c:	f1a4 04ff 	sub.w	r4, r4, #255	@ 0xff
 8006640:	f5b6 7f00 	cmp.w	r6, #512	@ 0x200
 8006644:	f564 7440 	sbc.w	r4, r4, #768	@ 0x300
 8006648:	d204      	bcs.n	8006654 <__sbprintf+0xec>
 800664a:	ea5f 0e4e 	movs.w	lr, lr, lsl #1
 800664e:	416d      	adcs	r5, r5
 8006650:	eb46 0606 	adc.w	r6, r6, r6
 8006654:	ea42 21c6 	orr.w	r1, r2, r6, lsl #11
 8006658:	ea41 5155 	orr.w	r1, r1, r5, lsr #21
 800665c:	ea4f 20c5 	mov.w	r0, r5, lsl #11
 8006660:	ea40 505e 	orr.w	r0, r0, lr, lsr #21
 8006664:	ea4f 2ece 	mov.w	lr, lr, lsl #11
 8006668:	f1b4 0cfd 	subs.w	ip, r4, #253	@ 0xfd
 800666c:	bf88      	it	hi
 800666e:	f5bc 6fe0 	cmphi.w	ip, #1792	@ 0x700
 8006672:	d81e      	bhi.n	80066b2 <__sbprintf+0x14a>
 8006674:	f1be 4f00 	cmp.w	lr, #2147483648	@ 0x80000000
 8006678:	bf08      	it	eq
 800667a:	ea5f 0e50 	movseq.w	lr, r0, lsr #1
 800667e:	f150 0000 	adcs.w	r0, r0, #0
 8006682:	eb41 5104 	adc.w	r1, r1, r4, lsl #20
 8006686:	bd70      	pop	{r4, r5, r6, pc}
 8006688:	f006 4600 	and.w	r6, r6, #2147483648	@ 0x80000000
 800668c:	ea46 0101 	orr.w	r1, r6, r1
 8006690:	ea40 0002 	orr.w	r0, r0, r2
 8006694:	ea81 0103 	eor.w	r1, r1, r3
 8006698:	ebb4 045c 	subs.w	r4, r4, ip, lsr #1
 800669c:	bfc2      	ittt	gt
 800669e:	ebd4 050c 	rsbsgt	r5, r4, ip
 80066a2:	ea41 5104 	orrgt.w	r1, r1, r4, lsl #20
 80066a6:	bd70      	popgt	{r4, r5, r6, pc}
 80066a8:	f441 1180 	orr.w	r1, r1, #1048576	@ 0x100000
 80066ac:	f04f 0e00 	mov.w	lr, #0
 80066b0:	3c01      	subs	r4, #1
 80066b2:	f300 80ab 	bgt.w	800680c <__sbprintf+0x2a4>
 80066b6:	f114 0f36 	cmn.w	r4, #54	@ 0x36
 80066ba:	bfde      	ittt	le
 80066bc:	2000      	movle	r0, #0
 80066be:	f001 4100 	andle.w	r1, r1, #2147483648	@ 0x80000000
 80066c2:	bd70      	pople	{r4, r5, r6, pc}
 80066c4:	f1c4 0400 	rsb	r4, r4, #0
 80066c8:	3c20      	subs	r4, #32
 80066ca:	da35      	bge.n	8006738 <__sbprintf+0x1d0>
 80066cc:	340c      	adds	r4, #12
 80066ce:	dc1b      	bgt.n	8006708 <__sbprintf+0x1a0>
 80066d0:	f104 0414 	add.w	r4, r4, #20
 80066d4:	f1c4 0520 	rsb	r5, r4, #32
 80066d8:	fa00 f305 	lsl.w	r3, r0, r5
 80066dc:	fa20 f004 	lsr.w	r0, r0, r4
 80066e0:	fa01 f205 	lsl.w	r2, r1, r5
 80066e4:	ea40 0002 	orr.w	r0, r0, r2
 80066e8:	f001 4200 	and.w	r2, r1, #2147483648	@ 0x80000000
 80066ec:	f021 4100 	bic.w	r1, r1, #2147483648	@ 0x80000000
 80066f0:	eb10 70d3 	adds.w	r0, r0, r3, lsr #31
 80066f4:	fa21 f604 	lsr.w	r6, r1, r4
 80066f8:	eb42 0106 	adc.w	r1, r2, r6
 80066fc:	ea5e 0e43 	orrs.w	lr, lr, r3, lsl #1
 8006700:	bf08      	it	eq
 8006702:	ea20 70d3 	biceq.w	r0, r0, r3, lsr #31
 8006706:	bd70      	pop	{r4, r5, r6, pc}
 8006708:	f1c4 040c 	rsb	r4, r4, #12
 800670c:	f1c4 0520 	rsb	r5, r4, #32
 8006710:	fa00 f304 	lsl.w	r3, r0, r4
 8006714:	fa20 f005 	lsr.w	r0, r0, r5
 8006718:	fa01 f204 	lsl.w	r2, r1, r4
 800671c:	ea40 0002 	orr.w	r0, r0, r2
 8006720:	f001 4100 	and.w	r1, r1, #2147483648	@ 0x80000000
 8006724:	eb10 70d3 	adds.w	r0, r0, r3, lsr #31
 8006728:	f141 0100 	adc.w	r1, r1, #0
 800672c:	ea5e 0e43 	orrs.w	lr, lr, r3, lsl #1
 8006730:	bf08      	it	eq
 8006732:	ea20 70d3 	biceq.w	r0, r0, r3, lsr #31
 8006736:	bd70      	pop	{r4, r5, r6, pc}
 8006738:	f1c4 0520 	rsb	r5, r4, #32
 800673c:	fa00 f205 	lsl.w	r2, r0, r5
 8006740:	ea4e 0e02 	orr.w	lr, lr, r2
 8006744:	fa20 f304 	lsr.w	r3, r0, r4
 8006748:	fa01 f205 	lsl.w	r2, r1, r5
 800674c:	ea43 0302 	orr.w	r3, r3, r2
 8006750:	fa21 f004 	lsr.w	r0, r1, r4
 8006754:	f001 4100 	and.w	r1, r1, #2147483648	@ 0x80000000
 8006758:	fa21 f204 	lsr.w	r2, r1, r4
 800675c:	ea20 0002 	bic.w	r0, r0, r2
 8006760:	eb00 70d3 	add.w	r0, r0, r3, lsr #31
 8006764:	ea5e 0e43 	orrs.w	lr, lr, r3, lsl #1
 8006768:	bf08      	it	eq
 800676a:	ea20 70d3 	biceq.w	r0, r0, r3, lsr #31
 800676e:	bd70      	pop	{r4, r5, r6, pc}
 8006770:	f094 0f00 	teq	r4, #0
 8006774:	d10f      	bne.n	8006796 <__sbprintf+0x22e>
 8006776:	f001 4600 	and.w	r6, r1, #2147483648	@ 0x80000000
 800677a:	0040      	lsls	r0, r0, #1
 800677c:	eb41 0101 	adc.w	r1, r1, r1
 8006780:	f411 1f80 	tst.w	r1, #1048576	@ 0x100000
 8006784:	bf08      	it	eq
 8006786:	3c01      	subeq	r4, #1
 8006788:	d0f7      	beq.n	800677a <__sbprintf+0x212>
 800678a:	ea41 0106 	orr.w	r1, r1, r6
 800678e:	f095 0f00 	teq	r5, #0
 8006792:	bf18      	it	ne
 8006794:	4770      	bxne	lr
 8006796:	f003 4600 	and.w	r6, r3, #2147483648	@ 0x80000000
 800679a:	0052      	lsls	r2, r2, #1
 800679c:	eb43 0303 	adc.w	r3, r3, r3
 80067a0:	f413 1f80 	tst.w	r3, #1048576	@ 0x100000
 80067a4:	bf08      	it	eq
 80067a6:	3d01      	subeq	r5, #1
 80067a8:	d0f7      	beq.n	800679a <__sbprintf+0x232>
 80067aa:	ea43 0306 	orr.w	r3, r3, r6
 80067ae:	4770      	bx	lr
 80067b0:	ea94 0f0c 	teq	r4, ip
 80067b4:	ea0c 5513 	and.w	r5, ip, r3, lsr #20
 80067b8:	bf18      	it	ne
 80067ba:	ea95 0f0c 	teqne	r5, ip
 80067be:	d00c      	beq.n	80067da <__sbprintf+0x272>
 80067c0:	ea50 0641 	orrs.w	r6, r0, r1, lsl #1
 80067c4:	bf18      	it	ne
 80067c6:	ea52 0643 	orrsne.w	r6, r2, r3, lsl #1
 80067ca:	d1d1      	bne.n	8006770 <__sbprintf+0x208>
 80067cc:	ea81 0103 	eor.w	r1, r1, r3
 80067d0:	f001 4100 	and.w	r1, r1, #2147483648	@ 0x80000000
 80067d4:	f04f 0000 	mov.w	r0, #0
 80067d8:	bd70      	pop	{r4, r5, r6, pc}
 80067da:	ea50 0641 	orrs.w	r6, r0, r1, lsl #1
 80067de:	bf06      	itte	eq
 80067e0:	4610      	moveq	r0, r2
 80067e2:	4619      	moveq	r1, r3
 80067e4:	ea52 0643 	orrsne.w	r6, r2, r3, lsl #1
 80067e8:	d019      	beq.n	800681e <__sbprintf+0x2b6>
 80067ea:	ea94 0f0c 	teq	r4, ip
 80067ee:	d102      	bne.n	80067f6 <__sbprintf+0x28e>
 80067f0:	ea50 3601 	orrs.w	r6, r0, r1, lsl #12
 80067f4:	d113      	bne.n	800681e <__sbprintf+0x2b6>
 80067f6:	ea95 0f0c 	teq	r5, ip
 80067fa:	d105      	bne.n	8006808 <__sbprintf+0x2a0>
 80067fc:	ea52 3603 	orrs.w	r6, r2, r3, lsl #12
 8006800:	bf1c      	itt	ne
 8006802:	4610      	movne	r0, r2
 8006804:	4619      	movne	r1, r3
 8006806:	d10a      	bne.n	800681e <__sbprintf+0x2b6>
 8006808:	ea81 0103 	eor.w	r1, r1, r3
 800680c:	f001 4100 	and.w	r1, r1, #2147483648	@ 0x80000000
 8006810:	f041 41fe 	orr.w	r1, r1, #2130706432	@ 0x7f000000
 8006814:	f441 0170 	orr.w	r1, r1, #15728640	@ 0xf00000
 8006818:	f04f 0000 	mov.w	r0, #0
 800681c:	bd70      	pop	{r4, r5, r6, pc}
 800681e:	f041 41fe 	orr.w	r1, r1, #2130706432	@ 0x7f000000
 8006822:	f441 0178 	orr.w	r1, r1, #16252928	@ 0xf80000
 8006826:	bd70      	pop	{r4, r5, r6, pc}

08006828 <__aeabi_drsub>:
 8006828:	f081 4100 	eor.w	r1, r1, #2147483648	@ 0x80000000
 800682c:	e002      	b.n	8006834 <__adddf3>
 800682e:	bf00      	nop

08006830 <__aeabi_dsub>:
 8006830:	f083 4300 	eor.w	r3, r3, #2147483648	@ 0x80000000

08006834 <__adddf3>:
 8006834:	b530      	push	{r4, r5, lr}
 8006836:	ea4f 0441 	mov.w	r4, r1, lsl #1
 800683a:	ea4f 0543 	mov.w	r5, r3, lsl #1
 800683e:	ea94 0f05 	teq	r4, r5
 8006842:	bf08      	it	eq
 8006844:	ea90 0f02 	teqeq	r0, r2
 8006848:	bf1f      	itttt	ne
 800684a:	ea54 0c00 	orrsne.w	ip, r4, r0
 800684e:	ea55 0c02 	orrsne.w	ip, r5, r2
 8006852:	ea7f 5c64 	mvnsne.w	ip, r4, asr #21
 8006856:	ea7f 5c65 	mvnsne.w	ip, r5, asr #21
 800685a:	f000 80e2 	beq.w	8006a22 <__adddf3+0x1ee>
 800685e:	ea4f 5454 	mov.w	r4, r4, lsr #21
 8006862:	ebd4 5555 	rsbs	r5, r4, r5, lsr #21
 8006866:	bfb8      	it	lt
 8006868:	426d      	neglt	r5, r5
 800686a:	dd0c      	ble.n	8006886 <__adddf3+0x52>
 800686c:	442c      	add	r4, r5
 800686e:	ea80 0202 	eor.w	r2, r0, r2
 8006872:	ea81 0303 	eor.w	r3, r1, r3
 8006876:	ea82 0000 	eor.w	r0, r2, r0
 800687a:	ea83 0101 	eor.w	r1, r3, r1
 800687e:	ea80 0202 	eor.w	r2, r0, r2
 8006882:	ea81 0303 	eor.w	r3, r1, r3
 8006886:	2d36      	cmp	r5, #54	@ 0x36
 8006888:	bf88      	it	hi
 800688a:	bd30      	pophi	{r4, r5, pc}
 800688c:	f011 4f00 	tst.w	r1, #2147483648	@ 0x80000000
 8006890:	ea4f 3101 	mov.w	r1, r1, lsl #12
 8006894:	f44f 1c80 	mov.w	ip, #1048576	@ 0x100000
 8006898:	ea4c 3111 	orr.w	r1, ip, r1, lsr #12
 800689c:	d002      	beq.n	80068a4 <__adddf3+0x70>
 800689e:	4240      	negs	r0, r0
 80068a0:	eb61 0141 	sbc.w	r1, r1, r1, lsl #1
 80068a4:	f013 4f00 	tst.w	r3, #2147483648	@ 0x80000000
 80068a8:	ea4f 3303 	mov.w	r3, r3, lsl #12
 80068ac:	ea4c 3313 	orr.w	r3, ip, r3, lsr #12
 80068b0:	d002      	beq.n	80068b8 <__adddf3+0x84>
 80068b2:	4252      	negs	r2, r2
 80068b4:	eb63 0343 	sbc.w	r3, r3, r3, lsl #1
 80068b8:	ea94 0f05 	teq	r4, r5
 80068bc:	f000 80a7 	beq.w	8006a0e <__adddf3+0x1da>
 80068c0:	f1a4 0401 	sub.w	r4, r4, #1
 80068c4:	f1d5 0e20 	rsbs	lr, r5, #32
 80068c8:	db0d      	blt.n	80068e6 <__adddf3+0xb2>
 80068ca:	fa02 fc0e 	lsl.w	ip, r2, lr
 80068ce:	fa22 f205 	lsr.w	r2, r2, r5
 80068d2:	1880      	adds	r0, r0, r2
 80068d4:	f141 0100 	adc.w	r1, r1, #0
 80068d8:	fa03 f20e 	lsl.w	r2, r3, lr
 80068dc:	1880      	adds	r0, r0, r2
 80068de:	fa43 f305 	asr.w	r3, r3, r5
 80068e2:	4159      	adcs	r1, r3
 80068e4:	e00e      	b.n	8006904 <__adddf3+0xd0>
 80068e6:	f1a5 0520 	sub.w	r5, r5, #32
 80068ea:	f10e 0e20 	add.w	lr, lr, #32
 80068ee:	2a01      	cmp	r2, #1
 80068f0:	fa03 fc0e 	lsl.w	ip, r3, lr
 80068f4:	bf28      	it	cs
 80068f6:	f04c 0c02 	orrcs.w	ip, ip, #2
 80068fa:	fa43 f305 	asr.w	r3, r3, r5
 80068fe:	18c0      	adds	r0, r0, r3
 8006900:	eb51 71e3 	adcs.w	r1, r1, r3, asr #31
 8006904:	f001 4500 	and.w	r5, r1, #2147483648	@ 0x80000000
 8006908:	d507      	bpl.n	800691a <__adddf3+0xe6>
 800690a:	f04f 0e00 	mov.w	lr, #0
 800690e:	f1dc 0c00 	rsbs	ip, ip, #0
 8006912:	eb7e 0000 	sbcs.w	r0, lr, r0
 8006916:	eb6e 0101 	sbc.w	r1, lr, r1
 800691a:	f5b1 1f80 	cmp.w	r1, #1048576	@ 0x100000
 800691e:	d31b      	bcc.n	8006958 <__adddf3+0x124>
 8006920:	f5b1 1f00 	cmp.w	r1, #2097152	@ 0x200000
 8006924:	d30c      	bcc.n	8006940 <__adddf3+0x10c>
 8006926:	0849      	lsrs	r1, r1, #1
 8006928:	ea5f 0030 	movs.w	r0, r0, rrx
 800692c:	ea4f 0c3c 	mov.w	ip, ip, rrx
 8006930:	f104 0401 	add.w	r4, r4, #1
 8006934:	ea4f 5244 	mov.w	r2, r4, lsl #21
 8006938:	f512 0f80 	cmn.w	r2, #4194304	@ 0x400000
 800693c:	f080 809a 	bcs.w	8006a74 <__adddf3+0x240>
 8006940:	f1bc 4f00 	cmp.w	ip, #2147483648	@ 0x80000000
 8006944:	bf08      	it	eq
 8006946:	ea5f 0c50 	movseq.w	ip, r0, lsr #1
 800694a:	f150 0000 	adcs.w	r0, r0, #0
 800694e:	eb41 5104 	adc.w	r1, r1, r4, lsl #20
 8006952:	ea41 0105 	orr.w	r1, r1, r5
 8006956:	bd30      	pop	{r4, r5, pc}
 8006958:	ea5f 0c4c 	movs.w	ip, ip, lsl #1
 800695c:	4140      	adcs	r0, r0
 800695e:	eb41 0101 	adc.w	r1, r1, r1
 8006962:	3c01      	subs	r4, #1
 8006964:	bf28      	it	cs
 8006966:	f5b1 1f80 	cmpcs.w	r1, #1048576	@ 0x100000
 800696a:	d2e9      	bcs.n	8006940 <__adddf3+0x10c>
 800696c:	f091 0f00 	teq	r1, #0
 8006970:	bf04      	itt	eq
 8006972:	4601      	moveq	r1, r0
 8006974:	2000      	moveq	r0, #0
 8006976:	fab1 f381 	clz	r3, r1
 800697a:	bf08      	it	eq
 800697c:	3320      	addeq	r3, #32
 800697e:	f1a3 030b 	sub.w	r3, r3, #11
 8006982:	f1b3 0220 	subs.w	r2, r3, #32
 8006986:	da0c      	bge.n	80069a2 <__adddf3+0x16e>
 8006988:	320c      	adds	r2, #12
 800698a:	dd08      	ble.n	800699e <__adddf3+0x16a>
 800698c:	f102 0c14 	add.w	ip, r2, #20
 8006990:	f1c2 020c 	rsb	r2, r2, #12
 8006994:	fa01 f00c 	lsl.w	r0, r1, ip
 8006998:	fa21 f102 	lsr.w	r1, r1, r2
 800699c:	e00c      	b.n	80069b8 <__adddf3+0x184>
 800699e:	f102 0214 	add.w	r2, r2, #20
 80069a2:	bfd8      	it	le
 80069a4:	f1c2 0c20 	rsble	ip, r2, #32
 80069a8:	fa01 f102 	lsl.w	r1, r1, r2
 80069ac:	fa20 fc0c 	lsr.w	ip, r0, ip
 80069b0:	bfdc      	itt	le
 80069b2:	ea41 010c 	orrle.w	r1, r1, ip
 80069b6:	4090      	lslle	r0, r2
 80069b8:	1ae4      	subs	r4, r4, r3
 80069ba:	bfa2      	ittt	ge
 80069bc:	eb01 5104 	addge.w	r1, r1, r4, lsl #20
 80069c0:	4329      	orrge	r1, r5
 80069c2:	bd30      	popge	{r4, r5, pc}
 80069c4:	ea6f 0404 	mvn.w	r4, r4
 80069c8:	3c1f      	subs	r4, #31
 80069ca:	da1c      	bge.n	8006a06 <__adddf3+0x1d2>
 80069cc:	340c      	adds	r4, #12
 80069ce:	dc0e      	bgt.n	80069ee <__adddf3+0x1ba>
 80069d0:	f104 0414 	add.w	r4, r4, #20
 80069d4:	f1c4 0220 	rsb	r2, r4, #32
 80069d8:	fa20 f004 	lsr.w	r0, r0, r4
 80069dc:	fa01 f302 	lsl.w	r3, r1, r2
 80069e0:	ea40 0003 	orr.w	r0, r0, r3
 80069e4:	fa21 f304 	lsr.w	r3, r1, r4
 80069e8:	ea45 0103 	orr.w	r1, r5, r3
 80069ec:	bd30      	pop	{r4, r5, pc}
 80069ee:	f1c4 040c 	rsb	r4, r4, #12
 80069f2:	f1c4 0220 	rsb	r2, r4, #32
 80069f6:	fa20 f002 	lsr.w	r0, r0, r2
 80069fa:	fa01 f304 	lsl.w	r3, r1, r4
 80069fe:	ea40 0003 	orr.w	r0, r0, r3
 8006a02:	4629      	mov	r1, r5
 8006a04:	bd30      	pop	{r4, r5, pc}
 8006a06:	fa21 f004 	lsr.w	r0, r1, r4
 8006a0a:	4629      	mov	r1, r5
 8006a0c:	bd30      	pop	{r4, r5, pc}
 8006a0e:	f094 0f00 	teq	r4, #0
 8006a12:	f483 1380 	eor.w	r3, r3, #1048576	@ 0x100000
 8006a16:	bf06      	itte	eq
 8006a18:	f481 1180 	eoreq.w	r1, r1, #1048576	@ 0x100000
 8006a1c:	3401      	addeq	r4, #1
 8006a1e:	3d01      	subne	r5, #1
 8006a20:	e74e      	b.n	80068c0 <__adddf3+0x8c>
 8006a22:	ea7f 5c64 	mvns.w	ip, r4, asr #21
 8006a26:	bf18      	it	ne
 8006a28:	ea7f 5c65 	mvnsne.w	ip, r5, asr #21
 8006a2c:	d029      	beq.n	8006a82 <__adddf3+0x24e>
 8006a2e:	ea94 0f05 	teq	r4, r5
 8006a32:	bf08      	it	eq
 8006a34:	ea90 0f02 	teqeq	r0, r2
 8006a38:	d005      	beq.n	8006a46 <__adddf3+0x212>
 8006a3a:	ea54 0c00 	orrs.w	ip, r4, r0
 8006a3e:	bf04      	itt	eq
 8006a40:	4619      	moveq	r1, r3
 8006a42:	4610      	moveq	r0, r2
 8006a44:	bd30      	pop	{r4, r5, pc}
 8006a46:	ea91 0f03 	teq	r1, r3
 8006a4a:	bf1e      	ittt	ne
 8006a4c:	2100      	movne	r1, #0
 8006a4e:	2000      	movne	r0, #0
 8006a50:	bd30      	popne	{r4, r5, pc}
 8006a52:	ea5f 5c54 	movs.w	ip, r4, lsr #21
 8006a56:	d105      	bne.n	8006a64 <__adddf3+0x230>
 8006a58:	0040      	lsls	r0, r0, #1
 8006a5a:	4149      	adcs	r1, r1
 8006a5c:	bf28      	it	cs
 8006a5e:	f041 4100 	orrcs.w	r1, r1, #2147483648	@ 0x80000000
 8006a62:	bd30      	pop	{r4, r5, pc}
 8006a64:	f514 0480 	adds.w	r4, r4, #4194304	@ 0x400000
 8006a68:	bf3c      	itt	cc
 8006a6a:	f501 1180 	addcc.w	r1, r1, #1048576	@ 0x100000
 8006a6e:	bd30      	popcc	{r4, r5, pc}
 8006a70:	f001 4500 	and.w	r5, r1, #2147483648	@ 0x80000000
 8006a74:	f045 41fe 	orr.w	r1, r5, #2130706432	@ 0x7f000000
 8006a78:	f441 0170 	orr.w	r1, r1, #15728640	@ 0xf00000
 8006a7c:	f04f 0000 	mov.w	r0, #0
 8006a80:	bd30      	pop	{r4, r5, pc}
 8006a82:	ea7f 5c64 	mvns.w	ip, r4, asr #21
 8006a86:	bf1a      	itte	ne
 8006a88:	4619      	movne	r1, r3
 8006a8a:	4610      	movne	r0, r2
 8006a8c:	ea7f 5c65 	mvnseq.w	ip, r5, asr #21
 8006a90:	bf1c      	itt	ne
 8006a92:	460b      	movne	r3, r1
 8006a94:	4602      	movne	r2, r0
 8006a96:	ea50 3401 	orrs.w	r4, r0, r1, lsl #12
 8006a9a:	bf06      	itte	eq
 8006a9c:	ea52 3503 	orrseq.w	r5, r2, r3, lsl #12
 8006aa0:	ea91 0f03 	teqeq	r1, r3
 8006aa4:	f441 2100 	orrne.w	r1, r1, #524288	@ 0x80000
 8006aa8:	bd30      	pop	{r4, r5, pc}
 8006aaa:	bf00      	nop

08006aac <__aeabi_ui2d>:
 8006aac:	f090 0f00 	teq	r0, #0
 8006ab0:	bf04      	itt	eq
 8006ab2:	2100      	moveq	r1, #0
 8006ab4:	4770      	bxeq	lr
 8006ab6:	b530      	push	{r4, r5, lr}
 8006ab8:	f44f 6480 	mov.w	r4, #1024	@ 0x400
 8006abc:	f104 0432 	add.w	r4, r4, #50	@ 0x32
 8006ac0:	f04f 0500 	mov.w	r5, #0
 8006ac4:	f04f 0100 	mov.w	r1, #0
 8006ac8:	e750      	b.n	800696c <__adddf3+0x138>
 8006aca:	bf00      	nop

08006acc <__aeabi_i2d>:
 8006acc:	f090 0f00 	teq	r0, #0
 8006ad0:	bf04      	itt	eq
 8006ad2:	2100      	moveq	r1, #0
 8006ad4:	4770      	bxeq	lr
 8006ad6:	b530      	push	{r4, r5, lr}
 8006ad8:	f44f 6480 	mov.w	r4, #1024	@ 0x400
 8006adc:	f104 0432 	add.w	r4, r4, #50	@ 0x32
 8006ae0:	f010 4500 	ands.w	r5, r0, #2147483648	@ 0x80000000
 8006ae4:	bf48      	it	mi
 8006ae6:	4240      	negmi	r0, r0
 8006ae8:	f04f 0100 	mov.w	r1, #0
 8006aec:	e73e      	b.n	800696c <__adddf3+0x138>
 8006aee:	bf00      	nop

08006af0 <__aeabi_f2d>:
 8006af0:	0042      	lsls	r2, r0, #1
 8006af2:	ea4f 01e2 	mov.w	r1, r2, asr #3
 8006af6:	ea4f 0131 	mov.w	r1, r1, rrx
 8006afa:	ea4f 7002 	mov.w	r0, r2, lsl #28
 8006afe:	bf1f      	itttt	ne
 8006b00:	f012 437f 	andsne.w	r3, r2, #4278190080	@ 0xff000000
 8006b04:	f093 4f7f 	teqne	r3, #4278190080	@ 0xff000000
 8006b08:	f081 5160 	eorne.w	r1, r1, #939524096	@ 0x38000000
 8006b0c:	4770      	bxne	lr
 8006b0e:	f032 427f 	bics.w	r2, r2, #4278190080	@ 0xff000000
 8006b12:	bf08      	it	eq
 8006b14:	4770      	bxeq	lr
 8006b16:	f093 4f7f 	teq	r3, #4278190080	@ 0xff000000
 8006b1a:	bf04      	itt	eq
 8006b1c:	f441 2100 	orreq.w	r1, r1, #524288	@ 0x80000
 8006b20:	4770      	bxeq	lr
 8006b22:	b530      	push	{r4, r5, lr}
 8006b24:	f44f 7460 	mov.w	r4, #896	@ 0x380
 8006b28:	f001 4500 	and.w	r5, r1, #2147483648	@ 0x80000000
 8006b2c:	f021 4100 	bic.w	r1, r1, #2147483648	@ 0x80000000
 8006b30:	e71c      	b.n	800696c <__adddf3+0x138>
 8006b32:	bf00      	nop

08006b34 <__aeabi_ul2d>:
 8006b34:	ea50 0201 	orrs.w	r2, r0, r1
 8006b38:	bf08      	it	eq
 8006b3a:	4770      	bxeq	lr
 8006b3c:	b530      	push	{r4, r5, lr}
 8006b3e:	f04f 0500 	mov.w	r5, #0
 8006b42:	e00a      	b.n	8006b5a <__aeabi_l2d+0x16>

08006b44 <__aeabi_l2d>:
 8006b44:	ea50 0201 	orrs.w	r2, r0, r1
 8006b48:	bf08      	it	eq
 8006b4a:	4770      	bxeq	lr
 8006b4c:	b530      	push	{r4, r5, lr}
 8006b4e:	f011 4500 	ands.w	r5, r1, #2147483648	@ 0x80000000
 8006b52:	d502      	bpl.n	8006b5a <__aeabi_l2d+0x16>
 8006b54:	4240      	negs	r0, r0
 8006b56:	eb61 0141 	sbc.w	r1, r1, r1, lsl #1
 8006b5a:	f44f 6480 	mov.w	r4, #1024	@ 0x400
 8006b5e:	f104 0432 	add.w	r4, r4, #50	@ 0x32
 8006b62:	ea5f 5c91 	movs.w	ip, r1, lsr #22
 8006b66:	f43f aed8 	beq.w	800691a <__adddf3+0xe6>
 8006b6a:	f04f 0203 	mov.w	r2, #3
 8006b6e:	ea5f 0cdc 	movs.w	ip, ip, lsr #3
 8006b72:	bf18      	it	ne
 8006b74:	3203      	addne	r2, #3
 8006b76:	ea5f 0cdc 	movs.w	ip, ip, lsr #3
 8006b7a:	bf18      	it	ne
 8006b7c:	3203      	addne	r2, #3
 8006b7e:	eb02 02dc 	add.w	r2, r2, ip, lsr #3
 8006b82:	f1c2 0320 	rsb	r3, r2, #32
 8006b86:	fa00 fc03 	lsl.w	ip, r0, r3
 8006b8a:	fa20 f002 	lsr.w	r0, r0, r2
 8006b8e:	fa01 fe03 	lsl.w	lr, r1, r3
 8006b92:	ea40 000e 	orr.w	r0, r0, lr
 8006b96:	fa21 f102 	lsr.w	r1, r1, r2
 8006b9a:	4414      	add	r4, r2
 8006b9c:	e6bd      	b.n	800691a <__adddf3+0xe6>
 8006b9e:	bf00      	nop

08006ba0 <__aeabi_dmul>:
 8006ba0:	b570      	push	{r4, r5, r6, lr}
 8006ba2:	f04f 0cff 	mov.w	ip, #255	@ 0xff
 8006ba6:	f44c 6ce0 	orr.w	ip, ip, #1792	@ 0x700
 8006baa:	ea1c 5411 	ands.w	r4, ip, r1, lsr #20
 8006bae:	bf1d      	ittte	ne
 8006bb0:	ea1c 5513 	andsne.w	r5, ip, r3, lsr #20
 8006bb4:	ea94 0f0c 	teqne	r4, ip
 8006bb8:	ea95 0f0c 	teqne	r5, ip
 8006bbc:	f000 f8de 	bleq	8006d7c <__aeabi_dmul+0x1dc>
 8006bc0:	442c      	add	r4, r5
 8006bc2:	ea81 0603 	eor.w	r6, r1, r3
 8006bc6:	ea21 514c 	bic.w	r1, r1, ip, lsl #21
 8006bca:	ea23 534c 	bic.w	r3, r3, ip, lsl #21
 8006bce:	ea50 3501 	orrs.w	r5, r0, r1, lsl #12
 8006bd2:	bf18      	it	ne
 8006bd4:	ea52 3503 	orrsne.w	r5, r2, r3, lsl #12
 8006bd8:	f441 1180 	orr.w	r1, r1, #1048576	@ 0x100000
 8006bdc:	f443 1380 	orr.w	r3, r3, #1048576	@ 0x100000
 8006be0:	d038      	beq.n	8006c54 <__aeabi_dmul+0xb4>
 8006be2:	fba0 ce02 	umull	ip, lr, r0, r2
 8006be6:	f04f 0500 	mov.w	r5, #0
 8006bea:	fbe1 e502 	umlal	lr, r5, r1, r2
 8006bee:	f006 4200 	and.w	r2, r6, #2147483648	@ 0x80000000
 8006bf2:	fbe0 e503 	umlal	lr, r5, r0, r3
 8006bf6:	f04f 0600 	mov.w	r6, #0
 8006bfa:	fbe1 5603 	umlal	r5, r6, r1, r3
 8006bfe:	f09c 0f00 	teq	ip, #0
 8006c02:	bf18      	it	ne
 8006c04:	f04e 0e01 	orrne.w	lr, lr, #1
 8006c08:	f1a4 04ff 	sub.w	r4, r4, #255	@ 0xff
 8006c0c:	f5b6 7f00 	cmp.w	r6, #512	@ 0x200
 8006c10:	f564 7440 	sbc.w	r4, r4, #768	@ 0x300
 8006c14:	d204      	bcs.n	8006c20 <__aeabi_dmul+0x80>
 8006c16:	ea5f 0e4e 	movs.w	lr, lr, lsl #1
 8006c1a:	416d      	adcs	r5, r5
 8006c1c:	eb46 0606 	adc.w	r6, r6, r6
 8006c20:	ea42 21c6 	orr.w	r1, r2, r6, lsl #11
 8006c24:	ea41 5155 	orr.w	r1, r1, r5, lsr #21
 8006c28:	ea4f 20c5 	mov.w	r0, r5, lsl #11
 8006c2c:	ea40 505e 	orr.w	r0, r0, lr, lsr #21
 8006c30:	ea4f 2ece 	mov.w	lr, lr, lsl #11
 8006c34:	f1b4 0cfd 	subs.w	ip, r4, #253	@ 0xfd
 8006c38:	bf88      	it	hi
 8006c3a:	f5bc 6fe0 	cmphi.w	ip, #1792	@ 0x700
 8006c3e:	d81e      	bhi.n	8006c7e <__aeabi_dmul+0xde>
 8006c40:	f1be 4f00 	cmp.w	lr, #2147483648	@ 0x80000000
 8006c44:	bf08      	it	eq
 8006c46:	ea5f 0e50 	movseq.w	lr, r0, lsr #1
 8006c4a:	f150 0000 	adcs.w	r0, r0, #0
 8006c4e:	eb41 5104 	adc.w	r1, r1, r4, lsl #20
 8006c52:	bd70      	pop	{r4, r5, r6, pc}
 8006c54:	f006 4600 	and.w	r6, r6, #2147483648	@ 0x80000000
 8006c58:	ea46 0101 	orr.w	r1, r6, r1
 8006c5c:	ea40 0002 	orr.w	r0, r0, r2
 8006c60:	ea81 0103 	eor.w	r1, r1, r3
 8006c64:	ebb4 045c 	subs.w	r4, r4, ip, lsr #1
 8006c68:	bfc2      	ittt	gt
 8006c6a:	ebd4 050c 	rsbsgt	r5, r4, ip
 8006c6e:	ea41 5104 	orrgt.w	r1, r1, r4, lsl #20
 8006c72:	bd70      	popgt	{r4, r5, r6, pc}
 8006c74:	f441 1180 	orr.w	r1, r1, #1048576	@ 0x100000
 8006c78:	f04f 0e00 	mov.w	lr, #0
 8006c7c:	3c01      	subs	r4, #1
 8006c7e:	f300 80ab 	bgt.w	8006dd8 <__aeabi_dmul+0x238>
 8006c82:	f114 0f36 	cmn.w	r4, #54	@ 0x36
 8006c86:	bfde      	ittt	le
 8006c88:	2000      	movle	r0, #0
 8006c8a:	f001 4100 	andle.w	r1, r1, #2147483648	@ 0x80000000
 8006c8e:	bd70      	pople	{r4, r5, r6, pc}
 8006c90:	f1c4 0400 	rsb	r4, r4, #0
 8006c94:	3c20      	subs	r4, #32
 8006c96:	da35      	bge.n	8006d04 <__aeabi_dmul+0x164>
 8006c98:	340c      	adds	r4, #12
 8006c9a:	dc1b      	bgt.n	8006cd4 <__aeabi_dmul+0x134>
 8006c9c:	f104 0414 	add.w	r4, r4, #20
 8006ca0:	f1c4 0520 	rsb	r5, r4, #32
 8006ca4:	fa00 f305 	lsl.w	r3, r0, r5
 8006ca8:	fa20 f004 	lsr.w	r0, r0, r4
 8006cac:	fa01 f205 	lsl.w	r2, r1, r5
 8006cb0:	ea40 0002 	orr.w	r0, r0, r2
 8006cb4:	f001 4200 	and.w	r2, r1, #2147483648	@ 0x80000000
 8006cb8:	f021 4100 	bic.w	r1, r1, #2147483648	@ 0x80000000
 8006cbc:	eb10 70d3 	adds.w	r0, r0, r3, lsr #31
 8006cc0:	fa21 f604 	lsr.w	r6, r1, r4
 8006cc4:	eb42 0106 	adc.w	r1, r2, r6
 8006cc8:	ea5e 0e43 	orrs.w	lr, lr, r3, lsl #1
 8006ccc:	bf08      	it	eq
 8006cce:	ea20 70d3 	biceq.w	r0, r0, r3, lsr #31
 8006cd2:	bd70      	pop	{r4, r5, r6, pc}
 8006cd4:	f1c4 040c 	rsb	r4, r4, #12
 8006cd8:	f1c4 0520 	rsb	r5, r4, #32
 8006cdc:	fa00 f304 	lsl.w	r3, r0, r4
 8006ce0:	fa20 f005 	lsr.w	r0, r0, r5
 8006ce4:	fa01 f204 	lsl.w	r2, r1, r4
 8006ce8:	ea40 0002 	orr.w	r0, r0, r2
 8006cec:	f001 4100 	and.w	r1, r1, #2147483648	@ 0x80000000
 8006cf0:	eb10 70d3 	adds.w	r0, r0, r3, lsr #31
 8006cf4:	f141 0100 	adc.w	r1, r1, #0
 8006cf8:	ea5e 0e43 	orrs.w	lr, lr, r3, lsl #1
 8006cfc:	bf08      	it	eq
 8006cfe:	ea20 70d3 	biceq.w	r0, r0, r3, lsr #31
 8006d02:	bd70      	pop	{r4, r5, r6, pc}
 8006d04:	f1c4 0520 	rsb	r5, r4, #32
 8006d08:	fa00 f205 	lsl.w	r2, r0, r5
 8006d0c:	ea4e 0e02 	orr.w	lr, lr, r2
 8006d10:	fa20 f304 	lsr.w	r3, r0, r4
 8006d14:	fa01 f205 	lsl.w	r2, r1, r5
 8006d18:	ea43 0302 	orr.w	r3, r3, r2
 8006d1c:	fa21 f004 	lsr.w	r0, r1, r4
 8006d20:	f001 4100 	and.w	r1, r1, #2147483648	@ 0x80000000
 8006d24:	fa21 f204 	lsr.w	r2, r1, r4
 8006d28:	ea20 0002 	bic.w	r0, r0, r2
 8006d2c:	eb00 70d3 	add.w	r0, r0, r3, lsr #31
 8006d30:	ea5e 0e43 	orrs.w	lr, lr, r3, lsl #1
 8006d34:	bf08      	it	eq
 8006d36:	ea20 70d3 	biceq.w	r0, r0, r3, lsr #31
 8006d3a:	bd70      	pop	{r4, r5, r6, pc}
 8006d3c:	f094 0f00 	teq	r4, #0
 8006d40:	d10f      	bne.n	8006d62 <__aeabi_dmul+0x1c2>
 8006d42:	f001 4600 	and.w	r6, r1, #2147483648	@ 0x80000000
 8006d46:	0040      	lsls	r0, r0, #1
 8006d48:	eb41 0101 	adc.w	r1, r1, r1
 8006d4c:	f411 1f80 	tst.w	r1, #1048576	@ 0x100000
 8006d50:	bf08      	it	eq
 8006d52:	3c01      	subeq	r4, #1
 8006d54:	d0f7      	beq.n	8006d46 <__aeabi_dmul+0x1a6>
 8006d56:	ea41 0106 	orr.w	r1, r1, r6
 8006d5a:	f095 0f00 	teq	r5, #0
 8006d5e:	bf18      	it	ne
 8006d60:	4770      	bxne	lr
 8006d62:	f003 4600 	and.w	r6, r3, #2147483648	@ 0x80000000
 8006d66:	0052      	lsls	r2, r2, #1
 8006d68:	eb43 0303 	adc.w	r3, r3, r3
 8006d6c:	f413 1f80 	tst.w	r3, #1048576	@ 0x100000
 8006d70:	bf08      	it	eq
 8006d72:	3d01      	subeq	r5, #1
 8006d74:	d0f7      	beq.n	8006d66 <__aeabi_dmul+0x1c6>
 8006d76:	ea43 0306 	orr.w	r3, r3, r6
 8006d7a:	4770      	bx	lr
 8006d7c:	ea94 0f0c 	teq	r4, ip
 8006d80:	ea0c 5513 	and.w	r5, ip, r3, lsr #20
 8006d84:	bf18      	it	ne
 8006d86:	ea95 0f0c 	teqne	r5, ip
 8006d8a:	d00c      	beq.n	8006da6 <__aeabi_dmul+0x206>
 8006d8c:	ea50 0641 	orrs.w	r6, r0, r1, lsl #1
 8006d90:	bf18      	it	ne
 8006d92:	ea52 0643 	orrsne.w	r6, r2, r3, lsl #1
 8006d96:	d1d1      	bne.n	8006d3c <__aeabi_dmul+0x19c>
 8006d98:	ea81 0103 	eor.w	r1, r1, r3
 8006d9c:	f001 4100 	and.w	r1, r1, #2147483648	@ 0x80000000
 8006da0:	f04f 0000 	mov.w	r0, #0
 8006da4:	bd70      	pop	{r4, r5, r6, pc}
 8006da6:	ea50 0641 	orrs.w	r6, r0, r1, lsl #1
 8006daa:	bf06      	itte	eq
 8006dac:	4610      	moveq	r0, r2
 8006dae:	4619      	moveq	r1, r3
 8006db0:	ea52 0643 	orrsne.w	r6, r2, r3, lsl #1
 8006db4:	d019      	beq.n	8006dea <__aeabi_dmul+0x24a>
 8006db6:	ea94 0f0c 	teq	r4, ip
 8006dba:	d102      	bne.n	8006dc2 <__aeabi_dmul+0x222>
 8006dbc:	ea50 3601 	orrs.w	r6, r0, r1, lsl #12
 8006dc0:	d113      	bne.n	8006dea <__aeabi_dmul+0x24a>
 8006dc2:	ea95 0f0c 	teq	r5, ip
 8006dc6:	d105      	bne.n	8006dd4 <__aeabi_dmul+0x234>
 8006dc8:	ea52 3603 	orrs.w	r6, r2, r3, lsl #12
 8006dcc:	bf1c      	itt	ne
 8006dce:	4610      	movne	r0, r2
 8006dd0:	4619      	movne	r1, r3
 8006dd2:	d10a      	bne.n	8006dea <__aeabi_dmul+0x24a>
 8006dd4:	ea81 0103 	eor.w	r1, r1, r3
 8006dd8:	f001 4100 	and.w	r1, r1, #2147483648	@ 0x80000000
 8006ddc:	f041 41fe 	orr.w	r1, r1, #2130706432	@ 0x7f000000
 8006de0:	f441 0170 	orr.w	r1, r1, #15728640	@ 0xf00000
 8006de4:	f04f 0000 	mov.w	r0, #0
 8006de8:	bd70      	pop	{r4, r5, r6, pc}
 8006dea:	f041 41fe 	orr.w	r1, r1, #2130706432	@ 0x7f000000
 8006dee:	f441 0178 	orr.w	r1, r1, #16252928	@ 0xf80000
 8006df2:	bd70      	pop	{r4, r5, r6, pc}

08006df4 <__aeabi_ddiv>:
 8006df4:	b570      	push	{r4, r5, r6, lr}
 8006df6:	f04f 0cff 	mov.w	ip, #255	@ 0xff
 8006dfa:	f44c 6ce0 	orr.w	ip, ip, #1792	@ 0x700
 8006dfe:	ea1c 5411 	ands.w	r4, ip, r1, lsr #20
 8006e02:	bf1d      	ittte	ne
 8006e04:	ea1c 5513 	andsne.w	r5, ip, r3, lsr #20
 8006e08:	ea94 0f0c 	teqne	r4, ip
 8006e0c:	ea95 0f0c 	teqne	r5, ip
 8006e10:	f000 f8a7 	bleq	8006f62 <__aeabi_ddiv+0x16e>
 8006e14:	eba4 0405 	sub.w	r4, r4, r5
 8006e18:	ea81 0e03 	eor.w	lr, r1, r3
 8006e1c:	ea52 3503 	orrs.w	r5, r2, r3, lsl #12
 8006e20:	ea4f 3101 	mov.w	r1, r1, lsl #12
 8006e24:	f000 8088 	beq.w	8006f38 <__aeabi_ddiv+0x144>
 8006e28:	ea4f 3303 	mov.w	r3, r3, lsl #12
 8006e2c:	f04f 5580 	mov.w	r5, #268435456	@ 0x10000000
 8006e30:	ea45 1313 	orr.w	r3, r5, r3, lsr #4
 8006e34:	ea43 6312 	orr.w	r3, r3, r2, lsr #24
 8006e38:	ea4f 2202 	mov.w	r2, r2, lsl #8
 8006e3c:	ea45 1511 	orr.w	r5, r5, r1, lsr #4
 8006e40:	ea45 6510 	orr.w	r5, r5, r0, lsr #24
 8006e44:	ea4f 2600 	mov.w	r6, r0, lsl #8
 8006e48:	f00e 4100 	and.w	r1, lr, #2147483648	@ 0x80000000
 8006e4c:	429d      	cmp	r5, r3
 8006e4e:	bf08      	it	eq
 8006e50:	4296      	cmpeq	r6, r2
 8006e52:	f144 04fd 	adc.w	r4, r4, #253	@ 0xfd
 8006e56:	f504 7440 	add.w	r4, r4, #768	@ 0x300
 8006e5a:	d202      	bcs.n	8006e62 <__aeabi_ddiv+0x6e>
 8006e5c:	085b      	lsrs	r3, r3, #1
 8006e5e:	ea4f 0232 	mov.w	r2, r2, rrx
 8006e62:	1ab6      	subs	r6, r6, r2
 8006e64:	eb65 0503 	sbc.w	r5, r5, r3
 8006e68:	085b      	lsrs	r3, r3, #1
 8006e6a:	ea4f 0232 	mov.w	r2, r2, rrx
 8006e6e:	f44f 1080 	mov.w	r0, #1048576	@ 0x100000
 8006e72:	f44f 2c00 	mov.w	ip, #524288	@ 0x80000
 8006e76:	ebb6 0e02 	subs.w	lr, r6, r2
 8006e7a:	eb75 0e03 	sbcs.w	lr, r5, r3
 8006e7e:	bf22      	ittt	cs
 8006e80:	1ab6      	subcs	r6, r6, r2
 8006e82:	4675      	movcs	r5, lr
 8006e84:	ea40 000c 	orrcs.w	r0, r0, ip
 8006e88:	085b      	lsrs	r3, r3, #1
 8006e8a:	ea4f 0232 	mov.w	r2, r2, rrx
 8006e8e:	ebb6 0e02 	subs.w	lr, r6, r2
 8006e92:	eb75 0e03 	sbcs.w	lr, r5, r3
 8006e96:	bf22      	ittt	cs
 8006e98:	1ab6      	subcs	r6, r6, r2
 8006e9a:	4675      	movcs	r5, lr
 8006e9c:	ea40 005c 	orrcs.w	r0, r0, ip, lsr #1
 8006ea0:	085b      	lsrs	r3, r3, #1
 8006ea2:	ea4f 0232 	mov.w	r2, r2, rrx
 8006ea6:	ebb6 0e02 	subs.w	lr, r6, r2
 8006eaa:	eb75 0e03 	sbcs.w	lr, r5, r3
 8006eae:	bf22      	ittt	cs
 8006eb0:	1ab6      	subcs	r6, r6, r2
 8006eb2:	4675      	movcs	r5, lr
 8006eb4:	ea40 009c 	orrcs.w	r0, r0, ip, lsr #2
 8006eb8:	085b      	lsrs	r3, r3, #1
 8006eba:	ea4f 0232 	mov.w	r2, r2, rrx
 8006ebe:	ebb6 0e02 	subs.w	lr, r6, r2
 8006ec2:	eb75 0e03 	sbcs.w	lr, r5, r3
 8006ec6:	bf22      	ittt	cs
 8006ec8:	1ab6      	subcs	r6, r6, r2
 8006eca:	4675      	movcs	r5, lr
 8006ecc:	ea40 00dc 	orrcs.w	r0, r0, ip, lsr #3
 8006ed0:	ea55 0e06 	orrs.w	lr, r5, r6
 8006ed4:	d018      	beq.n	8006f08 <__aeabi_ddiv+0x114>
 8006ed6:	ea4f 1505 	mov.w	r5, r5, lsl #4
 8006eda:	ea45 7516 	orr.w	r5, r5, r6, lsr #28
 8006ede:	ea4f 1606 	mov.w	r6, r6, lsl #4
 8006ee2:	ea4f 03c3 	mov.w	r3, r3, lsl #3
 8006ee6:	ea43 7352 	orr.w	r3, r3, r2, lsr #29
 8006eea:	ea4f 02c2 	mov.w	r2, r2, lsl #3
 8006eee:	ea5f 1c1c 	movs.w	ip, ip, lsr #4
 8006ef2:	d1c0      	bne.n	8006e76 <__aeabi_ddiv+0x82>
 8006ef4:	f411 1f80 	tst.w	r1, #1048576	@ 0x100000
 8006ef8:	d10b      	bne.n	8006f12 <__aeabi_ddiv+0x11e>
 8006efa:	ea41 0100 	orr.w	r1, r1, r0
 8006efe:	f04f 0000 	mov.w	r0, #0
 8006f02:	f04f 4c00 	mov.w	ip, #2147483648	@ 0x80000000
 8006f06:	e7b6      	b.n	8006e76 <__aeabi_ddiv+0x82>
 8006f08:	f411 1f80 	tst.w	r1, #1048576	@ 0x100000
 8006f0c:	bf04      	itt	eq
 8006f0e:	4301      	orreq	r1, r0
 8006f10:	2000      	moveq	r0, #0
 8006f12:	f1b4 0cfd 	subs.w	ip, r4, #253	@ 0xfd
 8006f16:	bf88      	it	hi
 8006f18:	f5bc 6fe0 	cmphi.w	ip, #1792	@ 0x700
 8006f1c:	f63f aeaf 	bhi.w	8006c7e <__aeabi_dmul+0xde>
 8006f20:	ebb5 0c03 	subs.w	ip, r5, r3
 8006f24:	bf04      	itt	eq
 8006f26:	ebb6 0c02 	subseq.w	ip, r6, r2
 8006f2a:	ea5f 0c50 	movseq.w	ip, r0, lsr #1
 8006f2e:	f150 0000 	adcs.w	r0, r0, #0
 8006f32:	eb41 5104 	adc.w	r1, r1, r4, lsl #20
 8006f36:	bd70      	pop	{r4, r5, r6, pc}
 8006f38:	f00e 4e00 	and.w	lr, lr, #2147483648	@ 0x80000000
 8006f3c:	ea4e 3111 	orr.w	r1, lr, r1, lsr #12
 8006f40:	eb14 045c 	adds.w	r4, r4, ip, lsr #1
 8006f44:	bfc2      	ittt	gt
 8006f46:	ebd4 050c 	rsbsgt	r5, r4, ip
 8006f4a:	ea41 5104 	orrgt.w	r1, r1, r4, lsl #20
 8006f4e:	bd70      	popgt	{r4, r5, r6, pc}
 8006f50:	f441 1180 	orr.w	r1, r1, #1048576	@ 0x100000
 8006f54:	f04f 0e00 	mov.w	lr, #0
 8006f58:	3c01      	subs	r4, #1
 8006f5a:	e690      	b.n	8006c7e <__aeabi_dmul+0xde>
 8006f5c:	ea45 0e06 	orr.w	lr, r5, r6
 8006f60:	e68d      	b.n	8006c7e <__aeabi_dmul+0xde>
 8006f62:	ea0c 5513 	and.w	r5, ip, r3, lsr #20
 8006f66:	ea94 0f0c 	teq	r4, ip
 8006f6a:	bf08      	it	eq
 8006f6c:	ea95 0f0c 	teqeq	r5, ip
 8006f70:	f43f af3b 	beq.w	8006dea <__aeabi_dmul+0x24a>
 8006f74:	ea94 0f0c 	teq	r4, ip
 8006f78:	d10a      	bne.n	8006f90 <__aeabi_ddiv+0x19c>
 8006f7a:	ea50 3401 	orrs.w	r4, r0, r1, lsl #12
 8006f7e:	f47f af34 	bne.w	8006dea <__aeabi_dmul+0x24a>
 8006f82:	ea95 0f0c 	teq	r5, ip
 8006f86:	f47f af25 	bne.w	8006dd4 <__aeabi_dmul+0x234>
 8006f8a:	4610      	mov	r0, r2
 8006f8c:	4619      	mov	r1, r3
 8006f8e:	e72c      	b.n	8006dea <__aeabi_dmul+0x24a>
 8006f90:	ea95 0f0c 	teq	r5, ip
 8006f94:	d106      	bne.n	8006fa4 <__aeabi_ddiv+0x1b0>
 8006f96:	ea52 3503 	orrs.w	r5, r2, r3, lsl #12
 8006f9a:	f43f aefd 	beq.w	8006d98 <__aeabi_dmul+0x1f8>
 8006f9e:	4610      	mov	r0, r2
 8006fa0:	4619      	mov	r1, r3
 8006fa2:	e722      	b.n	8006dea <__aeabi_dmul+0x24a>
 8006fa4:	ea50 0641 	orrs.w	r6, r0, r1, lsl #1
 8006fa8:	bf18      	it	ne
 8006faa:	ea52 0643 	orrsne.w	r6, r2, r3, lsl #1
 8006fae:	f47f aec5 	bne.w	8006d3c <__aeabi_dmul+0x19c>
 8006fb2:	ea50 0441 	orrs.w	r4, r0, r1, lsl #1
 8006fb6:	f47f af0d 	bne.w	8006dd4 <__aeabi_dmul+0x234>
 8006fba:	ea52 0543 	orrs.w	r5, r2, r3, lsl #1
 8006fbe:	f47f aeeb 	bne.w	8006d98 <__aeabi_dmul+0x1f8>
 8006fc2:	e712      	b.n	8006dea <__aeabi_dmul+0x24a>

08006fc4 <__gedf2>:
 8006fc4:	f04f 3cff 	mov.w	ip, #4294967295	@ 0xffffffff
 8006fc8:	e006      	b.n	8006fd8 <__cmpdf2+0x4>
 8006fca:	bf00      	nop

08006fcc <__ledf2>:
 8006fcc:	f04f 0c01 	mov.w	ip, #1
 8006fd0:	e002      	b.n	8006fd8 <__cmpdf2+0x4>
 8006fd2:	bf00      	nop

08006fd4 <__cmpdf2>:
 8006fd4:	f04f 0c01 	mov.w	ip, #1
 8006fd8:	f84d cd04 	str.w	ip, [sp, #-4]!
 8006fdc:	ea4f 0c41 	mov.w	ip, r1, lsl #1
 8006fe0:	ea7f 5c6c 	mvns.w	ip, ip, asr #21
 8006fe4:	ea4f 0c43 	mov.w	ip, r3, lsl #1
 8006fe8:	bf18      	it	ne
 8006fea:	ea7f 5c6c 	mvnsne.w	ip, ip, asr #21
 8006fee:	d01b      	beq.n	8007028 <__cmpdf2+0x54>
 8006ff0:	b001      	add	sp, #4
 8006ff2:	ea50 0c41 	orrs.w	ip, r0, r1, lsl #1
 8006ff6:	bf0c      	ite	eq
 8006ff8:	ea52 0c43 	orrseq.w	ip, r2, r3, lsl #1
 8006ffc:	ea91 0f03 	teqne	r1, r3
 8007000:	bf02      	ittt	eq
 8007002:	ea90 0f02 	teqeq	r0, r2
 8007006:	2000      	moveq	r0, #0
 8007008:	4770      	bxeq	lr
 800700a:	f110 0f00 	cmn.w	r0, #0
 800700e:	ea91 0f03 	teq	r1, r3
 8007012:	bf58      	it	pl
 8007014:	4299      	cmppl	r1, r3
 8007016:	bf08      	it	eq
 8007018:	4290      	cmpeq	r0, r2
 800701a:	bf2c      	ite	cs
 800701c:	17d8      	asrcs	r0, r3, #31
 800701e:	ea6f 70e3 	mvncc.w	r0, r3, asr #31
 8007022:	f040 0001 	orr.w	r0, r0, #1
 8007026:	4770      	bx	lr
 8007028:	ea4f 0c41 	mov.w	ip, r1, lsl #1
 800702c:	ea7f 5c6c 	mvns.w	ip, ip, asr #21
 8007030:	d102      	bne.n	8007038 <__cmpdf2+0x64>
 8007032:	ea50 3c01 	orrs.w	ip, r0, r1, lsl #12
 8007036:	d107      	bne.n	8007048 <__cmpdf2+0x74>
 8007038:	ea4f 0c43 	mov.w	ip, r3, lsl #1
 800703c:	ea7f 5c6c 	mvns.w	ip, ip, asr #21
 8007040:	d1d6      	bne.n	8006ff0 <__cmpdf2+0x1c>
 8007042:	ea52 3c03 	orrs.w	ip, r2, r3, lsl #12
 8007046:	d0d3      	beq.n	8006ff0 <__cmpdf2+0x1c>
 8007048:	f85d 0b04 	ldr.w	r0, [sp], #4
 800704c:	4770      	bx	lr
 800704e:	bf00      	nop

08007050 <__aeabi_cdrcmple>:
 8007050:	4684      	mov	ip, r0
 8007052:	4610      	mov	r0, r2
 8007054:	4662      	mov	r2, ip
 8007056:	468c      	mov	ip, r1
 8007058:	4619      	mov	r1, r3
 800705a:	4663      	mov	r3, ip
 800705c:	e000      	b.n	8007060 <__aeabi_cdcmpeq>
 800705e:	bf00      	nop

08007060 <__aeabi_cdcmpeq>:
 8007060:	b501      	push	{r0, lr}
 8007062:	f7ff ffb7 	bl	8006fd4 <__cmpdf2>
 8007066:	2800      	cmp	r0, #0
 8007068:	bf48      	it	mi
 800706a:	f110 0f00 	cmnmi.w	r0, #0
 800706e:	bd01      	pop	{r0, pc}

08007070 <__aeabi_dcmpeq>:
 8007070:	f84d ed08 	str.w	lr, [sp, #-8]!
 8007074:	f7ff fff4 	bl	8007060 <__aeabi_cdcmpeq>
 8007078:	bf0c      	ite	eq
 800707a:	2001      	moveq	r0, #1
 800707c:	2000      	movne	r0, #0
 800707e:	f85d fb08 	ldr.w	pc, [sp], #8
 8007082:	bf00      	nop

08007084 <__aeabi_dcmplt>:
 8007084:	f84d ed08 	str.w	lr, [sp, #-8]!
 8007088:	f7ff ffea 	bl	8007060 <__aeabi_cdcmpeq>
 800708c:	bf34      	ite	cc
 800708e:	2001      	movcc	r0, #1
 8007090:	2000      	movcs	r0, #0
 8007092:	f85d fb08 	ldr.w	pc, [sp], #8
 8007096:	bf00      	nop

08007098 <__aeabi_dcmple>:
 8007098:	f84d ed08 	str.w	lr, [sp, #-8]!
 800709c:	f7ff ffe0 	bl	8007060 <__aeabi_cdcmpeq>
 80070a0:	bf94      	ite	ls
 80070a2:	2001      	movls	r0, #1
 80070a4:	2000      	movhi	r0, #0
 80070a6:	f85d fb08 	ldr.w	pc, [sp], #8
 80070aa:	bf00      	nop

080070ac <__aeabi_dcmpge>:
 80070ac:	f84d ed08 	str.w	lr, [sp, #-8]!
 80070b0:	f7ff ffce 	bl	8007050 <__aeabi_cdrcmple>
 80070b4:	bf94      	ite	ls
 80070b6:	2001      	movls	r0, #1
 80070b8:	2000      	movhi	r0, #0
 80070ba:	f85d fb08 	ldr.w	pc, [sp], #8
 80070be:	bf00      	nop

080070c0 <__aeabi_dcmpgt>:
 80070c0:	f84d ed08 	str.w	lr, [sp, #-8]!
 80070c4:	f7ff ffc4 	bl	8007050 <__aeabi_cdrcmple>
 80070c8:	bf34      	ite	cc
 80070ca:	2001      	movcc	r0, #1
 80070cc:	2000      	movcs	r0, #0
 80070ce:	f85d fb08 	ldr.w	pc, [sp], #8
 80070d2:	bf00      	nop

080070d4 <__aeabi_dcmpun>:
 80070d4:	ea4f 0c41 	mov.w	ip, r1, lsl #1
 80070d8:	ea7f 5c6c 	mvns.w	ip, ip, asr #21
 80070dc:	d102      	bne.n	80070e4 <__aeabi_dcmpun+0x10>
 80070de:	ea50 3c01 	orrs.w	ip, r0, r1, lsl #12
 80070e2:	d10a      	bne.n	80070fa <__aeabi_dcmpun+0x26>
 80070e4:	ea4f 0c43 	mov.w	ip, r3, lsl #1
 80070e8:	ea7f 5c6c 	mvns.w	ip, ip, asr #21
 80070ec:	d102      	bne.n	80070f4 <__aeabi_dcmpun+0x20>
 80070ee:	ea52 3c03 	orrs.w	ip, r2, r3, lsl #12
 80070f2:	d102      	bne.n	80070fa <__aeabi_dcmpun+0x26>
 80070f4:	f04f 0000 	mov.w	r0, #0
 80070f8:	4770      	bx	lr
 80070fa:	f04f 0001 	mov.w	r0, #1
 80070fe:	4770      	bx	lr

08007100 <__aeabi_d2iz>:
 8007100:	ea4f 0241 	mov.w	r2, r1, lsl #1
 8007104:	f512 1200 	adds.w	r2, r2, #2097152	@ 0x200000
 8007108:	d215      	bcs.n	8007136 <__aeabi_d2iz+0x36>
 800710a:	d511      	bpl.n	8007130 <__aeabi_d2iz+0x30>
 800710c:	f46f 7378 	mvn.w	r3, #992	@ 0x3e0
 8007110:	ebb3 5262 	subs.w	r2, r3, r2, asr #21
 8007114:	d912      	bls.n	800713c <__aeabi_d2iz+0x3c>
 8007116:	ea4f 23c1 	mov.w	r3, r1, lsl #11
 800711a:	f043 4300 	orr.w	r3, r3, #2147483648	@ 0x80000000
 800711e:	ea43 5350 	orr.w	r3, r3, r0, lsr #21
 8007122:	f011 4f00 	tst.w	r1, #2147483648	@ 0x80000000
 8007126:	fa23 f002 	lsr.w	r0, r3, r2
 800712a:	bf18      	it	ne
 800712c:	4240      	negne	r0, r0
 800712e:	4770      	bx	lr
 8007130:	f04f 0000 	mov.w	r0, #0
 8007134:	4770      	bx	lr
 8007136:	ea50 3001 	orrs.w	r0, r0, r1, lsl #12
 800713a:	d105      	bne.n	8007148 <__aeabi_d2iz+0x48>
 800713c:	f011 4000 	ands.w	r0, r1, #2147483648	@ 0x80000000
 8007140:	bf08      	it	eq
 8007142:	f06f 4000 	mvneq.w	r0, #2147483648	@ 0x80000000
 8007146:	4770      	bx	lr
 8007148:	f04f 0000 	mov.w	r0, #0
 800714c:	4770      	bx	lr
 800714e:	bf00      	nop

08007150 <_close>:
 8007150:	4b02      	ldr	r3, [pc, #8]	@ (800715c <_close+0xc>)
 8007152:	2258      	movs	r2, #88	@ 0x58
 8007154:	601a      	str	r2, [r3, #0]
 8007156:	f04f 30ff 	mov.w	r0, #4294967295	@ 0xffffffff
 800715a:	4770      	bx	lr
 800715c:	20000830 	.word	0x20000830

08007160 <_fstat>:
 8007160:	4b02      	ldr	r3, [pc, #8]	@ (800716c <_fstat+0xc>)
 8007162:	2258      	movs	r2, #88	@ 0x58
 8007164:	601a      	str	r2, [r3, #0]
 8007166:	f04f 30ff 	mov.w	r0, #4294967295	@ 0xffffffff
 800716a:	4770      	bx	lr
 800716c:	20000830 	.word	0x20000830

08007170 <_getpid>:
 8007170:	4b02      	ldr	r3, [pc, #8]	@ (800717c <_getpid+0xc>)
 8007172:	2258      	movs	r2, #88	@ 0x58
 8007174:	601a      	str	r2, [r3, #0]
 8007176:	f04f 30ff 	mov.w	r0, #4294967295	@ 0xffffffff
 800717a:	4770      	bx	lr
 800717c:	20000830 	.word	0x20000830

08007180 <_isatty>:
 8007180:	4b02      	ldr	r3, [pc, #8]	@ (800718c <_isatty+0xc>)
 8007182:	2258      	movs	r2, #88	@ 0x58
 8007184:	601a      	str	r2, [r3, #0]
 8007186:	2000      	movs	r0, #0
 8007188:	4770      	bx	lr
 800718a:	bf00      	nop
 800718c:	20000830 	.word	0x20000830

08007190 <_kill>:
 8007190:	4b02      	ldr	r3, [pc, #8]	@ (800719c <_kill+0xc>)
 8007192:	2258      	movs	r2, #88	@ 0x58
 8007194:	601a      	str	r2, [r3, #0]
 8007196:	f04f 30ff 	mov.w	r0, #4294967295	@ 0xffffffff
 800719a:	4770      	bx	lr
 800719c:	20000830 	.word	0x20000830

080071a0 <_lseek>:
 80071a0:	4b02      	ldr	r3, [pc, #8]	@ (80071ac <_lseek+0xc>)
 80071a2:	2258      	movs	r2, #88	@ 0x58
 80071a4:	601a      	str	r2, [r3, #0]
 80071a6:	f04f 30ff 	mov.w	r0, #4294967295	@ 0xffffffff
 80071aa:	4770      	bx	lr
 80071ac:	20000830 	.word	0x20000830

080071b0 <_read>:
 80071b0:	4b02      	ldr	r3, [pc, #8]	@ (80071bc <_read+0xc>)
 80071b2:	2258      	movs	r2, #88	@ 0x58
 80071b4:	601a      	str	r2, [r3, #0]
 80071b6:	f04f 30ff 	mov.w	r0, #4294967295	@ 0xffffffff
 80071ba:	4770      	bx	lr
 80071bc:	20000830 	.word	0x20000830

080071c0 <_write>:
 80071c0:	4b02      	ldr	r3, [pc, #8]	@ (80071cc <_write+0xc>)
 80071c2:	2258      	movs	r2, #88	@ 0x58
 80071c4:	601a      	str	r2, [r3, #0]
 80071c6:	f04f 30ff 	mov.w	r0, #4294967295	@ 0xffffffff
 80071ca:	4770      	bx	lr
 80071cc:	20000830 	.word	0x20000830

080071d0 <_exit>:
 80071d0:	e7fe      	b.n	80071d0 <_exit>
 80071d2:	bf00      	nop
 80071d4:	54524155 	.word	0x54524155
 80071d8:	61657220 	.word	0x61657220
 80071dc:	40207964 	.word	0x40207964
 80071e0:	32353131 	.word	0x32353131
 80071e4:	000d3030 	.word	0x000d3030
 80071e8:	41432049 	.word	0x41432049
 80071ec:	4f4d204e 	.word	0x4f4d204e
 80071f0:	00455352 	.word	0x00455352
 80071f4:	31206e6f 	.word	0x31206e6f
 80071f8:	00202c75 	.word	0x00202c75
 80071fc:	33206e6f 	.word	0x33206e6f
 8007200:	00202c75 	.word	0x00202c75
 8007204:	2066666f 	.word	0x2066666f
 8007208:	202c7531 	.word	0x202c7531
 800720c:	00000000 	.word	0x00000000
 8007210:	75746572 	.word	0x75746572
 8007214:	202c6e72 	.word	0x202c6e72
 8007218:	00000000 	.word	0x00000000
 800721c:	2066666f 	.word	0x2066666f
 8007220:	202c7537 	.word	0x202c7537
 8007224:	00000000 	.word	0x00000000
 8007228:	2066666f 	.word	0x2066666f
 800722c:	202c7533 	.word	0x202c7533
 8007230:	00000000 	.word	0x00000000
 8007234:	2066666f 	.word	0x2066666f
 8007238:	2c753035 	.word	0x2c753035
 800723c:	00000020 	.word	0x00000020
 8007240:	2d2d2d2d 	.word	0x2d2d2d2d
 8007244:	0000002d 	.word	0x0000002d
 8007248:	2d2d2d2e 	.word	0x2d2d2d2e
 800724c:	0000002d 	.word	0x0000002d
 8007250:	2d2d2e2e 	.word	0x2d2d2e2e
 8007254:	0000002d 	.word	0x0000002d
 8007258:	2d2e2e2e 	.word	0x2d2e2e2e
 800725c:	0000002d 	.word	0x0000002d
 8007260:	2e2e2e2e 	.word	0x2e2e2e2e
 8007264:	0000002d 	.word	0x0000002d
 8007268:	2e2e2e2e 	.word	0x2e2e2e2e
 800726c:	0000002e 	.word	0x0000002e
 8007270:	2e2e2e2d 	.word	0x2e2e2e2d
 8007274:	0000002e 	.word	0x0000002e
 8007278:	2e2e2d2d 	.word	0x2e2e2d2d
 800727c:	0000002e 	.word	0x0000002e
 8007280:	2e2d2d2d 	.word	0x2e2d2d2d
 8007284:	0000002e 	.word	0x0000002e
 8007288:	2d2d2d2d 	.word	0x2d2d2d2d
 800728c:	0000002e 	.word	0x0000002e
 8007290:	00002d2e 	.word	0x00002d2e
 8007294:	2e2e2e2d 	.word	0x2e2e2e2d
 8007298:	00000000 	.word	0x00000000
 800729c:	2e2d2e2d 	.word	0x2e2d2e2d
 80072a0:	00000000 	.word	0x00000000
 80072a4:	002e2e2d 	.word	0x002e2e2d
 80072a8:	2e2d2e2e 	.word	0x2e2d2e2e
 80072ac:	00000000 	.word	0x00000000
 80072b0:	002e2d2d 	.word	0x002e2d2d
 80072b4:	2e2e2e2e 	.word	0x2e2e2e2e
 80072b8:	00000000 	.word	0x00000000
 80072bc:	00002e2e 	.word	0x00002e2e
 80072c0:	2d2d2d2e 	.word	0x2d2d2d2e
 80072c4:	00000000 	.word	0x00000000
 80072c8:	002d2e2d 	.word	0x002d2e2d
 80072cc:	2e2e2d2e 	.word	0x2e2e2d2e
 80072d0:	00000000 	.word	0x00000000
 80072d4:	00002d2d 	.word	0x00002d2d
 80072d8:	00002e2d 	.word	0x00002e2d
 80072dc:	002d2d2d 	.word	0x002d2d2d
 80072e0:	2e2d2d2e 	.word	0x2e2d2d2e
 80072e4:	00000000 	.word	0x00000000
 80072e8:	2d2e2d2d 	.word	0x2d2e2d2d
 80072ec:	00000000 	.word	0x00000000
 80072f0:	002e2d2e 	.word	0x002e2d2e
 80072f4:	002e2e2e 	.word	0x002e2e2e
 80072f8:	002d2e2e 	.word	0x002d2e2e
 80072fc:	2d2e2e2e 	.word	0x2d2e2e2e
 8007300:	00000000 	.word	0x00000000
 8007304:	002d2d2e 	.word	0x002d2d2e
 8007308:	2d2e2e2d 	.word	0x2d2e2e2d
 800730c:	00000000 	.word	0x00000000
 8007310:	2d2d2e2d 	.word	0x2d2d2e2d
 8007314:	00000000 	.word	0x00000000
 8007318:	2e2e2d2d 	.word	0x2e2e2d2d
 800731c:	00000000 	.word	0x00000000
 8007320:	0000000a 	.word	0x0000000a
 8007324:	00464e49 	.word	0x00464e49
 8007328:	00666e69 	.word	0x00666e69
 800732c:	004e414e 	.word	0x004e414e
 8007330:	006e616e 	.word	0x006e616e
 8007334:	33323130 	.word	0x33323130
 8007338:	37363534 	.word	0x37363534
 800733c:	42413938 	.word	0x42413938
 8007340:	46454443 	.word	0x46454443
 8007344:	00000000 	.word	0x00000000
 8007348:	33323130 	.word	0x33323130
 800734c:	37363534 	.word	0x37363534
 8007350:	62613938 	.word	0x62613938
 8007354:	66656463 	.word	0x66656463
 8007358:	00000000 	.word	0x00000000
 800735c:	6c756e28 	.word	0x6c756e28
 8007360:	0000296c 	.word	0x0000296c
 8007364:	00000030 	.word	0x00000030
 8007368:	69666e49 	.word	0x69666e49
 800736c:	7974696e 	.word	0x7974696e
 8007370:	00000000 	.word	0x00000000
 8007374:	004e614e 	.word	0x004e614e
 8007378:	6c6c6142 	.word	0x6c6c6142
 800737c:	7320636f 	.word	0x7320636f
 8007380:	65636375 	.word	0x65636375
 8007384:	64656465 	.word	0x64656465
 8007388:	00000000 	.word	0x00000000
 800738c:	2e2f2e2e 	.word	0x2e2f2e2e
 8007390:	2e2e2f2e 	.word	0x2e2e2f2e
 8007394:	2f2e2e2f 	.word	0x2f2e2e2f
 8007398:	2e2f2e2e 	.word	0x2e2f2e2e
 800739c:	656e2f2e 	.word	0x656e2f2e
 80073a0:	62696c77 	.word	0x62696c77
 80073a4:	62696c2f 	.word	0x62696c2f
 80073a8:	74732f63 	.word	0x74732f63
 80073ac:	62696c64 	.word	0x62696c64
 80073b0:	6f74642f 	.word	0x6f74642f
 80073b4:	00632e61 	.word	0x00632e61
 80073b8:	7566202c 	.word	0x7566202c
 80073bc:	6974636e 	.word	0x6974636e
 80073c0:	203a6e6f 	.word	0x203a6e6f
 80073c4:	00000000 	.word	0x00000000
 80073c8:	65737361 	.word	0x65737361
 80073cc:	6f697472 	.word	0x6f697472
 80073d0:	2522206e 	.word	0x2522206e
 80073d4:	66202273 	.word	0x66202273
 80073d8:	656c6961 	.word	0x656c6961
 80073dc:	66203a64 	.word	0x66203a64
 80073e0:	20656c69 	.word	0x20656c69
 80073e4:	22732522 	.word	0x22732522
 80073e8:	696c202c 	.word	0x696c202c
 80073ec:	2520656e 	.word	0x2520656e
 80073f0:	25732564 	.word	0x25732564
 80073f4:	00000a73 	.word	0x00000a73
 80073f8:	2e2f2e2e 	.word	0x2e2f2e2e
 80073fc:	2e2e2f2e 	.word	0x2e2e2f2e
 8007400:	2f2e2e2f 	.word	0x2f2e2e2f
 8007404:	2e2f2e2e 	.word	0x2e2f2e2e
 8007408:	656e2f2e 	.word	0x656e2f2e
 800740c:	62696c77 	.word	0x62696c77
 8007410:	62696c2f 	.word	0x62696c2f
 8007414:	74732f63 	.word	0x74732f63
 8007418:	62696c64 	.word	0x62696c64
 800741c:	72706d2f 	.word	0x72706d2f
 8007420:	632e6365 	.word	0x632e6365
 8007424:	00000000 	.word	0x00000000
 8007428:	00000043 	.word	0x00000043
 800742c:	49534f50 	.word	0x49534f50
 8007430:	00000058 	.word	0x00000058

08007434 <MORSE_ALPHABET>:
	...
 80074b4:	0800723c 00000000 00000000 00000000     <r..............
	...
 80074f4:	08007240 08007248 08007250 08007258     @r..Hr..Pr..Xr..
 8007504:	08007260 08007268 08007270 08007278     `r..hr..pr..xr..
 8007514:	08007280 08007288 00000000 00000000     .r...r..........
	...
 8007538:	08007290 08007294 0800729c 080072a4     .r...r...r...r..
 8007548:	0800728c 080072a8 080072b0 080072b4     .r...r...r...r..
 8007558:	080072bc 080072c0 080072c8 080072cc     .r...r...r...r..
 8007568:	080072d4 080072d8 080072dc 080072e0     .r...r...r...r..
 8007578:	080072e8 080072f0 080072f4 08007244     .r...r...r..Dr..
 8007588:	080072f8 080072fc 08007304 08007308     .r...r...s...s..
 8007598:	08007310 08007318                       .s...s..

080075a0 <blanks.1>:
 80075a0:	20202020 20202020 20202020 20202020                     

080075b0 <zeroes.0>:
 80075b0:	30303030 30303030 30303030 30303030     0000000000000000

080075c0 <p05.0>:
 80075c0:	00000005 00000019 0000007d 00000000     ........}.......

080075d0 <__mprec_tens>:
 80075d0:	00000000 3ff00000 00000000 40240000     .......?......$@
 80075e0:	00000000 40590000 00000000 408f4000     ......Y@.....@.@
 80075f0:	00000000 40c38800 00000000 40f86a00     .......@.....j.@
 8007600:	00000000 412e8480 00000000 416312d0     .......A......cA
 8007610:	00000000 4197d784 00000000 41cdcd65     .......A....e..A
 8007620:	20000000 4202a05f e8000000 42374876     ... _..B....vH7B
 8007630:	a2000000 426d1a94 e5400000 42a2309c     ......mB..@..0.B
 8007640:	1e900000 42d6bcc4 26340000 430c6bf5     .......B..4&.k.C
 8007650:	37e08000 4341c379 85d8a000 43763457     ...7y.AC....W4vC
 8007660:	674ec800 43abc16d 60913d00 43e158e4     ..Ngm..C.=.`.X.C
 8007670:	78b58c40 4415af1d d6e2ef50 444b1ae4     @..x...DP.....KD
 8007680:	064dd592 4480f0cf c7e14af6 44b52d02     ..M....D.J...-.D
 8007690:	79d99db4 44ea7843                       ...yCx.D

08007698 <__mprec_tinytens>:
 8007698:	97d889bc 3c9cd2b2 d5a8a733 3949f623     .......<3...#.I9
 80076a8:	44f4a73d 32a50ffd cf8c979d 255bba08     =..D...2......[%
 80076b8:	64ac6f43 0ac80628                       Co.d(...

080076c0 <__mprec_bigtens>:
 80076c0:	37e08000 4341c379 b5056e17 4693b8b5     ...7y.AC.n.....F
 80076d0:	e93ff9f5 4d384f03 f9301d32 5a827748     ..?..O8M2.0.Hw.Z
 80076e0:	7f73bf3c 75154fdd                       <.s..O.u

080076e8 <_ctype_>:
 80076e8:	20202000 20202020 28282020 20282828     .         ((((( 
 80076f8:	20202020 20202020 20202020 20202020                     
 8007708:	10108820 10101010 10101010 10101010      ...............
 8007718:	04040410 04040404 10040404 10101010     ................
 8007728:	41411010 41414141 01010101 01010101     ..AAAAAA........
 8007738:	01010101 01010101 01010101 10101010     ................
 8007748:	42421010 42424242 02020202 02020202     ..BBBBBB........
 8007758:	02020202 02020202 02020202 10101010     ................
 8007768:	00000020 00000000 00000000 00000000      ...............
	...

080077ec <blanks.1>:
 80077ec:	20202020 20202020 20202020 20202020                     

080077fc <zeroes.0>:
 80077fc:	30303030 30303030 30303030 30303030     0000000000000000
